Fecha,Producto bruto interno (millones US$) - PBI (millones US$)
T194,9473
T294,10607
T394,10668
T494,11972
T195,12096
T295,13191
T395,13040
T495,13080
T196,12761
T296,13973
T396,13259
T496,13419
T197,12964
T297,14645
T397,14303
T497,14391
T198,13660
T298,14407
T398,13381
T498,12584
T199,11570
T299,12667
T399,11934
T499,12554
T100,12431
T200,13242
T300,12428
T400,12331
T101,11854
T201,13160
T301,12743
T401,13292
T102,12765
T202,14499
T302,12987
T402,13738
T103,13787
T203,15496
T303,14335
T403,14928
T104,15233
T204,17316
T304,16045
T404,17561
T105,17283
T205,19655
T305,18248
T405,19055
T106,19607
T206,22585
T306,22112
T406,23263
T107,23004
T207,25423
T307,25613
T407,28347
T108,28394
T208,32430
T308,31074
T408,29232
T109,26498
T209,30250
T309,31323
T409,34629
T110,33268
T210,37328
T310,38161
T410,40623
T111,39032
T211,42365
T311,43708
T411,45710
T112,44129
T212,47430
T312,49482
T412,52203
T113,49166
T213,51334
T313,50062
T413,52532
T114,48142
T214,51359
T314,52205
T414,52533
T115,46474
T215,49100
T315,48680
T415,50167
T116,45181
T216,50043
T316,51134
T416,52865
T117,50443
T217,54203
T317,56302
T417,58794
T118,54311
T218,58655
T318,57284
T418,59641
T119,54548
T219,59564
T319,60013
T419,62395
T120,52942
T220,41508
T320,54007
T420,61259
T121,55086
T221,57233
T321,56798
T421,60787
T122,57487
T222,62171
T322,62093
T422,66837
T123,61538
T223,67922
T323,70274
T423,72667
T124,66375
T224,73424
T324,75868
T424,80196
T125,74242
T225,81366
T325,87907
T425,98409
T126,93329
T226,95739
