Fecha,Indicadores de riesgo para países emergentes: EMBIG - Diferencial de Rendimientos del Índice de Bonos de Mercados Emergentes (EMBIG) - Perú,fecha_carga
Ago06,173,2025-06-09
Sep06,172,2025-06-09
Oct06,148,2025-06-09
Nov06,147,2025-06-09
Dic06,131,2025-06-09
Ene07,122,2025-06-09
Feb07,127,2025-06-09
Mar07,132,2025-06-09
Abr07,118,2025-06-09
May07,110,2025-06-09
Jun07,104,2025-06-09
Jul07,129,2025-06-09
Ago07,169,2025-06-09
Sep07,156,2025-06-09
Oct07,138,2025-06-09
Nov07,175,2025-06-09
Dic07,174,2025-06-09
Ene08,195,2025-06-09
Feb08,209,2025-06-09
Mar08,222,2025-06-09
Abr08,182,2025-06-09
May08,154,2025-06-09
Jun08,160,2025-06-09
Jul08,198,2025-06-09
Ago08,195,2025-06-09
Sep08,255,2025-06-09
Oct08,500,2025-06-09
Nov08,484,2025-06-09
Dic08,523,2025-06-09
Ene09,463,2025-06-09
Feb09,419,2025-06-09
Mar09,409,2025-06-09
Abr09,360,2025-06-09
May09,292,2025-06-09
Jun09,258,2025-06-09
Jul09,274,2025-06-09
Ago09,240,2025-06-09
Sep09,226,2025-06-09
Oct09,195,2025-06-09
Nov09,190,2025-06-09
Dic09,179,2025-06-09
Ene10,178,2025-06-09
Feb10,200,2025-06-09
Mar10,158,2025-06-09
Abr10,144,2025-06-09
May10,202,2025-06-09
Jun10,207,2025-06-09
Jul10,187,2025-06-09
Ago10,157,2025-06-09
Sep10,167,2025-06-09
Oct10,157,2025-06-09
Nov10,152,2025-06-09
Dic10,157,2025-06-09
Ene11,146,2025-06-09
Feb11,146,2025-06-09
Mar11,157,2025-06-09
Abr11,193,2025-06-09
May11,187,2025-06-09
Jun11,192,2025-06-09
Jul11,171,2025-06-09
Ago11,200,2025-06-09
Sep11,237,2025-06-09
Oct11,232,2025-06-09
Nov11,214,2025-06-09
Dic11,216,2025-06-09
Ene12,219,2025-06-09
Feb12,199,2025-06-09
Mar12,166,2025-06-09
Abr12,164,2025-06-09
May12,181,2025-06-09
Jun12,188,2025-06-09
Jul12,163,2025-06-09
Ago12,133,2025-06-09
Sep12,124,2025-06-09
Oct12,108,2025-06-09
Nov12,123,2025-06-09
Dic12,117,2025-06-09
Ene13,110,2025-06-09
Feb13,127,2025-06-09
Mar13,140,2025-06-09
Abr13,133,2025-06-09
May13,134,2025-06-09
Jun13,180,2025-06-09
Jul13,176,2025-06-09
Ago13,191,2025-06-09
Sep13,183,2025-06-09
Oct13,173,2025-06-09
Nov13,183,2025-06-09
Dic13,177,2025-06-09
Ene14,176,2025-06-09
Feb14,182,2025-06-09
Mar14,167,2025-06-09
Abr14,154,2025-06-09
May14,149,2025-06-09
Jun14,145,2025-06-09
Jul14,146,2025-06-09
Ago14,157,2025-06-09
Sep14,150,2025-06-09
Oct14,170,2025-06-09
Nov14,165,2025-06-09
Dic14,182,2025-06-09
Ene15,201,2025-06-09
Feb15,183,2025-06-09
Mar15,184,2025-06-09
Abr15,177,2025-06-09
May15,166,2025-06-09
Jun15,177,2025-06-09
Jul15,187,2025-06-09
Ago15,217,2025-06-09
Sep15,234,2025-06-09
Oct15,226,2025-06-09
Nov15,219,2025-06-09
Dic15,237,2025-06-09
Ene16,267,2025-06-09
Feb16,282,2025-06-09
Mar16,227,2025-06-09
Abr16,210,2025-06-09
May16,208,2025-06-09
Jun16,210,2025-06-09
Jul16,184,2025-06-09
Ago16,170,2025-06-09
Sep16,162,2025-06-09
Oct16,147,2025-06-09
Nov16,168,2025-06-09
Dic16,165,2025-06-09
Ene17,157,2025-06-09
Feb17,152,2025-06-09
Mar17,141,2025-06-09
Abr17,149,2025-06-09
May17,141,2025-06-09
Jun17,144,2025-06-09
Jul17,142,2025-06-09
Ago17,155,2025-06-09
Sep17,144,2025-06-09
Oct17,140,2025-06-09
Nov17,139,2025-06-09
Dic17,136,2025-06-09
Ene18,117,2025-06-09
Feb18,132,2025-06-09
Mar18,147,2025-06-09
Abr18,145,2025-06-09
May18,158,2025-06-09
Jun18,163,2025-06-09
Jul18,151,2025-06-09
Ago18,149,2025-06-09
Sep18,140,2025-06-09
Oct18,143,2025-06-09
Nov18,157,2025-06-09
Dic18,165,2025-06-09
Ene19,152,2025-06-09
Feb19,140,2025-06-09
Mar19,136,2025-06-09
Abr19,122,2025-06-09
May19,136,2025-06-09
Jun19,129,2025-06-09
Jul19,116,2025-06-09
Ago19,127,2025-06-09
Sep19,116,2025-06-09
Oct19,127,2025-06-09
Nov19,127,2025-06-09
Dic19,116,2025-06-09
Ene20,114,2025-06-09
Feb20,122,2025-06-09
Mar20,249,2025-06-09
Abr20,278,2025-06-09
May20,222,2025-06-09
Jun20,180,2025-06-09
Jul20,169,2025-06-09
Ago20,146,2025-06-09
Sep20,160,2025-06-09
Oct20,150,2025-06-09
Nov20,147,2025-06-09
Dic20,143,2025-06-09
Ene21,132,2025-06-09
Feb21,138,2025-06-09
Mar21,165,2025-06-09
Abr21,165,2025-06-09
May21,164,2025-06-09
Jun21,169,2025-06-09
Jul21,170,2025-06-09
Ago21,183,2025-06-09
Sep21,174,2025-06-09
Oct21,172,2025-06-09
Nov21,179,2025-06-09
Dic21,174,2025-06-09
Ene22,177,2025-06-09
Feb22,198,2025-06-09
Mar22,201,2025-06-09
Abr22,187,2025-06-09
May22,218,2025-06-09
Jun22,214,2025-06-09
Jul22,235,2025-06-09
Ago22,211,2025-06-09
Sep22,225,2025-06-09
Oct22,243,2025-06-09
Nov22,203,2025-06-09
Dic22,196,2025-06-09
Ene23,207,2025-06-09
Feb23,192,2025-06-09
Mar23,204,2025-06-09
Abr23,202,2025-06-09
May23,197,2025-06-09
Jun23,181,2025-06-09
Jul23,169,2025-06-09
Ago23,167,2025-06-09
Sep23,169,2025-06-09
Oct23,180,2025-06-09
Nov23,175,2025-06-09
Dic23,162,2025-06-09
Ene24,170,2025-06-09
Feb24,160,2025-06-09
Mar24,153,2025-06-09
Abr24,154,2025-06-09
May24,156,2025-06-09
Jun24,161,2025-06-09
Jul24,159,2025-06-09
Ago24,170,2025-06-09
Sep24,163,2025-06-09
Oct24,154,2025-06-09
Nov24,155,2025-06-09
Dic24,154,2025-06-09
Ene25,157,2025-06-09
Feb25,158,2025-06-09
Mar25,163,2025-06-09
Abr25,178,2025-06-09
May25,159,2025-06-09
Ago06,173,2025-06-10
Sep06,172,2025-06-10
Oct06,148,2025-06-10
Nov06,147,2025-06-10
Dic06,131,2025-06-10
Ene07,122,2025-06-10
Feb07,127,2025-06-10
Mar07,132,2025-06-10
Abr07,118,2025-06-10
May07,110,2025-06-10
Jun07,104,2025-06-10
Jul07,129,2025-06-10
Ago07,169,2025-06-10
Sep07,156,2025-06-10
Oct07,138,2025-06-10
Nov07,175,2025-06-10
Dic07,174,2025-06-10
Ene08,195,2025-06-10
Feb08,209,2025-06-10
Mar08,222,2025-06-10
Abr08,182,2025-06-10
May08,154,2025-06-10
Jun08,160,2025-06-10
Jul08,198,2025-06-10
Ago08,195,2025-06-10
Sep08,255,2025-06-10
Oct08,500,2025-06-10
Nov08,484,2025-06-10
Dic08,523,2025-06-10
Ene09,463,2025-06-10
Feb09,419,2025-06-10
Mar09,409,2025-06-10
Abr09,360,2025-06-10
May09,292,2025-06-10
Jun09,258,2025-06-10
Jul09,274,2025-06-10
Ago09,240,2025-06-10
Sep09,226,2025-06-10
Oct09,195,2025-06-10
Nov09,190,2025-06-10
Dic09,179,2025-06-10
Ene10,178,2025-06-10
Feb10,200,2025-06-10
Mar10,158,2025-06-10
Abr10,144,2025-06-10
May10,202,2025-06-10
Jun10,207,2025-06-10
Jul10,187,2025-06-10
Ago10,157,2025-06-10
Sep10,167,2025-06-10
Oct10,157,2025-06-10
Nov10,152,2025-06-10
Dic10,157,2025-06-10
Ene11,146,2025-06-10
Feb11,146,2025-06-10
Mar11,157,2025-06-10
Abr11,193,2025-06-10
May11,187,2025-06-10
Jun11,192,2025-06-10
Jul11,171,2025-06-10
Ago11,200,2025-06-10
Sep11,237,2025-06-10
Oct11,232,2025-06-10
Nov11,214,2025-06-10
Dic11,216,2025-06-10
Ene12,219,2025-06-10
Feb12,199,2025-06-10
Mar12,166,2025-06-10
Abr12,164,2025-06-10
May12,181,2025-06-10
Jun12,188,2025-06-10
Jul12,163,2025-06-10
Ago12,133,2025-06-10
Sep12,124,2025-06-10
Oct12,108,2025-06-10
Nov12,123,2025-06-10
Dic12,117,2025-06-10
Ene13,110,2025-06-10
Feb13,127,2025-06-10
Mar13,140,2025-06-10
Abr13,133,2025-06-10
May13,134,2025-06-10
Jun13,180,2025-06-10
Jul13,176,2025-06-10
Ago13,191,2025-06-10
Sep13,183,2025-06-10
Oct13,173,2025-06-10
Nov13,183,2025-06-10
Dic13,177,2025-06-10
Ene14,176,2025-06-10
Feb14,182,2025-06-10
Mar14,167,2025-06-10
Abr14,154,2025-06-10
May14,149,2025-06-10
Jun14,145,2025-06-10
Jul14,146,2025-06-10
Ago14,157,2025-06-10
Sep14,150,2025-06-10
Oct14,170,2025-06-10
Nov14,165,2025-06-10
Dic14,182,2025-06-10
Ene15,201,2025-06-10
Feb15,183,2025-06-10
Mar15,184,2025-06-10
Abr15,177,2025-06-10
May15,166,2025-06-10
Jun15,177,2025-06-10
Jul15,187,2025-06-10
Ago15,217,2025-06-10
Sep15,234,2025-06-10
Oct15,226,2025-06-10
Nov15,219,2025-06-10
Dic15,237,2025-06-10
Ene16,267,2025-06-10
Feb16,282,2025-06-10
Mar16,227,2025-06-10
Abr16,210,2025-06-10
May16,208,2025-06-10
Jun16,210,2025-06-10
Jul16,184,2025-06-10
Ago16,170,2025-06-10
Sep16,162,2025-06-10
Oct16,147,2025-06-10
Nov16,168,2025-06-10
Dic16,165,2025-06-10
Ene17,157,2025-06-10
Feb17,152,2025-06-10
Mar17,141,2025-06-10
Abr17,149,2025-06-10
May17,141,2025-06-10
Jun17,144,2025-06-10
Jul17,142,2025-06-10
Ago17,155,2025-06-10
Sep17,144,2025-06-10
Oct17,140,2025-06-10
Nov17,139,2025-06-10
Dic17,136,2025-06-10
Ene18,117,2025-06-10
Feb18,132,2025-06-10
Mar18,147,2025-06-10
Abr18,145,2025-06-10
May18,158,2025-06-10
Jun18,163,2025-06-10
Jul18,151,2025-06-10
Ago18,149,2025-06-10
Sep18,140,2025-06-10
Oct18,143,2025-06-10
Nov18,157,2025-06-10
Dic18,165,2025-06-10
Ene19,152,2025-06-10
Feb19,140,2025-06-10
Mar19,136,2025-06-10
Abr19,122,2025-06-10
May19,136,2025-06-10
Jun19,129,2025-06-10
Jul19,116,2025-06-10
Ago19,127,2025-06-10
Sep19,116,2025-06-10
Oct19,127,2025-06-10
Nov19,127,2025-06-10
Dic19,116,2025-06-10
Ene20,114,2025-06-10
Feb20,122,2025-06-10
Mar20,249,2025-06-10
Abr20,278,2025-06-10
May20,222,2025-06-10
Jun20,180,2025-06-10
Jul20,169,2025-06-10
Ago20,146,2025-06-10
Sep20,160,2025-06-10
Oct20,150,2025-06-10
Nov20,147,2025-06-10
Dic20,143,2025-06-10
Ene21,132,2025-06-10
Feb21,138,2025-06-10
Mar21,165,2025-06-10
Abr21,165,2025-06-10
May21,164,2025-06-10
Jun21,169,2025-06-10
Jul21,170,2025-06-10
Ago21,183,2025-06-10
Sep21,174,2025-06-10
Oct21,172,2025-06-10
Nov21,179,2025-06-10
Dic21,174,2025-06-10
Ene22,177,2025-06-10
Feb22,198,2025-06-10
Mar22,201,2025-06-10
Abr22,187,2025-06-10
May22,218,2025-06-10
Jun22,214,2025-06-10
Jul22,235,2025-06-10
Ago22,211,2025-06-10
Sep22,225,2025-06-10
Oct22,243,2025-06-10
Nov22,203,2025-06-10
Dic22,196,2025-06-10
Ene23,207,2025-06-10
Feb23,192,2025-06-10
Mar23,204,2025-06-10
Abr23,202,2025-06-10
May23,197,2025-06-10
Jun23,181,2025-06-10
Jul23,169,2025-06-10
Ago23,167,2025-06-10
Sep23,169,2025-06-10
Oct23,180,2025-06-10
Nov23,175,2025-06-10
Dic23,162,2025-06-10
Ene24,170,2025-06-10
Feb24,160,2025-06-10
Mar24,153,2025-06-10
Abr24,154,2025-06-10
May24,156,2025-06-10
Jun24,161,2025-06-10
Jul24,159,2025-06-10
Ago24,170,2025-06-10
Sep24,163,2025-06-10
Oct24,154,2025-06-10
Nov24,155,2025-06-10
Dic24,154,2025-06-10
Ene25,157,2025-06-10
Feb25,158,2025-06-10
Mar25,163,2025-06-10
Abr25,178,2025-06-10
May25,159,2025-06-10
Ago06,173,2025-06-11
Sep06,172,2025-06-11
Oct06,148,2025-06-11
Nov06,147,2025-06-11
Dic06,131,2025-06-11
Ene07,122,2025-06-11
Feb07,127,2025-06-11
Mar07,132,2025-06-11
Abr07,118,2025-06-11
May07,110,2025-06-11
Jun07,104,2025-06-11
Jul07,129,2025-06-11
Ago07,169,2025-06-11
Sep07,156,2025-06-11
Oct07,138,2025-06-11
Nov07,175,2025-06-11
Dic07,174,2025-06-11
Ene08,195,2025-06-11
Feb08,209,2025-06-11
Mar08,222,2025-06-11
Abr08,182,2025-06-11
May08,154,2025-06-11
Jun08,160,2025-06-11
Jul08,198,2025-06-11
Ago08,195,2025-06-11
Sep08,255,2025-06-11
Oct08,500,2025-06-11
Nov08,484,2025-06-11
Dic08,523,2025-06-11
Ene09,463,2025-06-11
Feb09,419,2025-06-11
Mar09,409,2025-06-11
Abr09,360,2025-06-11
May09,292,2025-06-11
Jun09,258,2025-06-11
Jul09,274,2025-06-11
Ago09,240,2025-06-11
Sep09,226,2025-06-11
Oct09,195,2025-06-11
Nov09,190,2025-06-11
Dic09,179,2025-06-11
Ene10,178,2025-06-11
Feb10,200,2025-06-11
Mar10,158,2025-06-11
Abr10,144,2025-06-11
May10,202,2025-06-11
Jun10,207,2025-06-11
Jul10,187,2025-06-11
Ago10,157,2025-06-11
Sep10,167,2025-06-11
Oct10,157,2025-06-11
Nov10,152,2025-06-11
Dic10,157,2025-06-11
Ene11,146,2025-06-11
Feb11,146,2025-06-11
Mar11,157,2025-06-11
Abr11,193,2025-06-11
May11,187,2025-06-11
Jun11,192,2025-06-11
Jul11,171,2025-06-11
Ago11,200,2025-06-11
Sep11,237,2025-06-11
Oct11,232,2025-06-11
Nov11,214,2025-06-11
Dic11,216,2025-06-11
Ene12,219,2025-06-11
Feb12,199,2025-06-11
Mar12,166,2025-06-11
Abr12,164,2025-06-11
May12,181,2025-06-11
Jun12,188,2025-06-11
Jul12,163,2025-06-11
Ago12,133,2025-06-11
Sep12,124,2025-06-11
Oct12,108,2025-06-11
Nov12,123,2025-06-11
Dic12,117,2025-06-11
Ene13,110,2025-06-11
Feb13,127,2025-06-11
Mar13,140,2025-06-11
Abr13,133,2025-06-11
May13,134,2025-06-11
Jun13,180,2025-06-11
Jul13,176,2025-06-11
Ago13,191,2025-06-11
Sep13,183,2025-06-11
Oct13,173,2025-06-11
Nov13,183,2025-06-11
Dic13,177,2025-06-11
Ene14,176,2025-06-11
Feb14,182,2025-06-11
Mar14,167,2025-06-11
Abr14,154,2025-06-11
May14,149,2025-06-11
Jun14,145,2025-06-11
Jul14,146,2025-06-11
Ago14,157,2025-06-11
Sep14,150,2025-06-11
Oct14,170,2025-06-11
Nov14,165,2025-06-11
Dic14,182,2025-06-11
Ene15,201,2025-06-11
Feb15,183,2025-06-11
Mar15,184,2025-06-11
Abr15,177,2025-06-11
May15,166,2025-06-11
Jun15,177,2025-06-11
Jul15,187,2025-06-11
Ago15,217,2025-06-11
Sep15,234,2025-06-11
Oct15,226,2025-06-11
Nov15,219,2025-06-11
Dic15,237,2025-06-11
Ene16,267,2025-06-11
Feb16,282,2025-06-11
Mar16,227,2025-06-11
Abr16,210,2025-06-11
May16,208,2025-06-11
Jun16,210,2025-06-11
Jul16,184,2025-06-11
Ago16,170,2025-06-11
Sep16,162,2025-06-11
Oct16,147,2025-06-11
Nov16,168,2025-06-11
Dic16,165,2025-06-11
Ene17,157,2025-06-11
Feb17,152,2025-06-11
Mar17,141,2025-06-11
Abr17,149,2025-06-11
May17,141,2025-06-11
Jun17,144,2025-06-11
Jul17,142,2025-06-11
Ago17,155,2025-06-11
Sep17,144,2025-06-11
Oct17,140,2025-06-11
Nov17,139,2025-06-11
Dic17,136,2025-06-11
Ene18,117,2025-06-11
Feb18,132,2025-06-11
Mar18,147,2025-06-11
Abr18,145,2025-06-11
May18,158,2025-06-11
Jun18,163,2025-06-11
Jul18,151,2025-06-11
Ago18,149,2025-06-11
Sep18,140,2025-06-11
Oct18,143,2025-06-11
Nov18,157,2025-06-11
Dic18,165,2025-06-11
Ene19,152,2025-06-11
Feb19,140,2025-06-11
Mar19,136,2025-06-11
Abr19,122,2025-06-11
May19,136,2025-06-11
Jun19,129,2025-06-11
Jul19,116,2025-06-11
Ago19,127,2025-06-11
Sep19,116,2025-06-11
Oct19,127,2025-06-11
Nov19,127,2025-06-11
Dic19,116,2025-06-11
Ene20,114,2025-06-11
Feb20,122,2025-06-11
Mar20,249,2025-06-11
Abr20,278,2025-06-11
May20,222,2025-06-11
Jun20,180,2025-06-11
Jul20,169,2025-06-11
Ago20,146,2025-06-11
Sep20,160,2025-06-11
Oct20,150,2025-06-11
Nov20,147,2025-06-11
Dic20,143,2025-06-11
Ene21,132,2025-06-11
Feb21,138,2025-06-11
Mar21,165,2025-06-11
Abr21,165,2025-06-11
May21,164,2025-06-11
Jun21,169,2025-06-11
Jul21,170,2025-06-11
Ago21,183,2025-06-11
Sep21,174,2025-06-11
Oct21,172,2025-06-11
Nov21,179,2025-06-11
Dic21,174,2025-06-11
Ene22,177,2025-06-11
Feb22,198,2025-06-11
Mar22,201,2025-06-11
Abr22,187,2025-06-11
May22,218,2025-06-11
Jun22,214,2025-06-11
Jul22,235,2025-06-11
Ago22,211,2025-06-11
Sep22,225,2025-06-11
Oct22,243,2025-06-11
Nov22,203,2025-06-11
Dic22,196,2025-06-11
Ene23,207,2025-06-11
Feb23,192,2025-06-11
Mar23,204,2025-06-11
Abr23,202,2025-06-11
May23,197,2025-06-11
Jun23,181,2025-06-11
Jul23,169,2025-06-11
Ago23,167,2025-06-11
Sep23,169,2025-06-11
Oct23,180,2025-06-11
Nov23,175,2025-06-11
Dic23,162,2025-06-11
Ene24,170,2025-06-11
Feb24,160,2025-06-11
Mar24,153,2025-06-11
Abr24,154,2025-06-11
May24,156,2025-06-11
Jun24,161,2025-06-11
Jul24,159,2025-06-11
Ago24,170,2025-06-11
Sep24,163,2025-06-11
Oct24,154,2025-06-11
Nov24,155,2025-06-11
Dic24,154,2025-06-11
Ene25,157,2025-06-11
Feb25,158,2025-06-11
Mar25,163,2025-06-11
Abr25,178,2025-06-11
May25,159,2025-06-11
Ago06,173,2025-06-12
Sep06,172,2025-06-12
Oct06,148,2025-06-12
Nov06,147,2025-06-12
Dic06,131,2025-06-12
Ene07,122,2025-06-12
Feb07,127,2025-06-12
Mar07,132,2025-06-12
Abr07,118,2025-06-12
May07,110,2025-06-12
Jun07,104,2025-06-12
Jul07,129,2025-06-12
Ago07,169,2025-06-12
Sep07,156,2025-06-12
Oct07,138,2025-06-12
Nov07,175,2025-06-12
Dic07,174,2025-06-12
Ene08,195,2025-06-12
Feb08,209,2025-06-12
Mar08,222,2025-06-12
Abr08,182,2025-06-12
May08,154,2025-06-12
Jun08,160,2025-06-12
Jul08,198,2025-06-12
Ago08,195,2025-06-12
Sep08,255,2025-06-12
Oct08,500,2025-06-12
Nov08,484,2025-06-12
Dic08,523,2025-06-12
Ene09,463,2025-06-12
Feb09,419,2025-06-12
Mar09,409,2025-06-12
Abr09,360,2025-06-12
May09,292,2025-06-12
Jun09,258,2025-06-12
Jul09,274,2025-06-12
Ago09,240,2025-06-12
Sep09,226,2025-06-12
Oct09,195,2025-06-12
Nov09,190,2025-06-12
Dic09,179,2025-06-12
Ene10,178,2025-06-12
Feb10,200,2025-06-12
Mar10,158,2025-06-12
Abr10,144,2025-06-12
May10,202,2025-06-12
Jun10,207,2025-06-12
Jul10,187,2025-06-12
Ago10,157,2025-06-12
Sep10,167,2025-06-12
Oct10,157,2025-06-12
Nov10,152,2025-06-12
Dic10,157,2025-06-12
Ene11,146,2025-06-12
Feb11,146,2025-06-12
Mar11,157,2025-06-12
Abr11,193,2025-06-12
May11,187,2025-06-12
Jun11,192,2025-06-12
Jul11,171,2025-06-12
Ago11,200,2025-06-12
Sep11,237,2025-06-12
Oct11,232,2025-06-12
Nov11,214,2025-06-12
Dic11,216,2025-06-12
Ene12,219,2025-06-12
Feb12,199,2025-06-12
Mar12,166,2025-06-12
Abr12,164,2025-06-12
May12,181,2025-06-12
Jun12,188,2025-06-12
Jul12,163,2025-06-12
Ago12,133,2025-06-12
Sep12,124,2025-06-12
Oct12,108,2025-06-12
Nov12,123,2025-06-12
Dic12,117,2025-06-12
Ene13,110,2025-06-12
Feb13,127,2025-06-12
Mar13,140,2025-06-12
Abr13,133,2025-06-12
May13,134,2025-06-12
Jun13,180,2025-06-12
Jul13,176,2025-06-12
Ago13,191,2025-06-12
Sep13,183,2025-06-12
Oct13,173,2025-06-12
Nov13,183,2025-06-12
Dic13,177,2025-06-12
Ene14,176,2025-06-12
Feb14,182,2025-06-12
Mar14,167,2025-06-12
Abr14,154,2025-06-12
May14,149,2025-06-12
Jun14,145,2025-06-12
Jul14,146,2025-06-12
Ago14,157,2025-06-12
Sep14,150,2025-06-12
Oct14,170,2025-06-12
Nov14,165,2025-06-12
Dic14,182,2025-06-12
Ene15,201,2025-06-12
Feb15,183,2025-06-12
Mar15,184,2025-06-12
Abr15,177,2025-06-12
May15,166,2025-06-12
Jun15,177,2025-06-12
Jul15,187,2025-06-12
Ago15,217,2025-06-12
Sep15,234,2025-06-12
Oct15,226,2025-06-12
Nov15,219,2025-06-12
Dic15,237,2025-06-12
Ene16,267,2025-06-12
Feb16,282,2025-06-12
Mar16,227,2025-06-12
Abr16,210,2025-06-12
May16,208,2025-06-12
Jun16,210,2025-06-12
Jul16,184,2025-06-12
Ago16,170,2025-06-12
Sep16,162,2025-06-12
Oct16,147,2025-06-12
Nov16,168,2025-06-12
Dic16,165,2025-06-12
Ene17,157,2025-06-12
Feb17,152,2025-06-12
Mar17,141,2025-06-12
Abr17,149,2025-06-12
May17,141,2025-06-12
Jun17,144,2025-06-12
Jul17,142,2025-06-12
Ago17,155,2025-06-12
Sep17,144,2025-06-12
Oct17,140,2025-06-12
Nov17,139,2025-06-12
Dic17,136,2025-06-12
Ene18,117,2025-06-12
Feb18,132,2025-06-12
Mar18,147,2025-06-12
Abr18,145,2025-06-12
May18,158,2025-06-12
Jun18,163,2025-06-12
Jul18,151,2025-06-12
Ago18,149,2025-06-12
Sep18,140,2025-06-12
Oct18,143,2025-06-12
Nov18,157,2025-06-12
Dic18,165,2025-06-12
Ene19,152,2025-06-12
Feb19,140,2025-06-12
Mar19,136,2025-06-12
Abr19,122,2025-06-12
May19,136,2025-06-12
Jun19,129,2025-06-12
Jul19,116,2025-06-12
Ago19,127,2025-06-12
Sep19,116,2025-06-12
Oct19,127,2025-06-12
Nov19,127,2025-06-12
Dic19,116,2025-06-12
Ene20,114,2025-06-12
Feb20,122,2025-06-12
Mar20,249,2025-06-12
Abr20,278,2025-06-12
May20,222,2025-06-12
Jun20,180,2025-06-12
Jul20,169,2025-06-12
Ago20,146,2025-06-12
Sep20,160,2025-06-12
Oct20,150,2025-06-12
Nov20,147,2025-06-12
Dic20,143,2025-06-12
Ene21,132,2025-06-12
Feb21,138,2025-06-12
Mar21,165,2025-06-12
Abr21,165,2025-06-12
May21,164,2025-06-12
Jun21,169,2025-06-12
Jul21,170,2025-06-12
Ago21,183,2025-06-12
Sep21,174,2025-06-12
Oct21,172,2025-06-12
Nov21,179,2025-06-12
Dic21,174,2025-06-12
Ene22,177,2025-06-12
Feb22,198,2025-06-12
Mar22,201,2025-06-12
Abr22,187,2025-06-12
May22,218,2025-06-12
Jun22,214,2025-06-12
Jul22,235,2025-06-12
Ago22,211,2025-06-12
Sep22,225,2025-06-12
Oct22,243,2025-06-12
Nov22,203,2025-06-12
Dic22,196,2025-06-12
Ene23,207,2025-06-12
Feb23,192,2025-06-12
Mar23,204,2025-06-12
Abr23,202,2025-06-12
May23,197,2025-06-12
Jun23,181,2025-06-12
Jul23,169,2025-06-12
Ago23,167,2025-06-12
Sep23,169,2025-06-12
Oct23,180,2025-06-12
Nov23,175,2025-06-12
Dic23,162,2025-06-12
Ene24,170,2025-06-12
Feb24,160,2025-06-12
Mar24,153,2025-06-12
Abr24,154,2025-06-12
May24,156,2025-06-12
Jun24,161,2025-06-12
Jul24,159,2025-06-12
Ago24,170,2025-06-12
Sep24,163,2025-06-12
Oct24,154,2025-06-12
Nov24,155,2025-06-12
Dic24,154,2025-06-12
Ene25,157,2025-06-12
Feb25,158,2025-06-12
Mar25,163,2025-06-12
Abr25,178,2025-06-12
May25,159,2025-06-12
Ago06,173,2025-06-13
Sep06,172,2025-06-13
Oct06,148,2025-06-13
Nov06,147,2025-06-13
Dic06,131,2025-06-13
Ene07,122,2025-06-13
Feb07,127,2025-06-13
Mar07,132,2025-06-13
Abr07,118,2025-06-13
May07,110,2025-06-13
Jun07,104,2025-06-13
Jul07,129,2025-06-13
Ago07,169,2025-06-13
Sep07,156,2025-06-13
Oct07,138,2025-06-13
Nov07,175,2025-06-13
Dic07,174,2025-06-13
Ene08,195,2025-06-13
Feb08,209,2025-06-13
Mar08,222,2025-06-13
Abr08,182,2025-06-13
May08,154,2025-06-13
Jun08,160,2025-06-13
Jul08,198,2025-06-13
Ago08,195,2025-06-13
Sep08,255,2025-06-13
Oct08,500,2025-06-13
Nov08,484,2025-06-13
Dic08,523,2025-06-13
Ene09,463,2025-06-13
Feb09,419,2025-06-13
Mar09,409,2025-06-13
Abr09,360,2025-06-13
May09,292,2025-06-13
Jun09,258,2025-06-13
Jul09,274,2025-06-13
Ago09,240,2025-06-13
Sep09,226,2025-06-13
Oct09,195,2025-06-13
Nov09,190,2025-06-13
Dic09,179,2025-06-13
Ene10,178,2025-06-13
Feb10,200,2025-06-13
Mar10,158,2025-06-13
Abr10,144,2025-06-13
May10,202,2025-06-13
Jun10,207,2025-06-13
Jul10,187,2025-06-13
Ago10,157,2025-06-13
Sep10,167,2025-06-13
Oct10,157,2025-06-13
Nov10,152,2025-06-13
Dic10,157,2025-06-13
Ene11,146,2025-06-13
Feb11,146,2025-06-13
Mar11,157,2025-06-13
Abr11,193,2025-06-13
May11,187,2025-06-13
Jun11,192,2025-06-13
Jul11,171,2025-06-13
Ago11,200,2025-06-13
Sep11,237,2025-06-13
Oct11,232,2025-06-13
Nov11,214,2025-06-13
Dic11,216,2025-06-13
Ene12,219,2025-06-13
Feb12,199,2025-06-13
Mar12,166,2025-06-13
Abr12,164,2025-06-13
May12,181,2025-06-13
Jun12,188,2025-06-13
Jul12,163,2025-06-13
Ago12,133,2025-06-13
Sep12,124,2025-06-13
Oct12,108,2025-06-13
Nov12,123,2025-06-13
Dic12,117,2025-06-13
Ene13,110,2025-06-13
Feb13,127,2025-06-13
Mar13,140,2025-06-13
Abr13,133,2025-06-13
May13,134,2025-06-13
Jun13,180,2025-06-13
Jul13,176,2025-06-13
Ago13,191,2025-06-13
Sep13,183,2025-06-13
Oct13,173,2025-06-13
Nov13,183,2025-06-13
Dic13,177,2025-06-13
Ene14,176,2025-06-13
Feb14,182,2025-06-13
Mar14,167,2025-06-13
Abr14,154,2025-06-13
May14,149,2025-06-13
Jun14,145,2025-06-13
Jul14,146,2025-06-13
Ago14,157,2025-06-13
Sep14,150,2025-06-13
Oct14,170,2025-06-13
Nov14,165,2025-06-13
Dic14,182,2025-06-13
Ene15,201,2025-06-13
Feb15,183,2025-06-13
Mar15,184,2025-06-13
Abr15,177,2025-06-13
May15,166,2025-06-13
Jun15,177,2025-06-13
Jul15,187,2025-06-13
Ago15,217,2025-06-13
Sep15,234,2025-06-13
Oct15,226,2025-06-13
Nov15,219,2025-06-13
Dic15,237,2025-06-13
Ene16,267,2025-06-13
Feb16,282,2025-06-13
Mar16,227,2025-06-13
Abr16,210,2025-06-13
May16,208,2025-06-13
Jun16,210,2025-06-13
Jul16,184,2025-06-13
Ago16,170,2025-06-13
Sep16,162,2025-06-13
Oct16,147,2025-06-13
Nov16,168,2025-06-13
Dic16,165,2025-06-13
Ene17,157,2025-06-13
Feb17,152,2025-06-13
Mar17,141,2025-06-13
Abr17,149,2025-06-13
May17,141,2025-06-13
Jun17,144,2025-06-13
Jul17,142,2025-06-13
Ago17,155,2025-06-13
Sep17,144,2025-06-13
Oct17,140,2025-06-13
Nov17,139,2025-06-13
Dic17,136,2025-06-13
Ene18,117,2025-06-13
Feb18,132,2025-06-13
Mar18,147,2025-06-13
Abr18,145,2025-06-13
May18,158,2025-06-13
Jun18,163,2025-06-13
Jul18,151,2025-06-13
Ago18,149,2025-06-13
Sep18,140,2025-06-13
Oct18,143,2025-06-13
Nov18,157,2025-06-13
Dic18,165,2025-06-13
Ene19,152,2025-06-13
Feb19,140,2025-06-13
Mar19,136,2025-06-13
Abr19,122,2025-06-13
May19,136,2025-06-13
Jun19,129,2025-06-13
Jul19,116,2025-06-13
Ago19,127,2025-06-13
Sep19,116,2025-06-13
Oct19,127,2025-06-13
Nov19,127,2025-06-13
Dic19,116,2025-06-13
Ene20,114,2025-06-13
Feb20,122,2025-06-13
Mar20,249,2025-06-13
Abr20,278,2025-06-13
May20,222,2025-06-13
Jun20,180,2025-06-13
Jul20,169,2025-06-13
Ago20,146,2025-06-13
Sep20,160,2025-06-13
Oct20,150,2025-06-13
Nov20,147,2025-06-13
Dic20,143,2025-06-13
Ene21,132,2025-06-13
Feb21,138,2025-06-13
Mar21,165,2025-06-13
Abr21,165,2025-06-13
May21,164,2025-06-13
Jun21,169,2025-06-13
Jul21,170,2025-06-13
Ago21,183,2025-06-13
Sep21,174,2025-06-13
Oct21,172,2025-06-13
Nov21,179,2025-06-13
Dic21,174,2025-06-13
Ene22,177,2025-06-13
Feb22,198,2025-06-13
Mar22,201,2025-06-13
Abr22,187,2025-06-13
May22,218,2025-06-13
Jun22,214,2025-06-13
Jul22,235,2025-06-13
Ago22,211,2025-06-13
Sep22,225,2025-06-13
Oct22,243,2025-06-13
Nov22,203,2025-06-13
Dic22,196,2025-06-13
Ene23,207,2025-06-13
Feb23,192,2025-06-13
Mar23,204,2025-06-13
Abr23,202,2025-06-13
May23,197,2025-06-13
Jun23,181,2025-06-13
Jul23,169,2025-06-13
Ago23,167,2025-06-13
Sep23,169,2025-06-13
Oct23,180,2025-06-13
Nov23,175,2025-06-13
Dic23,162,2025-06-13
Ene24,170,2025-06-13
Feb24,160,2025-06-13
Mar24,153,2025-06-13
Abr24,154,2025-06-13
May24,156,2025-06-13
Jun24,161,2025-06-13
Jul24,159,2025-06-13
Ago24,170,2025-06-13
Sep24,163,2025-06-13
Oct24,154,2025-06-13
Nov24,155,2025-06-13
Dic24,154,2025-06-13
Ene25,157,2025-06-13
Feb25,158,2025-06-13
Mar25,163,2025-06-13
Abr25,178,2025-06-13
May25,159,2025-06-13
Ago06,173,2025-06-14
Sep06,172,2025-06-14
Oct06,148,2025-06-14
Nov06,147,2025-06-14
Dic06,131,2025-06-14
Ene07,122,2025-06-14
Feb07,127,2025-06-14
Mar07,132,2025-06-14
Abr07,118,2025-06-14
May07,110,2025-06-14
Jun07,104,2025-06-14
Jul07,129,2025-06-14
Ago07,169,2025-06-14
Sep07,156,2025-06-14
Oct07,138,2025-06-14
Nov07,175,2025-06-14
Dic07,174,2025-06-14
Ene08,195,2025-06-14
Feb08,209,2025-06-14
Mar08,222,2025-06-14
Abr08,182,2025-06-14
May08,154,2025-06-14
Jun08,160,2025-06-14
Jul08,198,2025-06-14
Ago08,195,2025-06-14
Sep08,255,2025-06-14
Oct08,500,2025-06-14
Nov08,484,2025-06-14
Dic08,523,2025-06-14
Ene09,463,2025-06-14
Feb09,419,2025-06-14
Mar09,409,2025-06-14
Abr09,360,2025-06-14
May09,292,2025-06-14
Jun09,258,2025-06-14
Jul09,274,2025-06-14
Ago09,240,2025-06-14
Sep09,226,2025-06-14
Oct09,195,2025-06-14
Nov09,190,2025-06-14
Dic09,179,2025-06-14
Ene10,178,2025-06-14
Feb10,200,2025-06-14
Mar10,158,2025-06-14
Abr10,144,2025-06-14
May10,202,2025-06-14
Jun10,207,2025-06-14
Jul10,187,2025-06-14
Ago10,157,2025-06-14
Sep10,167,2025-06-14
Oct10,157,2025-06-14
Nov10,152,2025-06-14
Dic10,157,2025-06-14
Ene11,146,2025-06-14
Feb11,146,2025-06-14
Mar11,157,2025-06-14
Abr11,193,2025-06-14
May11,187,2025-06-14
Jun11,192,2025-06-14
Jul11,171,2025-06-14
Ago11,200,2025-06-14
Sep11,237,2025-06-14
Oct11,232,2025-06-14
Nov11,214,2025-06-14
Dic11,216,2025-06-14
Ene12,219,2025-06-14
Feb12,199,2025-06-14
Mar12,166,2025-06-14
Abr12,164,2025-06-14
May12,181,2025-06-14
Jun12,188,2025-06-14
Jul12,163,2025-06-14
Ago12,133,2025-06-14
Sep12,124,2025-06-14
Oct12,108,2025-06-14
Nov12,123,2025-06-14
Dic12,117,2025-06-14
Ene13,110,2025-06-14
Feb13,127,2025-06-14
Mar13,140,2025-06-14
Abr13,133,2025-06-14
May13,134,2025-06-14
Jun13,180,2025-06-14
Jul13,176,2025-06-14
Ago13,191,2025-06-14
Sep13,183,2025-06-14
Oct13,173,2025-06-14
Nov13,183,2025-06-14
Dic13,177,2025-06-14
Ene14,176,2025-06-14
Feb14,182,2025-06-14
Mar14,167,2025-06-14
Abr14,154,2025-06-14
May14,149,2025-06-14
Jun14,145,2025-06-14
Jul14,146,2025-06-14
Ago14,157,2025-06-14
Sep14,150,2025-06-14
Oct14,170,2025-06-14
Nov14,165,2025-06-14
Dic14,182,2025-06-14
Ene15,201,2025-06-14
Feb15,183,2025-06-14
Mar15,184,2025-06-14
Abr15,177,2025-06-14
May15,166,2025-06-14
Jun15,177,2025-06-14
Jul15,187,2025-06-14
Ago15,217,2025-06-14
Sep15,234,2025-06-14
Oct15,226,2025-06-14
Nov15,219,2025-06-14
Dic15,237,2025-06-14
Ene16,267,2025-06-14
Feb16,282,2025-06-14
Mar16,227,2025-06-14
Abr16,210,2025-06-14
May16,208,2025-06-14
Jun16,210,2025-06-14
Jul16,184,2025-06-14
Ago16,170,2025-06-14
Sep16,162,2025-06-14
Oct16,147,2025-06-14
Nov16,168,2025-06-14
Dic16,165,2025-06-14
Ene17,157,2025-06-14
Feb17,152,2025-06-14
Mar17,141,2025-06-14
Abr17,149,2025-06-14
May17,141,2025-06-14
Jun17,144,2025-06-14
Jul17,142,2025-06-14
Ago17,155,2025-06-14
Sep17,144,2025-06-14
Oct17,140,2025-06-14
Nov17,139,2025-06-14
Dic17,136,2025-06-14
Ene18,117,2025-06-14
Feb18,132,2025-06-14
Mar18,147,2025-06-14
Abr18,145,2025-06-14
May18,158,2025-06-14
Jun18,163,2025-06-14
Jul18,151,2025-06-14
Ago18,149,2025-06-14
Sep18,140,2025-06-14
Oct18,143,2025-06-14
Nov18,157,2025-06-14
Dic18,165,2025-06-14
Ene19,152,2025-06-14
Feb19,140,2025-06-14
Mar19,136,2025-06-14
Abr19,122,2025-06-14
May19,136,2025-06-14
Jun19,129,2025-06-14
Jul19,116,2025-06-14
Ago19,127,2025-06-14
Sep19,116,2025-06-14
Oct19,127,2025-06-14
Nov19,127,2025-06-14
Dic19,116,2025-06-14
Ene20,114,2025-06-14
Feb20,122,2025-06-14
Mar20,249,2025-06-14
Abr20,278,2025-06-14
May20,222,2025-06-14
Jun20,180,2025-06-14
Jul20,169,2025-06-14
Ago20,146,2025-06-14
Sep20,160,2025-06-14
Oct20,150,2025-06-14
Nov20,147,2025-06-14
Dic20,143,2025-06-14
Ene21,132,2025-06-14
Feb21,138,2025-06-14
Mar21,165,2025-06-14
Abr21,165,2025-06-14
May21,164,2025-06-14
Jun21,169,2025-06-14
Jul21,170,2025-06-14
Ago21,183,2025-06-14
Sep21,174,2025-06-14
Oct21,172,2025-06-14
Nov21,179,2025-06-14
Dic21,174,2025-06-14
Ene22,177,2025-06-14
Feb22,198,2025-06-14
Mar22,201,2025-06-14
Abr22,187,2025-06-14
May22,218,2025-06-14
Jun22,214,2025-06-14
Jul22,235,2025-06-14
Ago22,211,2025-06-14
Sep22,225,2025-06-14
Oct22,243,2025-06-14
Nov22,203,2025-06-14
Dic22,196,2025-06-14
Ene23,207,2025-06-14
Feb23,192,2025-06-14
Mar23,204,2025-06-14
Abr23,202,2025-06-14
May23,197,2025-06-14
Jun23,181,2025-06-14
Jul23,169,2025-06-14
Ago23,167,2025-06-14
Sep23,169,2025-06-14
Oct23,180,2025-06-14
Nov23,175,2025-06-14
Dic23,162,2025-06-14
Ene24,170,2025-06-14
Feb24,160,2025-06-14
Mar24,153,2025-06-14
Abr24,154,2025-06-14
May24,156,2025-06-14
Jun24,161,2025-06-14
Jul24,159,2025-06-14
Ago24,170,2025-06-14
Sep24,163,2025-06-14
Oct24,154,2025-06-14
Nov24,155,2025-06-14
Dic24,154,2025-06-14
Ene25,157,2025-06-14
Feb25,158,2025-06-14
Mar25,163,2025-06-14
Abr25,178,2025-06-14
May25,159,2025-06-14
Ago06,173,2025-06-15
Sep06,172,2025-06-15
Oct06,148,2025-06-15
Nov06,147,2025-06-15
Dic06,131,2025-06-15
Ene07,122,2025-06-15
Feb07,127,2025-06-15
Mar07,132,2025-06-15
Abr07,118,2025-06-15
May07,110,2025-06-15
Jun07,104,2025-06-15
Jul07,129,2025-06-15
Ago07,169,2025-06-15
Sep07,156,2025-06-15
Oct07,138,2025-06-15
Nov07,175,2025-06-15
Dic07,174,2025-06-15
Ene08,195,2025-06-15
Feb08,209,2025-06-15
Mar08,222,2025-06-15
Abr08,182,2025-06-15
May08,154,2025-06-15
Jun08,160,2025-06-15
Jul08,198,2025-06-15
Ago08,195,2025-06-15
Sep08,255,2025-06-15
Oct08,500,2025-06-15
Nov08,484,2025-06-15
Dic08,523,2025-06-15
Ene09,463,2025-06-15
Feb09,419,2025-06-15
Mar09,409,2025-06-15
Abr09,360,2025-06-15
May09,292,2025-06-15
Jun09,258,2025-06-15
Jul09,274,2025-06-15
Ago09,240,2025-06-15
Sep09,226,2025-06-15
Oct09,195,2025-06-15
Nov09,190,2025-06-15
Dic09,179,2025-06-15
Ene10,178,2025-06-15
Feb10,200,2025-06-15
Mar10,158,2025-06-15
Abr10,144,2025-06-15
May10,202,2025-06-15
Jun10,207,2025-06-15
Jul10,187,2025-06-15
Ago10,157,2025-06-15
Sep10,167,2025-06-15
Oct10,157,2025-06-15
Nov10,152,2025-06-15
Dic10,157,2025-06-15
Ene11,146,2025-06-15
Feb11,146,2025-06-15
Mar11,157,2025-06-15
Abr11,193,2025-06-15
May11,187,2025-06-15
Jun11,192,2025-06-15
Jul11,171,2025-06-15
Ago11,200,2025-06-15
Sep11,237,2025-06-15
Oct11,232,2025-06-15
Nov11,214,2025-06-15
Dic11,216,2025-06-15
Ene12,219,2025-06-15
Feb12,199,2025-06-15
Mar12,166,2025-06-15
Abr12,164,2025-06-15
May12,181,2025-06-15
Jun12,188,2025-06-15
Jul12,163,2025-06-15
Ago12,133,2025-06-15
Sep12,124,2025-06-15
Oct12,108,2025-06-15
Nov12,123,2025-06-15
Dic12,117,2025-06-15
Ene13,110,2025-06-15
Feb13,127,2025-06-15
Mar13,140,2025-06-15
Abr13,133,2025-06-15
May13,134,2025-06-15
Jun13,180,2025-06-15
Jul13,176,2025-06-15
Ago13,191,2025-06-15
Sep13,183,2025-06-15
Oct13,173,2025-06-15
Nov13,183,2025-06-15
Dic13,177,2025-06-15
Ene14,176,2025-06-15
Feb14,182,2025-06-15
Mar14,167,2025-06-15
Abr14,154,2025-06-15
May14,149,2025-06-15
Jun14,145,2025-06-15
Jul14,146,2025-06-15
Ago14,157,2025-06-15
Sep14,150,2025-06-15
Oct14,170,2025-06-15
Nov14,165,2025-06-15
Dic14,182,2025-06-15
Ene15,201,2025-06-15
Feb15,183,2025-06-15
Mar15,184,2025-06-15
Abr15,177,2025-06-15
May15,166,2025-06-15
Jun15,177,2025-06-15
Jul15,187,2025-06-15
Ago15,217,2025-06-15
Sep15,234,2025-06-15
Oct15,226,2025-06-15
Nov15,219,2025-06-15
Dic15,237,2025-06-15
Ene16,267,2025-06-15
Feb16,282,2025-06-15
Mar16,227,2025-06-15
Abr16,210,2025-06-15
May16,208,2025-06-15
Jun16,210,2025-06-15
Jul16,184,2025-06-15
Ago16,170,2025-06-15
Sep16,162,2025-06-15
Oct16,147,2025-06-15
Nov16,168,2025-06-15
Dic16,165,2025-06-15
Ene17,157,2025-06-15
Feb17,152,2025-06-15
Mar17,141,2025-06-15
Abr17,149,2025-06-15
May17,141,2025-06-15
Jun17,144,2025-06-15
Jul17,142,2025-06-15
Ago17,155,2025-06-15
Sep17,144,2025-06-15
Oct17,140,2025-06-15
Nov17,139,2025-06-15
Dic17,136,2025-06-15
Ene18,117,2025-06-15
Feb18,132,2025-06-15
Mar18,147,2025-06-15
Abr18,145,2025-06-15
May18,158,2025-06-15
Jun18,163,2025-06-15
Jul18,151,2025-06-15
Ago18,149,2025-06-15
Sep18,140,2025-06-15
Oct18,143,2025-06-15
Nov18,157,2025-06-15
Dic18,165,2025-06-15
Ene19,152,2025-06-15
Feb19,140,2025-06-15
Mar19,136,2025-06-15
Abr19,122,2025-06-15
May19,136,2025-06-15
Jun19,129,2025-06-15
Jul19,116,2025-06-15
Ago19,127,2025-06-15
Sep19,116,2025-06-15
Oct19,127,2025-06-15
Nov19,127,2025-06-15
Dic19,116,2025-06-15
Ene20,114,2025-06-15
Feb20,122,2025-06-15
Mar20,249,2025-06-15
Abr20,278,2025-06-15
May20,222,2025-06-15
Jun20,180,2025-06-15
Jul20,169,2025-06-15
Ago20,146,2025-06-15
Sep20,160,2025-06-15
Oct20,150,2025-06-15
Nov20,147,2025-06-15
Dic20,143,2025-06-15
Ene21,132,2025-06-15
Feb21,138,2025-06-15
Mar21,165,2025-06-15
Abr21,165,2025-06-15
May21,164,2025-06-15
Jun21,169,2025-06-15
Jul21,170,2025-06-15
Ago21,183,2025-06-15
Sep21,174,2025-06-15
Oct21,172,2025-06-15
Nov21,179,2025-06-15
Dic21,174,2025-06-15
Ene22,177,2025-06-15
Feb22,198,2025-06-15
Mar22,201,2025-06-15
Abr22,187,2025-06-15
May22,218,2025-06-15
Jun22,214,2025-06-15
Jul22,235,2025-06-15
Ago22,211,2025-06-15
Sep22,225,2025-06-15
Oct22,243,2025-06-15
Nov22,203,2025-06-15
Dic22,196,2025-06-15
Ene23,207,2025-06-15
Feb23,192,2025-06-15
Mar23,204,2025-06-15
Abr23,202,2025-06-15
May23,197,2025-06-15
Jun23,181,2025-06-15
Jul23,169,2025-06-15
Ago23,167,2025-06-15
Sep23,169,2025-06-15
Oct23,180,2025-06-15
Nov23,175,2025-06-15
Dic23,162,2025-06-15
Ene24,170,2025-06-15
Feb24,160,2025-06-15
Mar24,153,2025-06-15
Abr24,154,2025-06-15
May24,156,2025-06-15
Jun24,161,2025-06-15
Jul24,159,2025-06-15
Ago24,170,2025-06-15
Sep24,163,2025-06-15
Oct24,154,2025-06-15
Nov24,155,2025-06-15
Dic24,154,2025-06-15
Ene25,157,2025-06-15
Feb25,158,2025-06-15
Mar25,163,2025-06-15
Abr25,178,2025-06-15
May25,159,2025-06-15
