Calendar,GMT,Reference,Reference.1,Actual,Previous,Consensus,TEForecast,fecha_carga
2025-05-01,10:00 AM,Inflation Rate YoY,Apr,1.65%,1.28%,,1.3%,2025-06-15
2025-06-01,08:00 AM,Inflation Rate YoY,May,1.69%,1.65%,,,2025-06-15
2025-07-01,06:20 AM,Inflation Rate YoY,Jun,,1.69%,,1.7%,2025-06-15
2025-05-01,10:00 AM,Inflation Rate YoY,Apr,1.65%,1.28%,,1.3%,2025-06-15
2025-06-01,08:00 AM,Inflation Rate YoY,May,1.69%,1.65%,,,2025-06-15
2025-07-01,06:20 AM,Inflation Rate YoY,Jun,,1.69%,,1.7%,2025-06-15
2025-05-01,10:00 AM,Inflation Rate YoY,Apr,1.65%,1.28%,,1.3%,2025-06-16
2025-06-01,08:00 AM,Inflation Rate YoY,May,1.69%,1.65%,,,2025-06-16
2025-07-01,06:20 AM,Inflation Rate YoY,Jun,,1.69%,,1.7%,2025-06-16
2025-05-01,10:00 AM,Inflation Rate YoY,Apr,1.65%,1.28%,,1.3%,2025-06-17
2025-06-01,08:00 AM,Inflation Rate YoY,May,1.69%,1.65%,,,2025-06-17
2025-07-01,06:20 AM,Inflation Rate YoY,Jun,,1.69%,,1.7%,2025-06-17
2025-05-01,10:00 AM,Inflation Rate YoY,Apr,1.65%,1.28%,,1.3%,2025-06-18
2025-06-01,08:00 AM,Inflation Rate YoY,May,1.69%,1.65%,,,2025-06-18
2025-07-01,06:20 AM,Inflation Rate YoY,Jun,,1.69%,,1.7%,2025-06-18
2025-05-01,10:00 AM,Inflation Rate YoY,Apr,1.65%,1.28%,,1.3%,2025-06-19
2025-06-01,08:00 AM,Inflation Rate YoY,May,1.69%,1.65%,,,2025-06-19
2025-07-01,06:20 AM,Inflation Rate YoY,Jun,,1.69%,,1.7%,2025-06-19
2025-05-01,10:00 AM,Inflation Rate YoY,Apr,1.65%,1.28%,,1.3%,2025-06-20
2025-06-01,08:00 AM,Inflation Rate YoY,May,1.69%,1.65%,,,2025-06-20
2025-07-01,06:20 AM,Inflation Rate YoY,Jun,,1.69%,,1.7%,2025-06-20
2025-05-01,10:00 AM,Inflation Rate YoY,Apr,1.65%,1.28%,,1.3%,2025-06-21
2025-06-01,08:00 AM,Inflation Rate YoY,May,1.69%,1.65%,,,2025-06-21
2025-07-01,06:20 AM,Inflation Rate YoY,Jun,,1.69%,,1.7%,2025-06-21
2025-05-01,10:00 AM,Inflation Rate YoY,Apr,1.65%,1.28%,,1.3%,2025-06-22
2025-06-01,08:00 AM,Inflation Rate YoY,May,1.69%,1.65%,,,2025-06-22
2025-07-01,06:20 AM,Inflation Rate YoY,Jun,,1.69%,,1.7%,2025-06-22
2025-05-01,10:00 AM,Inflation Rate YoY,Apr,1.65%,1.28%,,1.3%,2025-06-23
2025-06-01,08:00 AM,Inflation Rate YoY,May,1.69%,1.65%,,,2025-06-23
2025-07-01,06:20 AM,Inflation Rate YoY,Jun,,1.69%,,1.7%,2025-06-23
2025-05-01,10:00 AM,Inflation Rate YoY,Apr,1.65%,1.28%,,1.3%,2025-06-24
2025-06-01,08:00 AM,Inflation Rate YoY,May,1.69%,1.65%,,,2025-06-24
2025-07-01,06:20 AM,Inflation Rate YoY,Jun,,1.69%,,1.7%,2025-06-24
2025-05-01,10:00 AM,Inflation Rate YoY,Apr,1.65%,1.28%,,1.3%,2025-06-25
2025-06-01,08:00 AM,Inflation Rate YoY,May,1.69%,1.65%,,,2025-06-25
2025-07-01,06:20 AM,Inflation Rate YoY,Jun,,1.69%,,1.7%,2025-06-25
2025-05-01,10:00 AM,Inflation Rate YoY,Apr,1.65%,1.28%,,1.3%,2025-06-26
2025-06-01,08:00 AM,Inflation Rate YoY,May,1.69%,1.65%,,,2025-06-26
2025-07-01,06:20 AM,Inflation Rate YoY,Jun,,1.69%,,1.7%,2025-06-26
2025-05-01,10:00 AM,Inflation Rate YoY,Apr,1.65%,1.28%,,1.3%,2025-06-27
2025-06-01,08:00 AM,Inflation Rate YoY,May,1.69%,1.65%,,,2025-06-27
2025-07-01,06:20 AM,Inflation Rate YoY,Jun,,1.69%,,1.7%,2025-06-27
2025-05-01,10:00 AM,Inflation Rate YoY,Apr,1.65%,1.28%,,1.3%,2025-06-28
2025-06-01,08:00 AM,Inflation Rate YoY,May,1.69%,1.65%,,,2025-06-28
2025-07-01,06:20 AM,Inflation Rate YoY,Jun,,1.69%,,1.7%,2025-06-28
2025-05-01,10:00 AM,Inflation Rate YoY,Apr,1.65%,1.28%,,1.3%,2025-06-29
2025-06-01,08:00 AM,Inflation Rate YoY,May,1.69%,1.65%,,,2025-06-29
2025-07-01,06:20 AM,Inflation Rate YoY,Jun,,1.69%,,1.7%,2025-06-29
2025-05-01,10:00 AM,Inflation Rate YoY,Apr,1.65%,1.28%,,1.3%,2025-06-30
2025-06-01,08:00 AM,Inflation Rate YoY,May,1.69%,1.65%,,,2025-06-30
2025-07-01,06:20 AM,Inflation Rate YoY,Jun,,1.69%,,1.7%,2025-06-30
2025-06-01,08:00 AM,Inflation Rate YoY,May,1.69%,1.65%,,,2025-07-01
2025-07-01,07:30 AM,Inflation Rate YoY,Jun,1.70%,1.69%,,1.7%,2025-07-01
2025-08-01,08:00 AM,Inflation Rate YoY,Jul,,1.70%,,,2025-07-01
2025-06-01,08:00 AM,Inflation Rate YoY,May,1.69%,1.65%,,,2025-07-02
2025-07-01,07:30 AM,Inflation Rate YoY,Jun,1.70%,1.69%,,1.7%,2025-07-02
2025-08-01,08:00 AM,Inflation Rate YoY,Jul,,1.69%,,,2025-07-02
2025-06-01,08:00 AM,Inflation Rate YoY,May,1.69%,1.65%,,,2025-07-03
2025-07-01,07:30 AM,Inflation Rate YoY,Jun,1.70%,1.69%,,1.7%,2025-07-03
2025-08-01,08:00 AM,Inflation Rate YoY,Jul,,1.69%,,,2025-07-03
2025-06-01,08:00 AM,Inflation Rate YoY,May,1.69%,1.65%,,,2025-07-04
2025-07-01,07:30 AM,Inflation Rate YoY,Jun,1.70%,1.69%,,1.7%,2025-07-04
2025-08-01,08:00 AM,Inflation Rate YoY,Jul,,1.69%,,,2025-07-04
2025-06-01,08:00 AM,Inflation Rate YoY,May,1.69%,1.65%,,,2025-07-05
2025-07-01,07:30 AM,Inflation Rate YoY,Jun,1.70%,1.69%,,1.7%,2025-07-05
2025-08-01,08:00 AM,Inflation Rate YoY,Jul,,1.69%,,,2025-07-05
2025-06-01,08:00 AM,Inflation Rate YoY,May,1.69%,1.65%,,,2025-07-06
2025-07-01,07:30 AM,Inflation Rate YoY,Jun,1.70%,1.69%,,1.7%,2025-07-06
2025-08-01,08:00 AM,Inflation Rate YoY,Jul,,1.69%,,,2025-07-06
2025-06-01,08:00 AM,Inflation Rate YoY,May,1.69%,1.65%,,,2025-07-07
2025-07-01,07:30 AM,Inflation Rate YoY,Jun,1.70%,1.69%,,1.7%,2025-07-07
2025-08-01,08:00 AM,Inflation Rate YoY,Jul,,1.69%,,,2025-07-07
2025-06-01,08:00 AM,Inflation Rate YoY,May,1.69%,1.65%,,,2025-07-08
2025-07-01,07:30 AM,Inflation Rate YoY,Jun,1.70%,1.69%,,1.7%,2025-07-08
2025-08-01,08:00 AM,Inflation Rate YoY,Jul,,1.69%,,,2025-07-08
2025-06-01,08:00 AM,Inflation Rate YoY,May,1.69%,1.65%,,,2025-07-09
2025-07-01,07:30 AM,Inflation Rate YoY,Jun,1.70%,1.69%,,1.7%,2025-07-09
2025-08-01,08:00 AM,Inflation Rate YoY,Jul,,1.69%,,1.8%,2025-07-09
2025-06-01,08:00 AM,Inflation Rate YoY,May,1.69%,1.65%,,,2025-07-10
2025-07-01,07:30 AM,Inflation Rate YoY,Jun,1.70%,1.69%,,1.7%,2025-07-10
2025-08-01,08:00 AM,Inflation Rate YoY,Jul,,1.69%,,1.8%,2025-07-10
2025-06-01,08:00 AM,Inflation Rate YoY,May,1.69%,1.65%,,,2025-07-11
2025-07-01,07:30 AM,Inflation Rate YoY,Jun,1.70%,1.69%,,1.7%,2025-07-11
2025-08-01,08:00 AM,Inflation Rate YoY,Jul,,1.69%,,1.8%,2025-07-11
2025-06-01,08:00 AM,Inflation Rate YoY,May,1.69%,1.65%,,,2025-07-12
2025-07-01,07:30 AM,Inflation Rate YoY,Jun,1.70%,1.69%,,1.7%,2025-07-12
2025-08-01,08:00 AM,Inflation Rate YoY,Jul,,1.69%,,1.8%,2025-07-12
2025-06-01,08:00 AM,Inflation Rate YoY,May,1.69%,1.65%,,,2025-07-13
2025-07-01,07:30 AM,Inflation Rate YoY,Jun,1.70%,1.69%,,1.7%,2025-07-13
2025-08-01,08:00 AM,Inflation Rate YoY,Jul,,1.69%,,1.8%,2025-07-13
2025-06-01,08:00 AM,Inflation Rate YoY,May,1.69%,1.65%,,,2025-07-14
2025-07-01,07:30 AM,Inflation Rate YoY,Jun,1.70%,1.69%,,1.7%,2025-07-14
2025-08-01,08:00 AM,Inflation Rate YoY,Jul,,1.69%,,1.8%,2025-07-14
2025-06-01,08:00 AM,Inflation Rate YoY,May,1.69%,1.65%,,,2025-07-15
2025-07-01,07:30 AM,Inflation Rate YoY,Jun,1.70%,1.69%,,1.7%,2025-07-15
2025-08-01,08:00 AM,Inflation Rate YoY,Jul,,1.69%,,1.8%,2025-07-15
2025-06-01,08:00 AM,Inflation Rate YoY,May,1.69%,1.65%,,,2025-07-16
2025-07-01,07:30 AM,Inflation Rate YoY,Jun,1.70%,1.69%,,1.7%,2025-07-16
2025-08-01,08:00 AM,Inflation Rate YoY,Jul,,1.69%,,1.8%,2025-07-16
2025-06-01,08:00 AM,Inflation Rate YoY,May,1.69%,1.65%,,,2025-07-17
2025-07-01,07:30 AM,Inflation Rate YoY,Jun,1.70%,1.69%,,1.7%,2025-07-17
2025-08-01,08:00 AM,Inflation Rate YoY,Jul,,1.69%,,1.8%,2025-07-17
2025-06-01,08:00 AM,Inflation Rate YoY,May,1.69%,1.65%,,,2025-07-18
2025-07-01,07:30 AM,Inflation Rate YoY,Jun,1.70%,1.69%,,1.7%,2025-07-18
2025-08-01,08:00 AM,Inflation Rate YoY,Jul,,1.69%,,1.8%,2025-07-18
2025-06-01,08:00 AM,Inflation Rate YoY,May,1.69%,1.65%,,,2025-07-19
2025-07-01,07:30 AM,Inflation Rate YoY,Jun,1.70%,1.69%,,1.7%,2025-07-19
2025-08-01,08:00 AM,Inflation Rate YoY,Jul,,1.69%,,1.8%,2025-07-19
2025-06-01,08:00 AM,Inflation Rate YoY,May,1.69%,1.65%,,,2025-07-20
2025-07-01,07:30 AM,Inflation Rate YoY,Jun,1.70%,1.69%,,1.7%,2025-07-20
2025-08-01,08:00 AM,Inflation Rate YoY,Jul,,1.69%,,1.8%,2025-07-20
2025-06-01,08:00 AM,Inflation Rate YoY,May,1.69%,1.65%,,,2025-07-21
2025-07-01,07:30 AM,Inflation Rate YoY,Jun,1.70%,1.69%,,1.7%,2025-07-21
2025-08-01,08:00 AM,Inflation Rate YoY,Jul,,1.69%,,1.8%,2025-07-21
2025-06-01,08:00 AM,Inflation Rate YoY,May,1.69%,1.65%,,,2025-07-22
2025-07-01,07:30 AM,Inflation Rate YoY,Jun,1.70%,1.69%,,1.7%,2025-07-22
2025-08-01,08:00 AM,Inflation Rate YoY,Jul,,1.69%,,1.8%,2025-07-22
2025-06-01,08:00 AM,Inflation Rate YoY,May,1.69%,1.65%,,,2025-07-23
2025-07-01,07:30 AM,Inflation Rate YoY,Jun,1.70%,1.69%,,1.7%,2025-07-23
2025-08-01,08:00 AM,Inflation Rate YoY,Jul,,1.69%,,1.8%,2025-07-23
2025-06-01,08:00 AM,Inflation Rate YoY,May,1.69%,1.65%,,,2025-07-24
2025-07-01,07:30 AM,Inflation Rate YoY,Jun,1.70%,1.69%,,1.7%,2025-07-24
2025-08-01,08:00 AM,Inflation Rate YoY,Jul,,1.69%,,1.8%,2025-07-24
2025-06-01,08:00 AM,Inflation Rate YoY,May,1.69%,1.65%,,,2025-07-25
2025-07-01,07:30 AM,Inflation Rate YoY,Jun,1.70%,1.69%,,1.7%,2025-07-25
2025-08-01,08:00 AM,Inflation Rate YoY,Jul,,1.69%,,1.8%,2025-07-25
2025-06-01,08:00 AM,Inflation Rate YoY,May,1.69%,1.65%,,,2025-07-26
2025-07-01,07:30 AM,Inflation Rate YoY,Jun,1.70%,1.69%,,1.7%,2025-07-26
2025-08-01,08:00 AM,Inflation Rate YoY,Jul,,1.69%,,1.8%,2025-07-26
2025-06-01,08:00 AM,Inflation Rate YoY,May,1.69%,1.65%,,,2025-07-27
2025-07-01,07:30 AM,Inflation Rate YoY,Jun,1.70%,1.69%,,1.7%,2025-07-27
2025-08-01,08:00 AM,Inflation Rate YoY,Jul,,1.69%,,1.8%,2025-07-27
2025-06-01,08:00 AM,Inflation Rate YoY,May,1.69%,1.65%,,,2025-07-28
2025-07-01,07:30 AM,Inflation Rate YoY,Jun,1.70%,1.69%,,1.7%,2025-07-28
2025-08-01,08:00 AM,Inflation Rate YoY,Jul,,1.69%,,1.8%,2025-07-28
2025-06-01,08:00 AM,Inflation Rate YoY,May,1.69%,1.65%,,,2025-07-29
2025-07-01,07:30 AM,Inflation Rate YoY,Jun,1.70%,1.69%,,1.7%,2025-07-29
2025-08-01,08:00 AM,Inflation Rate YoY,Jul,,1.69%,,1.8%,2025-07-29
2025-06-01,08:00 AM,Inflation Rate YoY,May,1.69%,1.65%,,,2025-07-30
2025-07-01,07:30 AM,Inflation Rate YoY,Jun,1.70%,1.69%,,1.7%,2025-07-30
2025-08-01,08:00 AM,Inflation Rate YoY,Jul,,1.69%,,1.8%,2025-07-30
2025-06-01,08:00 AM,Inflation Rate YoY,May,1.69%,1.65%,,,2025-07-31
2025-07-01,07:30 AM,Inflation Rate YoY,Jun,1.70%,1.69%,,1.7%,2025-07-31
2025-08-01,08:00 AM,Inflation Rate YoY,Jul,,1.69%,,1.8%,2025-07-31
2025-07-01,07:30 AM,Inflation Rate YoY,Jun,1.70%,1.69%,,1.7%,2025-08-01
2025-08-01,11:00 AM,Inflation Rate YoY,Jul,1.69%,1.69%,,1.8%,2025-08-01
2025-09-01,09:00 AM,Inflation Rate YoY,Aug,,,,,2025-08-01
2025-07-01,07:30 AM,Inflation Rate YoY,Jun,1.70%,1.69%,,1.7%,2025-08-02
2025-08-01,11:00 AM,Inflation Rate YoY,Jul,1.69%,1.69%,,1.8%,2025-08-02
2025-09-01,09:00 AM,Inflation Rate YoY,Aug,,,,,2025-08-02
2025-07-01,07:30 AM,Inflation Rate YoY,Jun,1.70%,1.69%,,1.7%,2025-08-03
2025-08-01,11:00 AM,Inflation Rate YoY,Jul,1.69%,1.69%,,1.8%,2025-08-03
2025-09-01,09:00 AM,Inflation Rate YoY,Aug,,,,,2025-08-03
2025-07-01,07:30 AM,Inflation Rate YoY,Jun,1.70%,1.69%,,1.7%,2025-08-04
2025-08-01,11:00 AM,Inflation Rate YoY,Jul,1.69%,1.69%,,1.8%,2025-08-04
2025-09-01,09:00 AM,Inflation Rate YoY,Aug,,,,,2025-08-04
2025-07-01,07:30 AM,Inflation Rate YoY,Jun,1.70%,1.69%,,1.7%,2025-08-05
2025-08-01,11:00 AM,Inflation Rate YoY,Jul,1.69%,1.69%,,1.8%,2025-08-05
2025-09-01,09:00 AM,Inflation Rate YoY,Aug,,,,,2025-08-05
2025-07-01,07:30 AM,Inflation Rate YoY,Jun,1.70%,1.69%,,1.7%,2025-08-06
2025-08-01,11:00 AM,Inflation Rate YoY,Jul,1.69%,1.69%,,1.8%,2025-08-06
2025-09-01,09:00 AM,Inflation Rate YoY,Aug,,1.69%,,1.8%,2025-08-06
2025-07-01,07:30 AM,Inflation Rate YoY,Jun,1.70%,1.69%,,1.7%,2025-08-07
2025-08-01,11:00 AM,Inflation Rate YoY,Jul,1.69%,1.69%,,1.8%,2025-08-07
2025-09-01,09:00 AM,Inflation Rate YoY,Aug,,1.69%,,1.8%,2025-08-07
2025-07-01,07:30 AM,Inflation Rate YoY,Jun,1.70%,1.69%,,1.7%,2025-08-08
2025-08-01,11:00 AM,Inflation Rate YoY,Jul,1.69%,1.69%,,1.8%,2025-08-08
2025-09-01,09:00 AM,Inflation Rate YoY,Aug,,1.69%,,1.8%,2025-08-08
2025-07-01,07:30 AM,Inflation Rate YoY,Jun,1.70%,1.69%,,1.7%,2025-08-09
2025-08-01,11:00 AM,Inflation Rate YoY,Jul,1.69%,1.69%,,1.8%,2025-08-09
2025-09-01,09:00 AM,Inflation Rate YoY,Aug,,1.69%,,1.8%,2025-08-09
2025-07-01,07:30 AM,Inflation Rate YoY,Jun,1.70%,1.69%,,1.7%,2025-08-10
2025-08-01,11:00 AM,Inflation Rate YoY,Jul,1.69%,1.69%,,1.8%,2025-08-10
2025-09-01,09:00 AM,Inflation Rate YoY,Aug,,1.69%,,1.8%,2025-08-10
2025-07-01,07:30 AM,Inflation Rate YoY,Jun,1.70%,1.69%,,1.7%,2025-08-11
2025-08-01,11:00 AM,Inflation Rate YoY,Jul,1.69%,1.69%,,1.8%,2025-08-11
2025-09-01,09:00 AM,Inflation Rate YoY,Aug,,1.69%,,1.8%,2025-08-11
2025-07-01,07:30 AM,Inflation Rate YoY,Jun,1.70%,1.69%,,1.7%,2025-08-12
2025-08-01,11:00 AM,Inflation Rate YoY,Jul,1.69%,1.69%,,1.8%,2025-08-12
2025-09-01,09:00 AM,Inflation Rate YoY,Aug,,1.69%,,1.8%,2025-08-12
2025-07-01,07:30 AM,Inflation Rate YoY,Jun,1.70%,1.69%,,1.7%,2025-08-13
2025-08-01,11:00 AM,Inflation Rate YoY,Jul,1.69%,1.69%,,1.8%,2025-08-13
2025-09-01,09:00 AM,Inflation Rate YoY,Aug,,1.69%,,1.8%,2025-08-13
2025-07-01,07:30 AM,Inflation Rate YoY,Jun,1.70%,1.69%,,1.7%,2025-08-14
2025-08-01,11:00 AM,Inflation Rate YoY,Jul,1.69%,1.69%,,1.8%,2025-08-14
2025-09-01,09:00 AM,Inflation Rate YoY,Aug,,1.69%,,1.8%,2025-08-14
2025-07-01,07:30 AM,Inflation Rate YoY,Jun,1.70%,1.69%,,1.7%,2025-08-15
2025-08-01,11:00 AM,Inflation Rate YoY,Jul,1.69%,1.69%,,1.8%,2025-08-15
2025-09-01,09:00 AM,Inflation Rate YoY,Aug,,1.69%,,1.8%,2025-08-15
2025-07-01,07:30 AM,Inflation Rate YoY,Jun,1.70%,1.69%,,1.7%,2025-08-16
2025-08-01,11:00 AM,Inflation Rate YoY,Jul,1.69%,1.69%,,1.8%,2025-08-16
2025-09-01,09:00 AM,Inflation Rate YoY,Aug,,1.69%,,1.8%,2025-08-16
2025-07-01,07:30 AM,Inflation Rate YoY,Jun,1.70%,1.69%,,1.7%,2025-08-17
2025-08-01,11:00 AM,Inflation Rate YoY,Jul,1.69%,1.69%,,1.8%,2025-08-17
2025-09-01,09:00 AM,Inflation Rate YoY,Aug,,1.69%,,1.8%,2025-08-17
2025-07-01,07:30 AM,Inflation Rate YoY,Jun,1.70%,1.69%,,1.7%,2025-08-18
2025-08-01,11:00 AM,Inflation Rate YoY,Jul,1.69%,1.69%,,1.8%,2025-08-18
2025-09-01,09:00 AM,Inflation Rate YoY,Aug,,1.69%,,1.8%,2025-08-18
2025-07-01,07:30 AM,Inflation Rate YoY,Jun,1.70%,1.69%,,1.7%,2025-08-19
2025-08-01,11:00 AM,Inflation Rate YoY,Jul,1.69%,1.69%,,1.8%,2025-08-19
2025-09-01,09:00 AM,Inflation Rate YoY,Aug,,1.69%,,1.8%,2025-08-19
2025-07-01,07:30 AM,Inflation Rate YoY,Jun,1.70%,1.69%,,1.7%,2025-08-20
2025-08-01,11:00 AM,Inflation Rate YoY,Jul,1.69%,1.69%,,1.8%,2025-08-20
2025-09-01,09:00 AM,Inflation Rate YoY,Aug,,1.69%,,1.8%,2025-08-20
2025-07-01,07:30 AM,Inflation Rate YoY,Jun,1.70%,1.69%,,1.7%,2025-08-21
2025-08-01,11:00 AM,Inflation Rate YoY,Jul,1.69%,1.69%,,1.8%,2025-08-21
2025-09-01,09:00 AM,Inflation Rate YoY,Aug,,1.69%,,1.8%,2025-08-21
2025-07-01,07:30 AM,Inflation Rate YoY,Jun,1.70%,1.69%,,1.7%,2025-08-22
2025-08-01,11:00 AM,Inflation Rate YoY,Jul,1.69%,1.69%,,1.8%,2025-08-22
2025-09-01,09:00 AM,Inflation Rate YoY,Aug,,1.69%,,1.8%,2025-08-22
2025-07-01,07:30 AM,Inflation Rate YoY,Jun,1.70%,1.69%,,1.7%,2025-08-23
2025-08-01,11:00 AM,Inflation Rate YoY,Jul,1.69%,1.69%,,1.8%,2025-08-23
2025-09-01,09:00 AM,Inflation Rate YoY,Aug,,1.69%,,1.8%,2025-08-23
2025-07-01,07:30 AM,Inflation Rate YoY,Jun,1.70%,1.69%,,1.7%,2025-08-24
2025-08-01,11:00 AM,Inflation Rate YoY,Jul,1.69%,1.69%,,1.8%,2025-08-24
2025-09-01,09:00 AM,Inflation Rate YoY,Aug,,1.69%,,1.8%,2025-08-24
2025-07-01,07:30 AM,Inflation Rate YoY,Jun,1.70%,1.69%,,1.7%,2025-08-25
2025-08-01,11:00 AM,Inflation Rate YoY,Jul,1.69%,1.69%,,1.8%,2025-08-25
2025-09-01,09:00 AM,Inflation Rate YoY,Aug,,1.69%,,1.8%,2025-08-25
2025-07-01,07:30 AM,Inflation Rate YoY,Jun,1.70%,1.69%,,1.7%,2025-08-26
2025-08-01,11:00 AM,Inflation Rate YoY,Jul,1.69%,1.69%,,1.8%,2025-08-26
2025-09-01,09:00 AM,Inflation Rate YoY,Aug,,1.69%,,1.8%,2025-08-26
2025-07-01,07:30 AM,Inflation Rate YoY,Jun,1.70%,1.69%,,1.7%,2025-08-27
2025-08-01,11:00 AM,Inflation Rate YoY,Jul,1.69%,1.69%,,1.8%,2025-08-27
2025-09-01,09:00 AM,Inflation Rate YoY,Aug,,1.69%,,1.8%,2025-08-27
2025-07-01,07:30 AM,Inflation Rate YoY,Jun,1.70%,1.69%,,1.7%,2025-08-28
2025-08-01,11:00 AM,Inflation Rate YoY,Jul,1.69%,1.69%,,1.8%,2025-08-28
2025-09-01,09:00 AM,Inflation Rate YoY,Aug,,1.69%,,1.8%,2025-08-28
2025-07-01,07:30 AM,Inflation Rate YoY,Jun,1.70%,1.69%,,1.7%,2025-08-29
2025-08-01,11:00 AM,Inflation Rate YoY,Jul,1.69%,1.69%,,1.8%,2025-08-29
2025-09-01,09:00 AM,Inflation Rate YoY,Aug,,1.69%,,1.8%,2025-08-29
2025-07-01,07:30 AM,Inflation Rate YoY,Jun,1.70%,1.69%,,1.7%,2025-08-30
2025-08-01,11:00 AM,Inflation Rate YoY,Jul,1.69%,1.69%,,1.8%,2025-08-30
2025-09-01,08:00 AM,Inflation Rate YoY,Aug,,1.69%,,1.8%,2025-08-30
2025-07-01,07:30 AM,Inflation Rate YoY,Jun,1.70%,1.69%,,1.7%,2025-08-31
2025-08-01,11:00 AM,Inflation Rate YoY,Jul,1.69%,1.69%,,1.8%,2025-08-31
2025-09-01,08:00 AM,Inflation Rate YoY,Aug,,1.69%,,1.8%,2025-08-31
2025-08-01,11:00 AM,Inflation Rate YoY,Jul,1.69%,1.69%,,1.8%,2025-09-01
2025-09-01,06:30 AM,Inflation Rate YoY,Aug,1.11%,1.69%,,1.8%,2025-09-01
2025-10-01,06:40 AM,Inflation Rate YoY,Sep,,1.11%,,1.0%,2025-09-01
2025-08-01,11:00 AM,Inflation Rate YoY,Jul,1.69%,1.69%,,1.8%,2025-09-02
2025-09-01,06:30 AM,Inflation Rate YoY,Aug,1.11%,1.69%,,1.8%,2025-09-02
2025-10-01,06:40 AM,Inflation Rate YoY,Sep,,1.11%,,1.0%,2025-09-02
2025-08-01,11:00 AM,Inflation Rate YoY,Jul,1.69%,1.69%,,1.8%,2025-09-03
2025-09-01,06:30 AM,Inflation Rate YoY,Aug,1.11%,1.69%,,1.8%,2025-09-03
2025-10-01,06:40 AM,Inflation Rate YoY,Sep,,1.11%,,1.0%,2025-09-03
2025-08-01,11:00 AM,Inflation Rate YoY,Jul,1.69%,1.69%,,1.8%,2025-09-04
2025-09-01,06:30 AM,Inflation Rate YoY,Aug,1.11%,1.69%,,1.8%,2025-09-04
2025-10-01,06:40 AM,Inflation Rate YoY,Sep,,1.11%,,1.0%,2025-09-04
2025-08-01,11:00 AM,Inflation Rate YoY,Jul,1.69%,1.69%,,1.8%,2025-09-05
2025-09-01,06:30 AM,Inflation Rate YoY,Aug,1.11%,1.69%,,1.8%,2025-09-05
2025-10-01,06:40 AM,Inflation Rate YoY,Sep,,1.11%,,1.0%,2025-09-05
2025-08-01,11:00 AM,Inflation Rate YoY,Jul,1.69%,1.69%,,1.8%,2025-09-06
2025-09-01,06:30 AM,Inflation Rate YoY,Aug,1.11%,1.69%,,1.8%,2025-09-06
2025-10-01,06:40 AM,Inflation Rate YoY,Sep,,1.11%,,1.0%,2025-09-06
2025-08-01,11:00 AM,Inflation Rate YoY,Jul,1.69%,1.69%,,1.8%,2025-09-07
2025-09-01,06:30 AM,Inflation Rate YoY,Aug,1.11%,1.69%,,1.8%,2025-09-07
2025-10-01,06:40 AM,Inflation Rate YoY,Sep,,1.11%,,1.0%,2025-09-07
2025-08-01,11:00 AM,Inflation Rate YoY,Jul,1.69%,1.69%,,1.8%,2025-09-08
2025-09-01,06:30 AM,Inflation Rate YoY,Aug,1.11%,1.69%,,1.8%,2025-09-08
2025-10-01,06:40 AM,Inflation Rate YoY,Sep,,1.11%,,1.0%,2025-09-08
2025-08-01,11:00 AM,Inflation Rate YoY,Jul,1.69%,1.69%,,1.8%,2025-09-09
2025-09-01,06:30 AM,Inflation Rate YoY,Aug,1.11%,1.69%,,1.8%,2025-09-09
2025-10-01,06:40 AM,Inflation Rate YoY,Sep,,1.11%,,1.0%,2025-09-09
2025-08-01,11:00 AM,Inflation Rate YoY,Jul,1.69%,1.69%,,1.8%,2025-09-10
2025-09-01,06:30 AM,Inflation Rate YoY,Aug,1.11%,1.69%,,1.8%,2025-09-10
2025-10-01,06:40 AM,Inflation Rate YoY,Sep,,1.11%,,1.0%,2025-09-10
2025-08-01,11:00 AM,Inflation Rate YoY,Jul,1.69%,1.69%,,1.8%,2025-09-11
2025-09-01,06:30 AM,Inflation Rate YoY,Aug,1.11%,1.69%,,1.8%,2025-09-11
2025-10-01,06:40 AM,Inflation Rate YoY,Sep,,1.11%,,1.0%,2025-09-11
2025-08-01,11:00 AM,Inflation Rate YoY,Jul,1.69%,1.69%,,1.8%,2025-09-12
2025-09-01,06:30 AM,Inflation Rate YoY,Aug,1.11%,1.69%,,1.8%,2025-09-12
2025-10-01,06:40 AM,Inflation Rate YoY,Sep,,1.11%,,1.0%,2025-09-12
2025-08-01,11:00 AM,Inflation Rate YoY,Jul,1.69%,1.69%,,1.8%,2025-09-13
2025-09-01,06:30 AM,Inflation Rate YoY,Aug,1.11%,1.69%,,1.8%,2025-09-13
2025-10-01,06:40 AM,Inflation Rate YoY,Sep,,1.11%,,1.0%,2025-09-13
2025-08-01,11:00 AM,Inflation Rate YoY,Jul,1.69%,1.69%,,1.8%,2025-09-14
2025-09-01,06:30 AM,Inflation Rate YoY,Aug,1.11%,1.69%,,1.8%,2025-09-14
2025-10-01,06:40 AM,Inflation Rate YoY,Sep,,1.11%,,1.0%,2025-09-14
2025-08-01,11:00 AM,Inflation Rate YoY,Jul,1.69%,1.69%,,1.8%,2025-09-15
2025-09-01,06:30 AM,Inflation Rate YoY,Aug,1.11%,1.69%,,1.8%,2025-09-15
2025-10-01,06:40 AM,Inflation Rate YoY,Sep,,1.11%,,1.0%,2025-09-15
2025-08-01,11:00 AM,Inflation Rate YoY,Jul,1.69%,1.69%,,1.8%,2025-09-16
2025-09-01,06:30 AM,Inflation Rate YoY,Aug,1.11%,1.69%,,1.8%,2025-09-16
2025-10-01,06:40 AM,Inflation Rate YoY,Sep,,1.11%,,1.0%,2025-09-16
2025-08-01,11:00 AM,Inflation Rate YoY,Jul,1.69%,1.69%,,1.8%,2025-09-17
2025-09-01,06:30 AM,Inflation Rate YoY,Aug,1.11%,1.69%,,1.8%,2025-09-17
2025-10-01,06:40 AM,Inflation Rate YoY,Sep,,1.11%,,1.0%,2025-09-17
2025-08-01,11:00 AM,Inflation Rate YoY,Jul,1.69%,1.69%,,1.8%,2025-09-18
2025-09-01,06:30 AM,Inflation Rate YoY,Aug,1.11%,1.69%,,1.8%,2025-09-18
2025-10-01,06:40 AM,Inflation Rate YoY,Sep,,1.11%,,1.0%,2025-09-18
2025-08-01,11:00 AM,Inflation Rate YoY,Jul,1.69%,1.69%,,1.8%,2025-09-19
2025-09-01,06:30 AM,Inflation Rate YoY,Aug,1.11%,1.69%,,1.8%,2025-09-19
2025-10-01,06:40 AM,Inflation Rate YoY,Sep,,1.11%,,1.0%,2025-09-19
2025-08-01,11:00 AM,Inflation Rate YoY,Jul,1.69%,1.69%,,1.8%,2025-09-20
2025-09-01,06:30 AM,Inflation Rate YoY,Aug,1.11%,1.69%,,1.8%,2025-09-20
2025-10-01,06:40 AM,Inflation Rate YoY,Sep,,1.11%,,1.0%,2025-09-20
2025-08-01,11:00 AM,Inflation Rate YoY,Jul,1.69%,1.69%,,1.8%,2025-09-21
2025-09-01,06:30 AM,Inflation Rate YoY,Aug,1.11%,1.69%,,1.8%,2025-09-21
2025-10-01,06:40 AM,Inflation Rate YoY,Sep,,1.11%,,1.0%,2025-09-21
2025-08-01,11:00 AM,Inflation Rate YoY,Jul,1.69%,1.69%,,1.8%,2025-09-22
2025-09-01,06:30 AM,Inflation Rate YoY,Aug,1.11%,1.69%,,1.8%,2025-09-22
2025-10-01,06:40 AM,Inflation Rate YoY,Sep,,1.11%,,1.0%,2025-09-22
2025-08-01,11:00 AM,Inflation Rate YoY,Jul,1.69%,1.69%,,1.8%,2025-09-23
2025-09-01,06:30 AM,Inflation Rate YoY,Aug,1.11%,1.69%,,1.8%,2025-09-23
2025-10-01,06:40 AM,Inflation Rate YoY,Sep,,1.11%,,1.5%,2025-09-23
2025-08-01,11:00 AM,Inflation Rate YoY,Jul,1.69%,1.69%,,1.8%,2025-09-24
2025-09-01,06:30 AM,Inflation Rate YoY,Aug,1.11%,1.69%,,1.8%,2025-09-24
2025-10-01,06:40 AM,Inflation Rate YoY,Sep,,1.11%,,1.5%,2025-09-24
2025-08-01,11:00 AM,Inflation Rate YoY,Jul,1.69%,1.69%,,1.8%,2025-09-25
2025-09-01,06:30 AM,Inflation Rate YoY,Aug,1.11%,1.69%,,1.8%,2025-09-25
2025-10-01,06:40 AM,Inflation Rate YoY,Sep,,1.11%,,1.5%,2025-09-25
2025-08-01,11:00 AM,Inflation Rate YoY,Jul,1.69%,1.69%,,1.8%,2025-09-26
2025-09-01,06:30 AM,Inflation Rate YoY,Aug,1.11%,1.69%,,1.8%,2025-09-26
2025-10-01,06:40 AM,Inflation Rate YoY,Sep,,1.11%,,1.5%,2025-09-26
2025-08-01,11:00 AM,Inflation Rate YoY,Jul,1.69%,1.69%,,1.8%,2025-09-27
2025-09-01,06:30 AM,Inflation Rate YoY,Aug,1.11%,1.69%,,1.8%,2025-09-27
2025-10-01,07:30 AM,Inflation Rate YoY,Sep,,1.11%,,1.5%,2025-09-27
