Fecha,Liquidez de las sociedades creadoras de dep√≥sito (fin de periodo) - Liquidez en Soles (millones S/),fecha_carga
Ene92,1791,2025-06-08
Feb92,1917,2025-06-08
Mar92,2017,2025-06-08
Abr92,2118,2025-06-08
May92,2162,2025-06-08
Jun92,2200,2025-06-08
Jul92,2411,2025-06-08
Ago92,2391,2025-06-08
Sep92,2455,2025-06-08
Oct92,2508,2025-06-08
Nov92,2502,2025-06-08
Dic92,2798,2025-06-08
Ene93,2754,2025-06-08
Feb93,2919,2025-06-08
Mar93,2971,2025-06-08
Abr93,2975,2025-06-08
May93,2899,2025-06-08
Jun93,2959,2025-06-08
Jul93,3282,2025-06-08
Ago93,3255,2025-06-08
Sep93,3229,2025-06-08
Oct93,3371,2025-06-08
Nov93,3390,2025-06-08
Dic93,3732,2025-06-08
Ene94,3661,2025-06-08
Feb94,4015,2025-06-08
Mar94,4248,2025-06-08
Abr94,4286,2025-06-08
May94,4550,2025-06-08
Jun94,5024,2025-06-08
Jul94,5666,2025-06-08
Ago94,5364,2025-06-08
Sep94,5541,2025-06-08
Oct94,5622,2025-06-08
Nov94,5684,2025-06-08
Dic94,6134,2025-06-08
Ene95,5974,2025-06-08
Feb95,6187,2025-06-08
Mar95,6491,2025-06-08
Abr95,6495,2025-06-08
May95,6502,2025-06-08
Jun95,6931,2025-06-08
Jul95,7556,2025-06-08
Ago95,7366,2025-06-08
Sep95,7249,2025-06-08
Oct95,7428,2025-06-08
Nov95,7462,2025-06-08
Dic95,7882,2025-06-08
Ene96,7706,2025-06-08
Feb96,7926,2025-06-08
Mar96,8166,2025-06-08
Abr96,8282,2025-06-08
May96,8310,2025-06-08
Jun96,8500,2025-06-08
Jul96,8841,2025-06-08
Ago96,8647,2025-06-08
Sep96,8826,2025-06-08
Oct96,8733,2025-06-08
Nov96,8934,2025-06-08
Dic96,9593,2025-06-08
Ene97,9109,2025-06-08
Feb97,9124,2025-06-08
Mar97,9763,2025-06-08
Abr97,9609,2025-06-08
May97,9562,2025-06-08
Jun97,9815,2025-06-08
Jul97,10547,2025-06-08
Ago97,10287,2025-06-08
Sep97,10682,2025-06-08
Oct97,10828,2025-06-08
Nov97,11086,2025-06-08
Dic97,11920,2025-06-08
Ene98,11646,2025-06-08
Feb98,11435,2025-06-08
Mar98,11867,2025-06-08
Abr98,11782,2025-06-08
May98,11685,2025-06-08
Jun98,11623,2025-06-08
Jul98,11709,2025-06-08
Ago98,11311,2025-06-08
Sep98,10765,2025-06-08
Oct98,10797,2025-06-08
Nov98,10983,2025-06-08
Dic98,11566,2025-06-08
Ene99,11036,2025-06-08
Feb99,11145,2025-06-08
Mar99,11034,2025-06-08
Abr99,10811,2025-06-08
May99,11032,2025-06-08
Jun99,10972,2025-06-08
Jul99,11750,2025-06-08
Ago99,11469,2025-06-08
Sep99,11632,2025-06-08
Oct99,11529,2025-06-08
Nov99,11703,2025-06-08
Dic99,12564,2025-06-08
Ene00,11887,2025-06-08
Feb00,11432,2025-06-08
Mar00,11895,2025-06-08
Abr00,11616,2025-06-08
May00,11538,2025-06-08
Jun00,11766,2025-06-08
Jul00,12139,2025-06-08
Ago00,11734,2025-06-08
Sep00,11799,2025-06-08
Oct00,11758,2025-06-08
Nov00,11767,2025-06-08
Dic00,12720,2025-06-08
Ene01,11572,2025-06-08
Feb01,11530,2025-06-08
Mar01,11744,2025-06-08
Abr01,12114,2025-06-08
May01,11667,2025-06-08
Jun01,11535,2025-06-08
Jul01,12197,2025-06-08
Ago01,11842,2025-06-08
Sep01,11861,2025-06-08
Oct01,11962,2025-06-08
Nov01,12402,2025-06-08
Dic01,13462,2025-06-08
Ene02,12791,2025-06-08
Feb02,12915,2025-06-08
Mar02,13471,2025-06-08
Abr02,13129,2025-06-08
May02,13193,2025-06-08
Jun02,13587,2025-06-08
Jul02,14794,2025-06-08
Ago02,14265,2025-06-08
Sep02,14015,2025-06-08
Oct02,13899,2025-06-08
Nov02,13907,2025-06-08
Dic02,14742,2025-06-08
Ene03,13928,2025-06-08
Feb03,14085,2025-06-08
Mar03,14292,2025-06-08
Abr03,14346,2025-06-08
May03,14179,2025-06-08
Jun03,14356,2025-06-08
Jul03,15350,2025-06-08
Ago03,15031,2025-06-08
Sep03,14882,2025-06-08
Oct03,15121,2025-06-08
Nov03,15180,2025-06-08
Dic03,16174,2025-06-08
Ene04,16055,2025-06-08
Feb04,16101,2025-06-08
Mar04,16676,2025-06-08
Abr04,16761,2025-06-08
May04,17007,2025-06-08
Jun04,17112,2025-06-08
Jul04,17776,2025-06-08
Ago04,17665,2025-06-08
Sep04,18104,2025-06-08
Oct04,19513,2025-06-08
Nov04,20060,2025-06-08
Dic04,21446,2025-06-08
Ene05,21085,2025-06-08
Feb05,21955,2025-06-08
Mar05,22880,2025-06-08
Abr05,22687,2025-06-08
May05,22702,2025-06-08
Jun05,23096,2025-06-08
Jul05,24867,2025-06-08
Ago05,24779,2025-06-08
Sep05,24894,2025-06-08
Oct05,25238,2025-06-08
Nov05,26067,2025-06-08
Dic05,28264,2025-06-08
Ene06,26726,2025-06-08
Feb06,27070,2025-06-08
Mar06,27708,2025-06-08
Abr06,26495,2025-06-08
May06,26318,2025-06-08
Jun06,26887,2025-06-08
Jul06,27810,2025-06-08
Ago06,27887,2025-06-08
Sep06,28175,2025-06-08
Oct06,28491,2025-06-08
Nov06,30072,2025-06-08
Dic06,33340,2025-06-08
Ene07,33455,2025-06-08
Feb07,33672,2025-06-08
Mar07,34819,2025-06-08
Abr07,34211,2025-06-08
May07,34769,2025-06-08
Jun07,35992,2025-06-08
Jul07,37664,2025-06-08
Ago07,38072,2025-06-08
Sep07,37962,2025-06-08
Oct07,40173,2025-06-08
Nov07,42375,2025-06-08
Dic07,44866,2025-06-08
Ene08,45876,2025-06-08
Feb08,49119,2025-06-08
Mar08,51593,2025-06-08
Abr08,53598,2025-06-08
May08,54253,2025-06-08
Jun08,55071,2025-06-08
Jul08,55839,2025-06-08
Ago08,56323,2025-06-08
Sep08,55951,2025-06-08
Oct08,55910,2025-06-08
Nov08,55994,2025-06-08
Dic08,57083,2025-06-08
Ene09,55300,2025-06-08
Feb09,56253,2025-06-08
Mar09,56064,2025-06-08
Abr09,54924,2025-06-08
May09,55785,2025-06-08
Jun09,56855,2025-06-08
Jul09,59090,2025-06-08
Ago09,58986,2025-06-08
Sep09,58933,2025-06-08
Oct09,60268,2025-06-08
Nov09,62019,2025-06-08
Dic09,65324,2025-06-08
Ene10,65535,2025-06-08
Feb10,66737,2025-06-08
Mar10,69022,2025-06-08
Abr10,68937,2025-06-08
May10,70403,2025-06-08
Jun10,71687,2025-06-08
Jul10,73478,2025-06-08
Ago10,75848,2025-06-08
Sep10,76121,2025-06-08
Oct10,77874,2025-06-08
Nov10,80605,2025-06-08
Dic10,85366,2025-06-08
Ene11,84151,2025-06-08
Feb11,84896,2025-06-08
Mar11,87177,2025-06-08
Abr11,85435,2025-06-08
May11,85752,2025-06-08
Jun11,86010,2025-06-08
Jul11,89699,2025-06-08
Ago11,90560,2025-06-08
Sep11,91501,2025-06-08
Oct11,92065,2025-06-08
Nov11,93373,2025-06-08
Dic11,99520,2025-06-08
Ene12,99766,2025-06-08
Feb12,101709,2025-06-08
Mar12,104331,2025-06-08
Abr12,105881,2025-06-08
May12,107648,2025-06-08
Jun12,107368,2025-06-08
Jul12,108805,2025-06-08
Ago12,110171,2025-06-08
Sep12,111921,2025-06-08
Oct12,114888,2025-06-08
Nov12,117338,2025-06-08
Dic12,122734,2025-06-08
Ene13,123742,2025-06-08
Feb13,127088,2025-06-08
Mar13,127825,2025-06-08
Abr13,128025,2025-06-08
May13,129040,2025-06-08
Jun13,129318,2025-06-08
Jul13,132213,2025-06-08
Ago13,130663,2025-06-08
Sep13,128271,2025-06-08
Oct13,129052,2025-06-08
Nov13,130928,2025-06-08
Dic13,136976,2025-06-08
Ene14,135333,2025-06-08
Feb14,135807,2025-06-08
Mar14,136019,2025-06-08
Abr14,135336,2025-06-08
May14,136146,2025-06-08
Jun14,136894,2025-06-08
Jul14,140976,2025-06-08
Ago14,141918,2025-06-08
Sep14,141779,2025-06-08
Oct14,142719,2025-06-08
Nov14,143227,2025-06-08
Dic14,151445,2025-06-08
Ene15,148877,2025-06-08
Feb15,148046,2025-06-08
Mar15,145775,2025-06-08
Abr15,144858,2025-06-08
May15,144907,2025-06-08
Jun15,144852,2025-06-08
Jul15,147345,2025-06-08
Ago15,145180,2025-06-08
Sep15,145095,2025-06-08
Oct15,146367,2025-06-08
Nov15,148132,2025-06-08
Dic15,156170,2025-06-08
Ene16,153332,2025-06-08
Feb16,152969,2025-06-08
Mar16,151792,2025-06-08
Abr16,152686,2025-06-08
May16,154805,2025-06-08
Jun16,156955,2025-06-08
Jul16,161997,2025-06-08
Ago16,161220,2025-06-08
Sep16,161204,2025-06-08
Oct16,161435,2025-06-08
Nov16,164462,2025-06-08
Dic16,170211,2025-06-08
Ene17,169017,2025-06-08
Feb17,167979,2025-06-08
Mar17,169277,2025-06-08
Abr17,168953,2025-06-08
May17,171814,2025-06-08
Jun17,173702,2025-06-08
Jul17,176919,2025-06-08
Ago17,176620,2025-06-08
Sep17,180275,2025-06-08
Oct17,181738,2025-06-08
Nov17,184726,2025-06-08
Dic17,191498,2025-06-08
Ene18,192458,2025-06-08
Feb18,193010,2025-06-08
Mar18,194496,2025-06-08
Abr18,192777,2025-06-08
May18,194195,2025-06-08
Jun18,195456,2025-06-08
Jul18,199299,2025-06-08
Ago18,201853,2025-06-08
Sep18,201667,2025-06-08
Oct18,204279,2025-06-08
Nov18,207634,2025-06-08
Dic18,215028,2025-06-08
Ene19,212738,2025-06-08
Feb19,210870,2025-06-08
Mar19,214692,2025-06-08
Abr19,213352,2025-06-08
May19,215186,2025-06-08
Jun19,216390,2025-06-08
Jul19,221639,2025-06-08
Ago19,223945,2025-06-08
Sep19,223319,2025-06-08
Oct19,225172,2025-06-08
Nov19,230381,2025-06-08
Dic19,236523,2025-06-08
Ene20,239204,2025-06-08
Feb20,240225,2025-06-08
Mar20,244802,2025-06-08
Abr20,254282,2025-06-08
May20,275528,2025-06-08
Jun20,285352,2025-06-08
Jul20,296738,2025-06-08
Ago20,299646,2025-06-08
Sep20,299949,2025-06-08
Oct20,301230,2025-06-08
Nov20,303193,2025-06-08
Dic20,313028,2025-06-08
Ene21,315391,2025-06-08
Feb21,316394,2025-06-08
Mar21,315948,2025-06-08
Abr21,307364,2025-06-08
May21,302472,2025-06-08
Jun21,299745,2025-06-08
Jul21,311693,2025-06-08
Ago21,312009,2025-06-08
Sep21,310308,2025-06-08
Oct21,307635,2025-06-08
Nov21,305927,2025-06-08
Dic21,310425,2025-06-08
Ene22,306364,2025-06-08
Feb22,302788,2025-06-08
Mar22,301780,2025-06-08
Abr22,297844,2025-06-08
May22,295648,2025-06-08
Jun22,295240,2025-06-08
Jul22,303874,2025-06-08
Ago22,304338,2025-06-08
Sep22,310670,2025-06-08
Oct22,310377,2025-06-08
Nov22,306216,2025-06-08
Dic22,312239,2025-06-08
Ene23,313659,2025-06-08
Feb23,310255,2025-06-08
Mar23,308667,2025-06-08
Abr23,306523,2025-06-08
May23,306706,2025-06-08
Jun23,306689,2025-06-08
Jul23,311868,2025-06-08
Ago23,311765,2025-06-08
Sep23,312540,2025-06-08
Oct23,313357,2025-06-08
Nov23,315382,2025-06-08
Dic23,324779,2025-06-08
Ene24,324714,2025-06-08
Feb24,323390,2025-06-08
Mar24,321394,2025-06-08
Abr24,321458,2025-06-08
May24,330167,2025-06-08
Jun24,338476,2025-06-08
Jul24,347641,2025-06-08
Ago24,353942,2025-06-08
Sep24,357426,2025-06-08
Oct24,361848,2025-06-08
Nov24,361702,2025-06-08
Dic24,366683,2025-06-08
Ene25,366011,2025-06-08
Feb25,363620,2025-06-08
Mar25,360741,2025-06-08
Abr25,356636,2025-06-08
Ene92,1791,2025-06-09
Feb92,1917,2025-06-09
Mar92,2017,2025-06-09
Abr92,2118,2025-06-09
May92,2162,2025-06-09
Jun92,2200,2025-06-09
Jul92,2411,2025-06-09
Ago92,2391,2025-06-09
Sep92,2455,2025-06-09
Oct92,2508,2025-06-09
Nov92,2502,2025-06-09
Dic92,2798,2025-06-09
Ene93,2754,2025-06-09
Feb93,2919,2025-06-09
Mar93,2971,2025-06-09
Abr93,2975,2025-06-09
May93,2899,2025-06-09
Jun93,2959,2025-06-09
Jul93,3282,2025-06-09
Ago93,3255,2025-06-09
Sep93,3229,2025-06-09
Oct93,3371,2025-06-09
Nov93,3390,2025-06-09
Dic93,3732,2025-06-09
Ene94,3661,2025-06-09
Feb94,4015,2025-06-09
Mar94,4248,2025-06-09
Abr94,4286,2025-06-09
May94,4550,2025-06-09
Jun94,5024,2025-06-09
Jul94,5666,2025-06-09
Ago94,5364,2025-06-09
Sep94,5541,2025-06-09
Oct94,5622,2025-06-09
Nov94,5684,2025-06-09
Dic94,6134,2025-06-09
Ene95,5974,2025-06-09
Feb95,6187,2025-06-09
Mar95,6491,2025-06-09
Abr95,6495,2025-06-09
May95,6502,2025-06-09
Jun95,6931,2025-06-09
Jul95,7556,2025-06-09
Ago95,7366,2025-06-09
Sep95,7249,2025-06-09
Oct95,7428,2025-06-09
Nov95,7462,2025-06-09
Dic95,7882,2025-06-09
Ene96,7706,2025-06-09
Feb96,7926,2025-06-09
Mar96,8166,2025-06-09
Abr96,8282,2025-06-09
May96,8310,2025-06-09
Jun96,8500,2025-06-09
Jul96,8841,2025-06-09
Ago96,8647,2025-06-09
Sep96,8826,2025-06-09
Oct96,8733,2025-06-09
Nov96,8934,2025-06-09
Dic96,9593,2025-06-09
Ene97,9109,2025-06-09
Feb97,9124,2025-06-09
Mar97,9763,2025-06-09
Abr97,9609,2025-06-09
May97,9562,2025-06-09
Jun97,9815,2025-06-09
Jul97,10547,2025-06-09
Ago97,10287,2025-06-09
Sep97,10682,2025-06-09
Oct97,10828,2025-06-09
Nov97,11086,2025-06-09
Dic97,11920,2025-06-09
Ene98,11646,2025-06-09
Feb98,11435,2025-06-09
Mar98,11867,2025-06-09
Abr98,11782,2025-06-09
May98,11685,2025-06-09
Jun98,11623,2025-06-09
Jul98,11709,2025-06-09
Ago98,11311,2025-06-09
Sep98,10765,2025-06-09
Oct98,10797,2025-06-09
Nov98,10983,2025-06-09
Dic98,11566,2025-06-09
Ene99,11036,2025-06-09
Feb99,11145,2025-06-09
Mar99,11034,2025-06-09
Abr99,10811,2025-06-09
May99,11032,2025-06-09
Jun99,10972,2025-06-09
Jul99,11750,2025-06-09
Ago99,11469,2025-06-09
Sep99,11632,2025-06-09
Oct99,11529,2025-06-09
Nov99,11703,2025-06-09
Dic99,12564,2025-06-09
Ene00,11887,2025-06-09
Feb00,11432,2025-06-09
Mar00,11895,2025-06-09
Abr00,11616,2025-06-09
May00,11538,2025-06-09
Jun00,11766,2025-06-09
Jul00,12139,2025-06-09
Ago00,11734,2025-06-09
Sep00,11799,2025-06-09
Oct00,11758,2025-06-09
Nov00,11767,2025-06-09
Dic00,12720,2025-06-09
Ene01,11572,2025-06-09
Feb01,11530,2025-06-09
Mar01,11744,2025-06-09
Abr01,12114,2025-06-09
May01,11667,2025-06-09
Jun01,11535,2025-06-09
Jul01,12197,2025-06-09
Ago01,11842,2025-06-09
Sep01,11861,2025-06-09
Oct01,11962,2025-06-09
Nov01,12402,2025-06-09
Dic01,13462,2025-06-09
Ene02,12791,2025-06-09
Feb02,12915,2025-06-09
Mar02,13471,2025-06-09
Abr02,13129,2025-06-09
May02,13193,2025-06-09
Jun02,13587,2025-06-09
Jul02,14794,2025-06-09
Ago02,14265,2025-06-09
Sep02,14015,2025-06-09
Oct02,13899,2025-06-09
Nov02,13907,2025-06-09
Dic02,14742,2025-06-09
Ene03,13928,2025-06-09
Feb03,14085,2025-06-09
Mar03,14292,2025-06-09
Abr03,14346,2025-06-09
May03,14179,2025-06-09
Jun03,14356,2025-06-09
Jul03,15350,2025-06-09
Ago03,15031,2025-06-09
Sep03,14882,2025-06-09
Oct03,15121,2025-06-09
Nov03,15180,2025-06-09
Dic03,16174,2025-06-09
Ene04,16055,2025-06-09
Feb04,16101,2025-06-09
Mar04,16676,2025-06-09
Abr04,16761,2025-06-09
May04,17007,2025-06-09
Jun04,17112,2025-06-09
Jul04,17776,2025-06-09
Ago04,17665,2025-06-09
Sep04,18104,2025-06-09
Oct04,19513,2025-06-09
Nov04,20060,2025-06-09
Dic04,21446,2025-06-09
Ene05,21085,2025-06-09
Feb05,21955,2025-06-09
Mar05,22880,2025-06-09
Abr05,22687,2025-06-09
May05,22702,2025-06-09
Jun05,23096,2025-06-09
Jul05,24867,2025-06-09
Ago05,24779,2025-06-09
Sep05,24894,2025-06-09
Oct05,25238,2025-06-09
Nov05,26067,2025-06-09
Dic05,28264,2025-06-09
Ene06,26726,2025-06-09
Feb06,27070,2025-06-09
Mar06,27708,2025-06-09
Abr06,26495,2025-06-09
May06,26318,2025-06-09
Jun06,26887,2025-06-09
Jul06,27810,2025-06-09
Ago06,27887,2025-06-09
Sep06,28175,2025-06-09
Oct06,28491,2025-06-09
Nov06,30072,2025-06-09
Dic06,33340,2025-06-09
Ene07,33455,2025-06-09
Feb07,33672,2025-06-09
Mar07,34819,2025-06-09
Abr07,34211,2025-06-09
May07,34769,2025-06-09
Jun07,35992,2025-06-09
Jul07,37664,2025-06-09
Ago07,38072,2025-06-09
Sep07,37962,2025-06-09
Oct07,40173,2025-06-09
Nov07,42375,2025-06-09
Dic07,44866,2025-06-09
Ene08,45876,2025-06-09
Feb08,49119,2025-06-09
Mar08,51593,2025-06-09
Abr08,53598,2025-06-09
May08,54253,2025-06-09
Jun08,55071,2025-06-09
Jul08,55839,2025-06-09
Ago08,56323,2025-06-09
Sep08,55951,2025-06-09
Oct08,55910,2025-06-09
Nov08,55994,2025-06-09
Dic08,57083,2025-06-09
Ene09,55300,2025-06-09
Feb09,56253,2025-06-09
Mar09,56064,2025-06-09
Abr09,54924,2025-06-09
May09,55785,2025-06-09
Jun09,56855,2025-06-09
Jul09,59090,2025-06-09
Ago09,58986,2025-06-09
Sep09,58933,2025-06-09
Oct09,60268,2025-06-09
Nov09,62019,2025-06-09
Dic09,65324,2025-06-09
Ene10,65535,2025-06-09
Feb10,66737,2025-06-09
Mar10,69022,2025-06-09
Abr10,68937,2025-06-09
May10,70403,2025-06-09
Jun10,71687,2025-06-09
Jul10,73478,2025-06-09
Ago10,75848,2025-06-09
Sep10,76121,2025-06-09
Oct10,77874,2025-06-09
Nov10,80605,2025-06-09
Dic10,85366,2025-06-09
Ene11,84151,2025-06-09
Feb11,84896,2025-06-09
Mar11,87177,2025-06-09
Abr11,85435,2025-06-09
May11,85752,2025-06-09
Jun11,86010,2025-06-09
Jul11,89699,2025-06-09
Ago11,90560,2025-06-09
Sep11,91501,2025-06-09
Oct11,92065,2025-06-09
Nov11,93373,2025-06-09
Dic11,99520,2025-06-09
Ene12,99766,2025-06-09
Feb12,101709,2025-06-09
Mar12,104331,2025-06-09
Abr12,105881,2025-06-09
May12,107648,2025-06-09
Jun12,107368,2025-06-09
Jul12,108805,2025-06-09
Ago12,110171,2025-06-09
Sep12,111921,2025-06-09
Oct12,114888,2025-06-09
Nov12,117338,2025-06-09
Dic12,122734,2025-06-09
Ene13,123742,2025-06-09
Feb13,127088,2025-06-09
Mar13,127825,2025-06-09
Abr13,128025,2025-06-09
May13,129040,2025-06-09
Jun13,129318,2025-06-09
Jul13,132213,2025-06-09
Ago13,130663,2025-06-09
Sep13,128271,2025-06-09
Oct13,129052,2025-06-09
Nov13,130928,2025-06-09
Dic13,136976,2025-06-09
Ene14,135333,2025-06-09
Feb14,135807,2025-06-09
Mar14,136019,2025-06-09
Abr14,135336,2025-06-09
May14,136146,2025-06-09
Jun14,136894,2025-06-09
Jul14,140976,2025-06-09
Ago14,141918,2025-06-09
Sep14,141779,2025-06-09
Oct14,142719,2025-06-09
Nov14,143227,2025-06-09
Dic14,151445,2025-06-09
Ene15,148877,2025-06-09
Feb15,148046,2025-06-09
Mar15,145775,2025-06-09
Abr15,144858,2025-06-09
May15,144907,2025-06-09
Jun15,144852,2025-06-09
Jul15,147345,2025-06-09
Ago15,145180,2025-06-09
Sep15,145095,2025-06-09
Oct15,146367,2025-06-09
Nov15,148132,2025-06-09
Dic15,156170,2025-06-09
Ene16,153332,2025-06-09
Feb16,152969,2025-06-09
Mar16,151792,2025-06-09
Abr16,152686,2025-06-09
May16,154805,2025-06-09
Jun16,156955,2025-06-09
Jul16,161997,2025-06-09
Ago16,161220,2025-06-09
Sep16,161204,2025-06-09
Oct16,161435,2025-06-09
Nov16,164462,2025-06-09
Dic16,170211,2025-06-09
Ene17,169017,2025-06-09
Feb17,167979,2025-06-09
Mar17,169277,2025-06-09
Abr17,168953,2025-06-09
May17,171814,2025-06-09
Jun17,173702,2025-06-09
Jul17,176919,2025-06-09
Ago17,176620,2025-06-09
Sep17,180275,2025-06-09
Oct17,181738,2025-06-09
Nov17,184726,2025-06-09
Dic17,191498,2025-06-09
Ene18,192458,2025-06-09
Feb18,193010,2025-06-09
Mar18,194496,2025-06-09
Abr18,192777,2025-06-09
May18,194195,2025-06-09
Jun18,195456,2025-06-09
Jul18,199299,2025-06-09
Ago18,201853,2025-06-09
Sep18,201667,2025-06-09
Oct18,204279,2025-06-09
Nov18,207634,2025-06-09
Dic18,215028,2025-06-09
Ene19,212738,2025-06-09
Feb19,210870,2025-06-09
Mar19,214692,2025-06-09
Abr19,213352,2025-06-09
May19,215186,2025-06-09
Jun19,216390,2025-06-09
Jul19,221639,2025-06-09
Ago19,223945,2025-06-09
Sep19,223319,2025-06-09
Oct19,225172,2025-06-09
Nov19,230381,2025-06-09
Dic19,236523,2025-06-09
Ene20,239204,2025-06-09
Feb20,240225,2025-06-09
Mar20,244802,2025-06-09
Abr20,254282,2025-06-09
May20,275528,2025-06-09
Jun20,285352,2025-06-09
Jul20,296738,2025-06-09
Ago20,299646,2025-06-09
Sep20,299949,2025-06-09
Oct20,301230,2025-06-09
Nov20,303193,2025-06-09
Dic20,313028,2025-06-09
Ene21,315391,2025-06-09
Feb21,316394,2025-06-09
Mar21,315948,2025-06-09
Abr21,307364,2025-06-09
May21,302472,2025-06-09
Jun21,299745,2025-06-09
Jul21,311693,2025-06-09
Ago21,312009,2025-06-09
Sep21,310308,2025-06-09
Oct21,307635,2025-06-09
Nov21,305927,2025-06-09
Dic21,310425,2025-06-09
Ene22,306364,2025-06-09
Feb22,302788,2025-06-09
Mar22,301780,2025-06-09
Abr22,297844,2025-06-09
May22,295648,2025-06-09
Jun22,295240,2025-06-09
Jul22,303874,2025-06-09
Ago22,304338,2025-06-09
Sep22,310670,2025-06-09
Oct22,310377,2025-06-09
Nov22,306216,2025-06-09
Dic22,312239,2025-06-09
Ene23,313659,2025-06-09
Feb23,310255,2025-06-09
Mar23,308667,2025-06-09
Abr23,306523,2025-06-09
May23,306706,2025-06-09
Jun23,306689,2025-06-09
Jul23,311868,2025-06-09
Ago23,311765,2025-06-09
Sep23,312540,2025-06-09
Oct23,313357,2025-06-09
Nov23,315382,2025-06-09
Dic23,324779,2025-06-09
Ene24,324714,2025-06-09
Feb24,323390,2025-06-09
Mar24,321394,2025-06-09
Abr24,321458,2025-06-09
May24,330167,2025-06-09
Jun24,338476,2025-06-09
Jul24,347641,2025-06-09
Ago24,353942,2025-06-09
Sep24,357426,2025-06-09
Oct24,361848,2025-06-09
Nov24,361702,2025-06-09
Dic24,366683,2025-06-09
Ene25,366011,2025-06-09
Feb25,363620,2025-06-09
Mar25,360741,2025-06-09
Abr25,356636,2025-06-09
Ene92,1791,2025-06-10
Feb92,1917,2025-06-10
Mar92,2017,2025-06-10
Abr92,2118,2025-06-10
May92,2162,2025-06-10
Jun92,2200,2025-06-10
Jul92,2411,2025-06-10
Ago92,2391,2025-06-10
Sep92,2455,2025-06-10
Oct92,2508,2025-06-10
Nov92,2502,2025-06-10
Dic92,2798,2025-06-10
Ene93,2754,2025-06-10
Feb93,2919,2025-06-10
Mar93,2971,2025-06-10
Abr93,2975,2025-06-10
May93,2899,2025-06-10
Jun93,2959,2025-06-10
Jul93,3282,2025-06-10
Ago93,3255,2025-06-10
Sep93,3229,2025-06-10
Oct93,3371,2025-06-10
Nov93,3390,2025-06-10
Dic93,3732,2025-06-10
Ene94,3661,2025-06-10
Feb94,4015,2025-06-10
Mar94,4248,2025-06-10
Abr94,4286,2025-06-10
May94,4550,2025-06-10
Jun94,5024,2025-06-10
Jul94,5666,2025-06-10
Ago94,5364,2025-06-10
Sep94,5541,2025-06-10
Oct94,5622,2025-06-10
Nov94,5684,2025-06-10
Dic94,6134,2025-06-10
Ene95,5974,2025-06-10
Feb95,6187,2025-06-10
Mar95,6491,2025-06-10
Abr95,6495,2025-06-10
May95,6502,2025-06-10
Jun95,6931,2025-06-10
Jul95,7556,2025-06-10
Ago95,7366,2025-06-10
Sep95,7249,2025-06-10
Oct95,7428,2025-06-10
Nov95,7462,2025-06-10
Dic95,7882,2025-06-10
Ene96,7706,2025-06-10
Feb96,7926,2025-06-10
Mar96,8166,2025-06-10
Abr96,8282,2025-06-10
May96,8310,2025-06-10
Jun96,8500,2025-06-10
Jul96,8841,2025-06-10
Ago96,8647,2025-06-10
Sep96,8826,2025-06-10
Oct96,8733,2025-06-10
Nov96,8934,2025-06-10
Dic96,9593,2025-06-10
Ene97,9109,2025-06-10
Feb97,9124,2025-06-10
Mar97,9763,2025-06-10
Abr97,9609,2025-06-10
May97,9562,2025-06-10
Jun97,9815,2025-06-10
Jul97,10547,2025-06-10
Ago97,10287,2025-06-10
Sep97,10682,2025-06-10
Oct97,10828,2025-06-10
Nov97,11086,2025-06-10
Dic97,11920,2025-06-10
Ene98,11646,2025-06-10
Feb98,11435,2025-06-10
Mar98,11867,2025-06-10
Abr98,11782,2025-06-10
May98,11685,2025-06-10
Jun98,11623,2025-06-10
Jul98,11709,2025-06-10
Ago98,11311,2025-06-10
Sep98,10765,2025-06-10
Oct98,10797,2025-06-10
Nov98,10983,2025-06-10
Dic98,11566,2025-06-10
Ene99,11036,2025-06-10
Feb99,11145,2025-06-10
Mar99,11034,2025-06-10
Abr99,10811,2025-06-10
May99,11032,2025-06-10
Jun99,10972,2025-06-10
Jul99,11750,2025-06-10
Ago99,11469,2025-06-10
Sep99,11632,2025-06-10
Oct99,11529,2025-06-10
Nov99,11703,2025-06-10
Dic99,12564,2025-06-10
Ene00,11887,2025-06-10
Feb00,11432,2025-06-10
Mar00,11895,2025-06-10
Abr00,11616,2025-06-10
May00,11538,2025-06-10
Jun00,11766,2025-06-10
Jul00,12139,2025-06-10
Ago00,11734,2025-06-10
Sep00,11799,2025-06-10
Oct00,11758,2025-06-10
Nov00,11767,2025-06-10
Dic00,12720,2025-06-10
Ene01,11572,2025-06-10
Feb01,11530,2025-06-10
Mar01,11744,2025-06-10
Abr01,12114,2025-06-10
May01,11667,2025-06-10
Jun01,11535,2025-06-10
Jul01,12197,2025-06-10
Ago01,11842,2025-06-10
Sep01,11861,2025-06-10
Oct01,11962,2025-06-10
Nov01,12402,2025-06-10
Dic01,13462,2025-06-10
Ene02,12791,2025-06-10
Feb02,12915,2025-06-10
Mar02,13471,2025-06-10
Abr02,13129,2025-06-10
May02,13193,2025-06-10
Jun02,13587,2025-06-10
Jul02,14794,2025-06-10
Ago02,14265,2025-06-10
Sep02,14015,2025-06-10
Oct02,13899,2025-06-10
Nov02,13907,2025-06-10
Dic02,14742,2025-06-10
Ene03,13928,2025-06-10
Feb03,14085,2025-06-10
Mar03,14292,2025-06-10
Abr03,14346,2025-06-10
May03,14179,2025-06-10
Jun03,14356,2025-06-10
Jul03,15350,2025-06-10
Ago03,15031,2025-06-10
Sep03,14882,2025-06-10
Oct03,15121,2025-06-10
Nov03,15180,2025-06-10
Dic03,16174,2025-06-10
Ene04,16055,2025-06-10
Feb04,16101,2025-06-10
Mar04,16676,2025-06-10
Abr04,16761,2025-06-10
May04,17007,2025-06-10
Jun04,17112,2025-06-10
Jul04,17776,2025-06-10
Ago04,17665,2025-06-10
Sep04,18104,2025-06-10
Oct04,19513,2025-06-10
Nov04,20060,2025-06-10
Dic04,21446,2025-06-10
Ene05,21085,2025-06-10
Feb05,21955,2025-06-10
Mar05,22880,2025-06-10
Abr05,22687,2025-06-10
May05,22702,2025-06-10
Jun05,23096,2025-06-10
Jul05,24867,2025-06-10
Ago05,24779,2025-06-10
Sep05,24894,2025-06-10
Oct05,25238,2025-06-10
Nov05,26067,2025-06-10
Dic05,28264,2025-06-10
Ene06,26726,2025-06-10
Feb06,27070,2025-06-10
Mar06,27708,2025-06-10
Abr06,26495,2025-06-10
May06,26318,2025-06-10
Jun06,26887,2025-06-10
Jul06,27810,2025-06-10
Ago06,27887,2025-06-10
Sep06,28175,2025-06-10
Oct06,28491,2025-06-10
Nov06,30072,2025-06-10
Dic06,33340,2025-06-10
Ene07,33455,2025-06-10
Feb07,33672,2025-06-10
Mar07,34819,2025-06-10
Abr07,34211,2025-06-10
May07,34769,2025-06-10
Jun07,35992,2025-06-10
Jul07,37664,2025-06-10
Ago07,38072,2025-06-10
Sep07,37962,2025-06-10
Oct07,40173,2025-06-10
Nov07,42375,2025-06-10
Dic07,44866,2025-06-10
Ene08,45876,2025-06-10
Feb08,49119,2025-06-10
Mar08,51593,2025-06-10
Abr08,53598,2025-06-10
May08,54253,2025-06-10
Jun08,55071,2025-06-10
Jul08,55839,2025-06-10
Ago08,56323,2025-06-10
Sep08,55951,2025-06-10
Oct08,55910,2025-06-10
Nov08,55994,2025-06-10
Dic08,57083,2025-06-10
Ene09,55300,2025-06-10
Feb09,56253,2025-06-10
Mar09,56064,2025-06-10
Abr09,54924,2025-06-10
May09,55785,2025-06-10
Jun09,56855,2025-06-10
Jul09,59090,2025-06-10
Ago09,58986,2025-06-10
Sep09,58933,2025-06-10
Oct09,60268,2025-06-10
Nov09,62019,2025-06-10
Dic09,65324,2025-06-10
Ene10,65535,2025-06-10
Feb10,66737,2025-06-10
Mar10,69022,2025-06-10
Abr10,68937,2025-06-10
May10,70403,2025-06-10
Jun10,71687,2025-06-10
Jul10,73478,2025-06-10
Ago10,75848,2025-06-10
Sep10,76121,2025-06-10
Oct10,77874,2025-06-10
Nov10,80605,2025-06-10
Dic10,85366,2025-06-10
Ene11,84151,2025-06-10
Feb11,84896,2025-06-10
Mar11,87177,2025-06-10
Abr11,85435,2025-06-10
May11,85752,2025-06-10
Jun11,86010,2025-06-10
Jul11,89699,2025-06-10
Ago11,90560,2025-06-10
Sep11,91501,2025-06-10
Oct11,92065,2025-06-10
Nov11,93373,2025-06-10
Dic11,99520,2025-06-10
Ene12,99766,2025-06-10
Feb12,101709,2025-06-10
Mar12,104331,2025-06-10
Abr12,105881,2025-06-10
May12,107648,2025-06-10
Jun12,107368,2025-06-10
Jul12,108805,2025-06-10
Ago12,110171,2025-06-10
Sep12,111921,2025-06-10
Oct12,114888,2025-06-10
Nov12,117338,2025-06-10
Dic12,122734,2025-06-10
Ene13,123742,2025-06-10
Feb13,127088,2025-06-10
Mar13,127825,2025-06-10
Abr13,128025,2025-06-10
May13,129040,2025-06-10
Jun13,129318,2025-06-10
Jul13,132213,2025-06-10
Ago13,130663,2025-06-10
Sep13,128271,2025-06-10
Oct13,129052,2025-06-10
Nov13,130928,2025-06-10
Dic13,136976,2025-06-10
Ene14,135333,2025-06-10
Feb14,135807,2025-06-10
Mar14,136019,2025-06-10
Abr14,135336,2025-06-10
May14,136146,2025-06-10
Jun14,136894,2025-06-10
Jul14,140976,2025-06-10
Ago14,141918,2025-06-10
Sep14,141779,2025-06-10
Oct14,142719,2025-06-10
Nov14,143227,2025-06-10
Dic14,151445,2025-06-10
Ene15,148877,2025-06-10
Feb15,148046,2025-06-10
Mar15,145775,2025-06-10
Abr15,144858,2025-06-10
May15,144907,2025-06-10
Jun15,144852,2025-06-10
Jul15,147345,2025-06-10
Ago15,145180,2025-06-10
Sep15,145095,2025-06-10
Oct15,146367,2025-06-10
Nov15,148132,2025-06-10
Dic15,156170,2025-06-10
Ene16,153332,2025-06-10
Feb16,152969,2025-06-10
Mar16,151792,2025-06-10
Abr16,152686,2025-06-10
May16,154805,2025-06-10
Jun16,156955,2025-06-10
Jul16,161997,2025-06-10
Ago16,161220,2025-06-10
Sep16,161204,2025-06-10
Oct16,161435,2025-06-10
Nov16,164462,2025-06-10
Dic16,170211,2025-06-10
Ene17,169017,2025-06-10
Feb17,167979,2025-06-10
Mar17,169277,2025-06-10
Abr17,168953,2025-06-10
May17,171814,2025-06-10
Jun17,173702,2025-06-10
Jul17,176919,2025-06-10
Ago17,176620,2025-06-10
Sep17,180275,2025-06-10
Oct17,181738,2025-06-10
Nov17,184726,2025-06-10
Dic17,191498,2025-06-10
Ene18,192458,2025-06-10
Feb18,193010,2025-06-10
Mar18,194496,2025-06-10
Abr18,192777,2025-06-10
May18,194195,2025-06-10
Jun18,195456,2025-06-10
Jul18,199299,2025-06-10
Ago18,201853,2025-06-10
Sep18,201667,2025-06-10
Oct18,204279,2025-06-10
Nov18,207634,2025-06-10
Dic18,215028,2025-06-10
Ene19,212738,2025-06-10
Feb19,210870,2025-06-10
Mar19,214692,2025-06-10
Abr19,213352,2025-06-10
May19,215186,2025-06-10
Jun19,216390,2025-06-10
Jul19,221639,2025-06-10
Ago19,223945,2025-06-10
Sep19,223319,2025-06-10
Oct19,225172,2025-06-10
Nov19,230381,2025-06-10
Dic19,236523,2025-06-10
Ene20,239204,2025-06-10
Feb20,240225,2025-06-10
Mar20,244802,2025-06-10
Abr20,254282,2025-06-10
May20,275528,2025-06-10
Jun20,285352,2025-06-10
Jul20,296738,2025-06-10
Ago20,299646,2025-06-10
Sep20,299949,2025-06-10
Oct20,301230,2025-06-10
Nov20,303193,2025-06-10
Dic20,313028,2025-06-10
Ene21,315391,2025-06-10
Feb21,316394,2025-06-10
Mar21,315948,2025-06-10
Abr21,307364,2025-06-10
May21,302472,2025-06-10
Jun21,299745,2025-06-10
Jul21,311693,2025-06-10
Ago21,312009,2025-06-10
Sep21,310308,2025-06-10
Oct21,307635,2025-06-10
Nov21,305927,2025-06-10
Dic21,310425,2025-06-10
Ene22,306364,2025-06-10
Feb22,302788,2025-06-10
Mar22,301780,2025-06-10
Abr22,297844,2025-06-10
May22,295648,2025-06-10
Jun22,295240,2025-06-10
Jul22,303874,2025-06-10
Ago22,304338,2025-06-10
Sep22,310670,2025-06-10
Oct22,310377,2025-06-10
Nov22,306216,2025-06-10
Dic22,312239,2025-06-10
Ene23,313659,2025-06-10
Feb23,310255,2025-06-10
Mar23,308667,2025-06-10
Abr23,306523,2025-06-10
May23,306706,2025-06-10
Jun23,306689,2025-06-10
Jul23,311868,2025-06-10
Ago23,311765,2025-06-10
Sep23,312540,2025-06-10
Oct23,313357,2025-06-10
Nov23,315382,2025-06-10
Dic23,324779,2025-06-10
Ene24,324714,2025-06-10
Feb24,323390,2025-06-10
Mar24,321394,2025-06-10
Abr24,321458,2025-06-10
May24,330167,2025-06-10
Jun24,338476,2025-06-10
Jul24,347641,2025-06-10
Ago24,353942,2025-06-10
Sep24,357426,2025-06-10
Oct24,361848,2025-06-10
Nov24,361702,2025-06-10
Dic24,366683,2025-06-10
Ene25,366011,2025-06-10
Feb25,363620,2025-06-10
Mar25,360741,2025-06-10
Abr25,356636,2025-06-10
Ene92,1791,2025-06-11
Feb92,1917,2025-06-11
Mar92,2017,2025-06-11
Abr92,2118,2025-06-11
May92,2162,2025-06-11
Jun92,2200,2025-06-11
Jul92,2411,2025-06-11
Ago92,2391,2025-06-11
Sep92,2455,2025-06-11
Oct92,2508,2025-06-11
Nov92,2502,2025-06-11
Dic92,2798,2025-06-11
Ene93,2754,2025-06-11
Feb93,2919,2025-06-11
Mar93,2971,2025-06-11
Abr93,2975,2025-06-11
May93,2899,2025-06-11
Jun93,2959,2025-06-11
Jul93,3282,2025-06-11
Ago93,3255,2025-06-11
Sep93,3229,2025-06-11
Oct93,3371,2025-06-11
Nov93,3390,2025-06-11
Dic93,3732,2025-06-11
Ene94,3661,2025-06-11
Feb94,4015,2025-06-11
Mar94,4248,2025-06-11
Abr94,4286,2025-06-11
May94,4550,2025-06-11
Jun94,5024,2025-06-11
Jul94,5666,2025-06-11
Ago94,5364,2025-06-11
Sep94,5541,2025-06-11
Oct94,5622,2025-06-11
Nov94,5684,2025-06-11
Dic94,6134,2025-06-11
Ene95,5974,2025-06-11
Feb95,6187,2025-06-11
Mar95,6491,2025-06-11
Abr95,6495,2025-06-11
May95,6502,2025-06-11
Jun95,6931,2025-06-11
Jul95,7556,2025-06-11
Ago95,7366,2025-06-11
Sep95,7249,2025-06-11
Oct95,7428,2025-06-11
Nov95,7462,2025-06-11
Dic95,7882,2025-06-11
Ene96,7706,2025-06-11
Feb96,7926,2025-06-11
Mar96,8166,2025-06-11
Abr96,8282,2025-06-11
May96,8310,2025-06-11
Jun96,8500,2025-06-11
Jul96,8841,2025-06-11
Ago96,8647,2025-06-11
Sep96,8826,2025-06-11
Oct96,8733,2025-06-11
Nov96,8934,2025-06-11
Dic96,9593,2025-06-11
Ene97,9109,2025-06-11
Feb97,9124,2025-06-11
Mar97,9763,2025-06-11
Abr97,9609,2025-06-11
May97,9562,2025-06-11
Jun97,9815,2025-06-11
Jul97,10547,2025-06-11
Ago97,10287,2025-06-11
Sep97,10682,2025-06-11
Oct97,10828,2025-06-11
Nov97,11086,2025-06-11
Dic97,11920,2025-06-11
Ene98,11646,2025-06-11
Feb98,11435,2025-06-11
Mar98,11867,2025-06-11
Abr98,11782,2025-06-11
May98,11685,2025-06-11
Jun98,11623,2025-06-11
Jul98,11709,2025-06-11
Ago98,11311,2025-06-11
Sep98,10765,2025-06-11
Oct98,10797,2025-06-11
Nov98,10983,2025-06-11
Dic98,11566,2025-06-11
Ene99,11036,2025-06-11
Feb99,11145,2025-06-11
Mar99,11034,2025-06-11
Abr99,10811,2025-06-11
May99,11032,2025-06-11
Jun99,10972,2025-06-11
Jul99,11750,2025-06-11
Ago99,11469,2025-06-11
Sep99,11632,2025-06-11
Oct99,11529,2025-06-11
Nov99,11703,2025-06-11
Dic99,12564,2025-06-11
Ene00,11887,2025-06-11
Feb00,11432,2025-06-11
Mar00,11895,2025-06-11
Abr00,11616,2025-06-11
May00,11538,2025-06-11
Jun00,11766,2025-06-11
Jul00,12139,2025-06-11
Ago00,11734,2025-06-11
Sep00,11799,2025-06-11
Oct00,11758,2025-06-11
Nov00,11767,2025-06-11
Dic00,12720,2025-06-11
Ene01,11572,2025-06-11
Feb01,11530,2025-06-11
Mar01,11744,2025-06-11
Abr01,12114,2025-06-11
May01,11667,2025-06-11
Jun01,11535,2025-06-11
Jul01,12197,2025-06-11
Ago01,11842,2025-06-11
Sep01,11861,2025-06-11
Oct01,11962,2025-06-11
Nov01,12402,2025-06-11
Dic01,13462,2025-06-11
Ene02,12791,2025-06-11
Feb02,12915,2025-06-11
Mar02,13471,2025-06-11
Abr02,13129,2025-06-11
May02,13193,2025-06-11
Jun02,13587,2025-06-11
Jul02,14794,2025-06-11
Ago02,14265,2025-06-11
Sep02,14015,2025-06-11
Oct02,13899,2025-06-11
Nov02,13907,2025-06-11
Dic02,14742,2025-06-11
Ene03,13928,2025-06-11
Feb03,14085,2025-06-11
Mar03,14292,2025-06-11
Abr03,14346,2025-06-11
May03,14179,2025-06-11
Jun03,14356,2025-06-11
Jul03,15350,2025-06-11
Ago03,15031,2025-06-11
Sep03,14882,2025-06-11
Oct03,15121,2025-06-11
Nov03,15180,2025-06-11
Dic03,16174,2025-06-11
Ene04,16055,2025-06-11
Feb04,16101,2025-06-11
Mar04,16676,2025-06-11
Abr04,16761,2025-06-11
May04,17007,2025-06-11
Jun04,17112,2025-06-11
Jul04,17776,2025-06-11
Ago04,17665,2025-06-11
Sep04,18104,2025-06-11
Oct04,19513,2025-06-11
Nov04,20060,2025-06-11
Dic04,21446,2025-06-11
Ene05,21085,2025-06-11
Feb05,21955,2025-06-11
Mar05,22880,2025-06-11
Abr05,22687,2025-06-11
May05,22702,2025-06-11
Jun05,23096,2025-06-11
Jul05,24867,2025-06-11
Ago05,24779,2025-06-11
Sep05,24894,2025-06-11
Oct05,25238,2025-06-11
Nov05,26067,2025-06-11
Dic05,28264,2025-06-11
Ene06,26726,2025-06-11
Feb06,27070,2025-06-11
Mar06,27708,2025-06-11
Abr06,26495,2025-06-11
May06,26318,2025-06-11
Jun06,26887,2025-06-11
Jul06,27810,2025-06-11
Ago06,27887,2025-06-11
Sep06,28175,2025-06-11
Oct06,28491,2025-06-11
Nov06,30072,2025-06-11
Dic06,33340,2025-06-11
Ene07,33455,2025-06-11
Feb07,33672,2025-06-11
Mar07,34819,2025-06-11
Abr07,34211,2025-06-11
May07,34769,2025-06-11
Jun07,35992,2025-06-11
Jul07,37664,2025-06-11
Ago07,38072,2025-06-11
Sep07,37962,2025-06-11
Oct07,40173,2025-06-11
Nov07,42375,2025-06-11
Dic07,44866,2025-06-11
Ene08,45876,2025-06-11
Feb08,49119,2025-06-11
Mar08,51593,2025-06-11
Abr08,53598,2025-06-11
May08,54253,2025-06-11
Jun08,55071,2025-06-11
Jul08,55839,2025-06-11
Ago08,56323,2025-06-11
Sep08,55951,2025-06-11
Oct08,55910,2025-06-11
Nov08,55994,2025-06-11
Dic08,57083,2025-06-11
Ene09,55300,2025-06-11
Feb09,56253,2025-06-11
Mar09,56064,2025-06-11
Abr09,54924,2025-06-11
May09,55785,2025-06-11
Jun09,56855,2025-06-11
Jul09,59090,2025-06-11
Ago09,58986,2025-06-11
Sep09,58933,2025-06-11
Oct09,60268,2025-06-11
Nov09,62019,2025-06-11
Dic09,65324,2025-06-11
Ene10,65535,2025-06-11
Feb10,66737,2025-06-11
Mar10,69022,2025-06-11
Abr10,68937,2025-06-11
May10,70403,2025-06-11
Jun10,71687,2025-06-11
Jul10,73478,2025-06-11
Ago10,75848,2025-06-11
Sep10,76121,2025-06-11
Oct10,77874,2025-06-11
Nov10,80605,2025-06-11
Dic10,85366,2025-06-11
Ene11,84151,2025-06-11
Feb11,84896,2025-06-11
Mar11,87177,2025-06-11
Abr11,85435,2025-06-11
May11,85752,2025-06-11
Jun11,86010,2025-06-11
Jul11,89699,2025-06-11
Ago11,90560,2025-06-11
Sep11,91501,2025-06-11
Oct11,92065,2025-06-11
Nov11,93373,2025-06-11
Dic11,99520,2025-06-11
Ene12,99766,2025-06-11
Feb12,101709,2025-06-11
Mar12,104331,2025-06-11
Abr12,105881,2025-06-11
May12,107648,2025-06-11
Jun12,107368,2025-06-11
Jul12,108805,2025-06-11
Ago12,110171,2025-06-11
Sep12,111921,2025-06-11
Oct12,114888,2025-06-11
Nov12,117338,2025-06-11
Dic12,122734,2025-06-11
Ene13,123742,2025-06-11
Feb13,127088,2025-06-11
Mar13,127825,2025-06-11
Abr13,128025,2025-06-11
May13,129040,2025-06-11
Jun13,129318,2025-06-11
Jul13,132213,2025-06-11
Ago13,130663,2025-06-11
Sep13,128271,2025-06-11
Oct13,129052,2025-06-11
Nov13,130928,2025-06-11
Dic13,136976,2025-06-11
Ene14,135333,2025-06-11
Feb14,135807,2025-06-11
Mar14,136019,2025-06-11
Abr14,135336,2025-06-11
May14,136146,2025-06-11
Jun14,136894,2025-06-11
Jul14,140976,2025-06-11
Ago14,141918,2025-06-11
Sep14,141779,2025-06-11
Oct14,142719,2025-06-11
Nov14,143227,2025-06-11
Dic14,151445,2025-06-11
Ene15,148877,2025-06-11
Feb15,148046,2025-06-11
Mar15,145775,2025-06-11
Abr15,144858,2025-06-11
May15,144907,2025-06-11
Jun15,144852,2025-06-11
Jul15,147345,2025-06-11
Ago15,145180,2025-06-11
Sep15,145095,2025-06-11
Oct15,146367,2025-06-11
Nov15,148132,2025-06-11
Dic15,156170,2025-06-11
Ene16,153332,2025-06-11
Feb16,152969,2025-06-11
Mar16,151792,2025-06-11
Abr16,152686,2025-06-11
May16,154805,2025-06-11
Jun16,156955,2025-06-11
Jul16,161997,2025-06-11
Ago16,161220,2025-06-11
Sep16,161204,2025-06-11
Oct16,161435,2025-06-11
Nov16,164462,2025-06-11
Dic16,170211,2025-06-11
Ene17,169017,2025-06-11
Feb17,167979,2025-06-11
Mar17,169277,2025-06-11
Abr17,168953,2025-06-11
May17,171814,2025-06-11
Jun17,173702,2025-06-11
Jul17,176919,2025-06-11
Ago17,176620,2025-06-11
Sep17,180275,2025-06-11
Oct17,181738,2025-06-11
Nov17,184726,2025-06-11
Dic17,191498,2025-06-11
Ene18,192458,2025-06-11
Feb18,193010,2025-06-11
Mar18,194496,2025-06-11
Abr18,192777,2025-06-11
May18,194195,2025-06-11
Jun18,195456,2025-06-11
Jul18,199299,2025-06-11
Ago18,201853,2025-06-11
Sep18,201667,2025-06-11
Oct18,204279,2025-06-11
Nov18,207634,2025-06-11
Dic18,215028,2025-06-11
Ene19,212738,2025-06-11
Feb19,210870,2025-06-11
Mar19,214692,2025-06-11
Abr19,213352,2025-06-11
May19,215186,2025-06-11
Jun19,216390,2025-06-11
Jul19,221639,2025-06-11
Ago19,223945,2025-06-11
Sep19,223319,2025-06-11
Oct19,225172,2025-06-11
Nov19,230381,2025-06-11
Dic19,236523,2025-06-11
Ene20,239204,2025-06-11
Feb20,240225,2025-06-11
Mar20,244802,2025-06-11
Abr20,254282,2025-06-11
May20,275528,2025-06-11
Jun20,285352,2025-06-11
Jul20,296738,2025-06-11
Ago20,299646,2025-06-11
Sep20,299949,2025-06-11
Oct20,301230,2025-06-11
Nov20,303193,2025-06-11
Dic20,313028,2025-06-11
Ene21,315391,2025-06-11
Feb21,316394,2025-06-11
Mar21,315948,2025-06-11
Abr21,307364,2025-06-11
May21,302472,2025-06-11
Jun21,299745,2025-06-11
Jul21,311693,2025-06-11
Ago21,312009,2025-06-11
Sep21,310308,2025-06-11
Oct21,307635,2025-06-11
Nov21,305927,2025-06-11
Dic21,310425,2025-06-11
Ene22,306364,2025-06-11
Feb22,302788,2025-06-11
Mar22,301780,2025-06-11
Abr22,297844,2025-06-11
May22,295648,2025-06-11
Jun22,295240,2025-06-11
Jul22,303874,2025-06-11
Ago22,304338,2025-06-11
Sep22,310670,2025-06-11
Oct22,310377,2025-06-11
Nov22,306216,2025-06-11
Dic22,312239,2025-06-11
Ene23,313659,2025-06-11
Feb23,310255,2025-06-11
Mar23,308667,2025-06-11
Abr23,306523,2025-06-11
May23,306706,2025-06-11
Jun23,306689,2025-06-11
Jul23,311868,2025-06-11
Ago23,311765,2025-06-11
Sep23,312540,2025-06-11
Oct23,313357,2025-06-11
Nov23,315382,2025-06-11
Dic23,324779,2025-06-11
Ene24,324714,2025-06-11
Feb24,323390,2025-06-11
Mar24,321394,2025-06-11
Abr24,321458,2025-06-11
May24,330167,2025-06-11
Jun24,338476,2025-06-11
Jul24,347641,2025-06-11
Ago24,353942,2025-06-11
Sep24,357426,2025-06-11
Oct24,361848,2025-06-11
Nov24,361702,2025-06-11
Dic24,366683,2025-06-11
Ene25,366011,2025-06-11
Feb25,363620,2025-06-11
Mar25,360741,2025-06-11
Abr25,356636,2025-06-11
Ene92,1791,2025-06-12
Feb92,1917,2025-06-12
Mar92,2017,2025-06-12
Abr92,2118,2025-06-12
May92,2162,2025-06-12
Jun92,2200,2025-06-12
Jul92,2411,2025-06-12
Ago92,2391,2025-06-12
Sep92,2455,2025-06-12
Oct92,2508,2025-06-12
Nov92,2502,2025-06-12
Dic92,2798,2025-06-12
Ene93,2754,2025-06-12
Feb93,2919,2025-06-12
Mar93,2971,2025-06-12
Abr93,2975,2025-06-12
May93,2899,2025-06-12
Jun93,2959,2025-06-12
Jul93,3282,2025-06-12
Ago93,3255,2025-06-12
Sep93,3229,2025-06-12
Oct93,3371,2025-06-12
Nov93,3390,2025-06-12
Dic93,3732,2025-06-12
Ene94,3661,2025-06-12
Feb94,4015,2025-06-12
Mar94,4248,2025-06-12
Abr94,4286,2025-06-12
May94,4550,2025-06-12
Jun94,5024,2025-06-12
Jul94,5666,2025-06-12
Ago94,5364,2025-06-12
Sep94,5541,2025-06-12
Oct94,5622,2025-06-12
Nov94,5684,2025-06-12
Dic94,6134,2025-06-12
Ene95,5974,2025-06-12
Feb95,6187,2025-06-12
Mar95,6491,2025-06-12
Abr95,6495,2025-06-12
May95,6502,2025-06-12
Jun95,6931,2025-06-12
Jul95,7556,2025-06-12
Ago95,7366,2025-06-12
Sep95,7249,2025-06-12
Oct95,7428,2025-06-12
Nov95,7462,2025-06-12
Dic95,7882,2025-06-12
Ene96,7706,2025-06-12
Feb96,7926,2025-06-12
Mar96,8166,2025-06-12
Abr96,8282,2025-06-12
May96,8310,2025-06-12
Jun96,8500,2025-06-12
Jul96,8841,2025-06-12
Ago96,8647,2025-06-12
Sep96,8826,2025-06-12
Oct96,8733,2025-06-12
Nov96,8934,2025-06-12
Dic96,9593,2025-06-12
Ene97,9109,2025-06-12
Feb97,9124,2025-06-12
Mar97,9763,2025-06-12
Abr97,9609,2025-06-12
May97,9562,2025-06-12
Jun97,9815,2025-06-12
Jul97,10547,2025-06-12
Ago97,10287,2025-06-12
Sep97,10682,2025-06-12
Oct97,10828,2025-06-12
Nov97,11086,2025-06-12
Dic97,11920,2025-06-12
Ene98,11646,2025-06-12
Feb98,11435,2025-06-12
Mar98,11867,2025-06-12
Abr98,11782,2025-06-12
May98,11685,2025-06-12
Jun98,11623,2025-06-12
Jul98,11709,2025-06-12
Ago98,11311,2025-06-12
Sep98,10765,2025-06-12
Oct98,10797,2025-06-12
Nov98,10983,2025-06-12
Dic98,11566,2025-06-12
Ene99,11036,2025-06-12
Feb99,11145,2025-06-12
Mar99,11034,2025-06-12
Abr99,10811,2025-06-12
May99,11032,2025-06-12
Jun99,10972,2025-06-12
Jul99,11750,2025-06-12
Ago99,11469,2025-06-12
Sep99,11632,2025-06-12
Oct99,11529,2025-06-12
Nov99,11703,2025-06-12
Dic99,12564,2025-06-12
Ene00,11887,2025-06-12
Feb00,11432,2025-06-12
Mar00,11895,2025-06-12
Abr00,11616,2025-06-12
May00,11538,2025-06-12
Jun00,11766,2025-06-12
Jul00,12139,2025-06-12
Ago00,11734,2025-06-12
Sep00,11799,2025-06-12
Oct00,11758,2025-06-12
Nov00,11767,2025-06-12
Dic00,12720,2025-06-12
Ene01,11572,2025-06-12
Feb01,11530,2025-06-12
Mar01,11744,2025-06-12
Abr01,12114,2025-06-12
May01,11667,2025-06-12
Jun01,11535,2025-06-12
Jul01,12197,2025-06-12
Ago01,11842,2025-06-12
Sep01,11861,2025-06-12
Oct01,11962,2025-06-12
Nov01,12402,2025-06-12
Dic01,13462,2025-06-12
Ene02,12791,2025-06-12
Feb02,12915,2025-06-12
Mar02,13471,2025-06-12
Abr02,13129,2025-06-12
May02,13193,2025-06-12
Jun02,13587,2025-06-12
Jul02,14794,2025-06-12
Ago02,14265,2025-06-12
Sep02,14015,2025-06-12
Oct02,13899,2025-06-12
Nov02,13907,2025-06-12
Dic02,14742,2025-06-12
Ene03,13928,2025-06-12
Feb03,14085,2025-06-12
Mar03,14292,2025-06-12
Abr03,14346,2025-06-12
May03,14179,2025-06-12
Jun03,14356,2025-06-12
Jul03,15350,2025-06-12
Ago03,15031,2025-06-12
Sep03,14882,2025-06-12
Oct03,15121,2025-06-12
Nov03,15180,2025-06-12
Dic03,16174,2025-06-12
Ene04,16055,2025-06-12
Feb04,16101,2025-06-12
Mar04,16676,2025-06-12
Abr04,16761,2025-06-12
May04,17007,2025-06-12
Jun04,17112,2025-06-12
Jul04,17776,2025-06-12
Ago04,17665,2025-06-12
Sep04,18104,2025-06-12
Oct04,19513,2025-06-12
Nov04,20060,2025-06-12
Dic04,21446,2025-06-12
Ene05,21085,2025-06-12
Feb05,21955,2025-06-12
Mar05,22880,2025-06-12
Abr05,22687,2025-06-12
May05,22702,2025-06-12
Jun05,23096,2025-06-12
Jul05,24867,2025-06-12
Ago05,24779,2025-06-12
Sep05,24894,2025-06-12
Oct05,25238,2025-06-12
Nov05,26067,2025-06-12
Dic05,28264,2025-06-12
Ene06,26726,2025-06-12
Feb06,27070,2025-06-12
Mar06,27708,2025-06-12
Abr06,26495,2025-06-12
May06,26318,2025-06-12
Jun06,26887,2025-06-12
Jul06,27810,2025-06-12
Ago06,27887,2025-06-12
Sep06,28175,2025-06-12
Oct06,28491,2025-06-12
Nov06,30072,2025-06-12
Dic06,33340,2025-06-12
Ene07,33455,2025-06-12
Feb07,33672,2025-06-12
Mar07,34819,2025-06-12
Abr07,34211,2025-06-12
May07,34769,2025-06-12
Jun07,35992,2025-06-12
Jul07,37664,2025-06-12
Ago07,38072,2025-06-12
Sep07,37962,2025-06-12
Oct07,40173,2025-06-12
Nov07,42375,2025-06-12
Dic07,44866,2025-06-12
Ene08,45876,2025-06-12
Feb08,49119,2025-06-12
Mar08,51593,2025-06-12
Abr08,53598,2025-06-12
May08,54253,2025-06-12
Jun08,55071,2025-06-12
Jul08,55839,2025-06-12
Ago08,56323,2025-06-12
Sep08,55951,2025-06-12
Oct08,55910,2025-06-12
Nov08,55994,2025-06-12
Dic08,57083,2025-06-12
Ene09,55300,2025-06-12
Feb09,56253,2025-06-12
Mar09,56064,2025-06-12
Abr09,54924,2025-06-12
May09,55785,2025-06-12
Jun09,56855,2025-06-12
Jul09,59090,2025-06-12
Ago09,58986,2025-06-12
Sep09,58933,2025-06-12
Oct09,60268,2025-06-12
Nov09,62019,2025-06-12
Dic09,65324,2025-06-12
Ene10,65535,2025-06-12
Feb10,66737,2025-06-12
Mar10,69022,2025-06-12
Abr10,68937,2025-06-12
May10,70403,2025-06-12
Jun10,71687,2025-06-12
Jul10,73478,2025-06-12
Ago10,75848,2025-06-12
Sep10,76121,2025-06-12
Oct10,77874,2025-06-12
Nov10,80605,2025-06-12
Dic10,85366,2025-06-12
Ene11,84151,2025-06-12
Feb11,84896,2025-06-12
Mar11,87177,2025-06-12
Abr11,85435,2025-06-12
May11,85752,2025-06-12
Jun11,86010,2025-06-12
Jul11,89699,2025-06-12
Ago11,90560,2025-06-12
Sep11,91501,2025-06-12
Oct11,92065,2025-06-12
Nov11,93373,2025-06-12
Dic11,99520,2025-06-12
Ene12,99766,2025-06-12
Feb12,101709,2025-06-12
Mar12,104331,2025-06-12
Abr12,105881,2025-06-12
May12,107648,2025-06-12
Jun12,107368,2025-06-12
Jul12,108805,2025-06-12
Ago12,110171,2025-06-12
Sep12,111921,2025-06-12
Oct12,114888,2025-06-12
Nov12,117338,2025-06-12
Dic12,122734,2025-06-12
Ene13,123742,2025-06-12
Feb13,127088,2025-06-12
Mar13,127825,2025-06-12
Abr13,128025,2025-06-12
May13,129040,2025-06-12
Jun13,129318,2025-06-12
Jul13,132213,2025-06-12
Ago13,130663,2025-06-12
Sep13,128271,2025-06-12
Oct13,129052,2025-06-12
Nov13,130928,2025-06-12
Dic13,136976,2025-06-12
Ene14,135333,2025-06-12
Feb14,135807,2025-06-12
Mar14,136019,2025-06-12
Abr14,135336,2025-06-12
May14,136146,2025-06-12
Jun14,136894,2025-06-12
Jul14,140976,2025-06-12
Ago14,141918,2025-06-12
Sep14,141779,2025-06-12
Oct14,142719,2025-06-12
Nov14,143227,2025-06-12
Dic14,151445,2025-06-12
Ene15,148877,2025-06-12
Feb15,148046,2025-06-12
Mar15,145775,2025-06-12
Abr15,144858,2025-06-12
May15,144907,2025-06-12
Jun15,144852,2025-06-12
Jul15,147345,2025-06-12
Ago15,145180,2025-06-12
Sep15,145095,2025-06-12
Oct15,146367,2025-06-12
Nov15,148132,2025-06-12
Dic15,156170,2025-06-12
Ene16,153332,2025-06-12
Feb16,152969,2025-06-12
Mar16,151792,2025-06-12
Abr16,152686,2025-06-12
May16,154805,2025-06-12
Jun16,156955,2025-06-12
Jul16,161997,2025-06-12
Ago16,161220,2025-06-12
Sep16,161204,2025-06-12
Oct16,161435,2025-06-12
Nov16,164462,2025-06-12
Dic16,170211,2025-06-12
Ene17,169017,2025-06-12
Feb17,167979,2025-06-12
Mar17,169277,2025-06-12
Abr17,168953,2025-06-12
May17,171814,2025-06-12
Jun17,173702,2025-06-12
Jul17,176919,2025-06-12
Ago17,176620,2025-06-12
Sep17,180275,2025-06-12
Oct17,181738,2025-06-12
Nov17,184726,2025-06-12
Dic17,191498,2025-06-12
Ene18,192458,2025-06-12
Feb18,193010,2025-06-12
Mar18,194496,2025-06-12
Abr18,192777,2025-06-12
May18,194195,2025-06-12
Jun18,195456,2025-06-12
Jul18,199299,2025-06-12
Ago18,201853,2025-06-12
Sep18,201667,2025-06-12
Oct18,204279,2025-06-12
Nov18,207634,2025-06-12
Dic18,215028,2025-06-12
Ene19,212738,2025-06-12
Feb19,210870,2025-06-12
Mar19,214692,2025-06-12
Abr19,213352,2025-06-12
May19,215186,2025-06-12
Jun19,216390,2025-06-12
Jul19,221639,2025-06-12
Ago19,223945,2025-06-12
Sep19,223319,2025-06-12
Oct19,225172,2025-06-12
Nov19,230381,2025-06-12
Dic19,236523,2025-06-12
Ene20,239204,2025-06-12
Feb20,240225,2025-06-12
Mar20,244802,2025-06-12
Abr20,254282,2025-06-12
May20,275528,2025-06-12
Jun20,285352,2025-06-12
Jul20,296738,2025-06-12
Ago20,299646,2025-06-12
Sep20,299949,2025-06-12
Oct20,301230,2025-06-12
Nov20,303193,2025-06-12
Dic20,313028,2025-06-12
Ene21,315391,2025-06-12
Feb21,316394,2025-06-12
Mar21,315948,2025-06-12
Abr21,307364,2025-06-12
May21,302472,2025-06-12
Jun21,299745,2025-06-12
Jul21,311693,2025-06-12
Ago21,312009,2025-06-12
Sep21,310308,2025-06-12
Oct21,307635,2025-06-12
Nov21,305927,2025-06-12
Dic21,310425,2025-06-12
Ene22,306364,2025-06-12
Feb22,302788,2025-06-12
Mar22,301780,2025-06-12
Abr22,297844,2025-06-12
May22,295648,2025-06-12
Jun22,295240,2025-06-12
Jul22,303874,2025-06-12
Ago22,304338,2025-06-12
Sep22,310670,2025-06-12
Oct22,310377,2025-06-12
Nov22,306216,2025-06-12
Dic22,312239,2025-06-12
Ene23,313659,2025-06-12
Feb23,310255,2025-06-12
Mar23,308667,2025-06-12
Abr23,306523,2025-06-12
May23,306706,2025-06-12
Jun23,306689,2025-06-12
Jul23,311868,2025-06-12
Ago23,311765,2025-06-12
Sep23,312540,2025-06-12
Oct23,313357,2025-06-12
Nov23,315382,2025-06-12
Dic23,324779,2025-06-12
Ene24,324714,2025-06-12
Feb24,323390,2025-06-12
Mar24,321394,2025-06-12
Abr24,321458,2025-06-12
May24,330167,2025-06-12
Jun24,338476,2025-06-12
Jul24,347641,2025-06-12
Ago24,353942,2025-06-12
Sep24,357426,2025-06-12
Oct24,361848,2025-06-12
Nov24,361702,2025-06-12
Dic24,366683,2025-06-12
Ene25,366011,2025-06-12
Feb25,363620,2025-06-12
Mar25,360741,2025-06-12
Abr25,356636,2025-06-12
Ene92,1791,2025-06-13
Feb92,1917,2025-06-13
Mar92,2017,2025-06-13
Abr92,2118,2025-06-13
May92,2162,2025-06-13
Jun92,2200,2025-06-13
Jul92,2411,2025-06-13
Ago92,2391,2025-06-13
Sep92,2455,2025-06-13
Oct92,2508,2025-06-13
Nov92,2502,2025-06-13
Dic92,2798,2025-06-13
Ene93,2754,2025-06-13
Feb93,2919,2025-06-13
Mar93,2971,2025-06-13
Abr93,2975,2025-06-13
May93,2899,2025-06-13
Jun93,2959,2025-06-13
Jul93,3282,2025-06-13
Ago93,3255,2025-06-13
Sep93,3229,2025-06-13
Oct93,3371,2025-06-13
Nov93,3390,2025-06-13
Dic93,3732,2025-06-13
Ene94,3661,2025-06-13
Feb94,4015,2025-06-13
Mar94,4248,2025-06-13
Abr94,4286,2025-06-13
May94,4550,2025-06-13
Jun94,5024,2025-06-13
Jul94,5666,2025-06-13
Ago94,5364,2025-06-13
Sep94,5541,2025-06-13
Oct94,5622,2025-06-13
Nov94,5684,2025-06-13
Dic94,6134,2025-06-13
Ene95,5974,2025-06-13
Feb95,6187,2025-06-13
Mar95,6491,2025-06-13
Abr95,6495,2025-06-13
May95,6502,2025-06-13
Jun95,6931,2025-06-13
Jul95,7556,2025-06-13
Ago95,7366,2025-06-13
Sep95,7249,2025-06-13
Oct95,7428,2025-06-13
Nov95,7462,2025-06-13
Dic95,7882,2025-06-13
Ene96,7706,2025-06-13
Feb96,7926,2025-06-13
Mar96,8166,2025-06-13
Abr96,8282,2025-06-13
May96,8310,2025-06-13
Jun96,8500,2025-06-13
Jul96,8841,2025-06-13
Ago96,8647,2025-06-13
Sep96,8826,2025-06-13
Oct96,8733,2025-06-13
Nov96,8934,2025-06-13
Dic96,9593,2025-06-13
Ene97,9109,2025-06-13
Feb97,9124,2025-06-13
Mar97,9763,2025-06-13
Abr97,9609,2025-06-13
May97,9562,2025-06-13
Jun97,9815,2025-06-13
Jul97,10547,2025-06-13
Ago97,10287,2025-06-13
Sep97,10682,2025-06-13
Oct97,10828,2025-06-13
Nov97,11086,2025-06-13
Dic97,11920,2025-06-13
Ene98,11646,2025-06-13
Feb98,11435,2025-06-13
Mar98,11867,2025-06-13
Abr98,11782,2025-06-13
May98,11685,2025-06-13
Jun98,11623,2025-06-13
Jul98,11709,2025-06-13
Ago98,11311,2025-06-13
Sep98,10765,2025-06-13
Oct98,10797,2025-06-13
Nov98,10983,2025-06-13
Dic98,11566,2025-06-13
Ene99,11036,2025-06-13
Feb99,11145,2025-06-13
Mar99,11034,2025-06-13
Abr99,10811,2025-06-13
May99,11032,2025-06-13
Jun99,10972,2025-06-13
Jul99,11750,2025-06-13
Ago99,11469,2025-06-13
Sep99,11632,2025-06-13
Oct99,11529,2025-06-13
Nov99,11703,2025-06-13
Dic99,12564,2025-06-13
Ene00,11887,2025-06-13
Feb00,11432,2025-06-13
Mar00,11895,2025-06-13
Abr00,11616,2025-06-13
May00,11538,2025-06-13
Jun00,11766,2025-06-13
Jul00,12139,2025-06-13
Ago00,11734,2025-06-13
Sep00,11799,2025-06-13
Oct00,11758,2025-06-13
Nov00,11767,2025-06-13
Dic00,12720,2025-06-13
Ene01,11572,2025-06-13
Feb01,11530,2025-06-13
Mar01,11744,2025-06-13
Abr01,12114,2025-06-13
May01,11667,2025-06-13
Jun01,11535,2025-06-13
Jul01,12197,2025-06-13
Ago01,11842,2025-06-13
Sep01,11861,2025-06-13
Oct01,11962,2025-06-13
Nov01,12402,2025-06-13
Dic01,13462,2025-06-13
Ene02,12791,2025-06-13
Feb02,12915,2025-06-13
Mar02,13471,2025-06-13
Abr02,13129,2025-06-13
May02,13193,2025-06-13
Jun02,13587,2025-06-13
Jul02,14794,2025-06-13
Ago02,14265,2025-06-13
Sep02,14015,2025-06-13
Oct02,13899,2025-06-13
Nov02,13907,2025-06-13
Dic02,14742,2025-06-13
Ene03,13928,2025-06-13
Feb03,14085,2025-06-13
Mar03,14292,2025-06-13
Abr03,14346,2025-06-13
May03,14179,2025-06-13
Jun03,14356,2025-06-13
Jul03,15350,2025-06-13
Ago03,15031,2025-06-13
Sep03,14882,2025-06-13
Oct03,15121,2025-06-13
Nov03,15180,2025-06-13
Dic03,16174,2025-06-13
Ene04,16055,2025-06-13
Feb04,16101,2025-06-13
Mar04,16676,2025-06-13
Abr04,16761,2025-06-13
May04,17007,2025-06-13
Jun04,17112,2025-06-13
Jul04,17776,2025-06-13
Ago04,17665,2025-06-13
Sep04,18104,2025-06-13
Oct04,19513,2025-06-13
Nov04,20060,2025-06-13
Dic04,21446,2025-06-13
Ene05,21085,2025-06-13
Feb05,21955,2025-06-13
Mar05,22880,2025-06-13
Abr05,22687,2025-06-13
May05,22702,2025-06-13
Jun05,23096,2025-06-13
Jul05,24867,2025-06-13
Ago05,24779,2025-06-13
Sep05,24894,2025-06-13
Oct05,25238,2025-06-13
Nov05,26067,2025-06-13
Dic05,28264,2025-06-13
Ene06,26726,2025-06-13
Feb06,27070,2025-06-13
Mar06,27708,2025-06-13
Abr06,26495,2025-06-13
May06,26318,2025-06-13
Jun06,26887,2025-06-13
Jul06,27810,2025-06-13
Ago06,27887,2025-06-13
Sep06,28175,2025-06-13
Oct06,28491,2025-06-13
Nov06,30072,2025-06-13
Dic06,33340,2025-06-13
Ene07,33455,2025-06-13
Feb07,33672,2025-06-13
Mar07,34819,2025-06-13
Abr07,34211,2025-06-13
May07,34769,2025-06-13
Jun07,35992,2025-06-13
Jul07,37664,2025-06-13
Ago07,38072,2025-06-13
Sep07,37962,2025-06-13
Oct07,40173,2025-06-13
Nov07,42375,2025-06-13
Dic07,44866,2025-06-13
Ene08,45876,2025-06-13
Feb08,49119,2025-06-13
Mar08,51593,2025-06-13
Abr08,53598,2025-06-13
May08,54253,2025-06-13
Jun08,55071,2025-06-13
Jul08,55839,2025-06-13
Ago08,56323,2025-06-13
Sep08,55951,2025-06-13
Oct08,55910,2025-06-13
Nov08,55994,2025-06-13
Dic08,57083,2025-06-13
Ene09,55300,2025-06-13
Feb09,56253,2025-06-13
Mar09,56064,2025-06-13
Abr09,54924,2025-06-13
May09,55785,2025-06-13
Jun09,56855,2025-06-13
Jul09,59090,2025-06-13
Ago09,58986,2025-06-13
Sep09,58933,2025-06-13
Oct09,60268,2025-06-13
Nov09,62019,2025-06-13
Dic09,65324,2025-06-13
Ene10,65535,2025-06-13
Feb10,66737,2025-06-13
Mar10,69022,2025-06-13
Abr10,68937,2025-06-13
May10,70403,2025-06-13
Jun10,71687,2025-06-13
Jul10,73478,2025-06-13
Ago10,75848,2025-06-13
Sep10,76121,2025-06-13
Oct10,77874,2025-06-13
Nov10,80605,2025-06-13
Dic10,85366,2025-06-13
Ene11,84151,2025-06-13
Feb11,84896,2025-06-13
Mar11,87177,2025-06-13
Abr11,85435,2025-06-13
May11,85752,2025-06-13
Jun11,86010,2025-06-13
Jul11,89699,2025-06-13
Ago11,90560,2025-06-13
Sep11,91501,2025-06-13
Oct11,92065,2025-06-13
Nov11,93373,2025-06-13
Dic11,99520,2025-06-13
Ene12,99766,2025-06-13
Feb12,101709,2025-06-13
Mar12,104331,2025-06-13
Abr12,105881,2025-06-13
May12,107648,2025-06-13
Jun12,107368,2025-06-13
Jul12,108805,2025-06-13
Ago12,110171,2025-06-13
Sep12,111921,2025-06-13
Oct12,114888,2025-06-13
Nov12,117338,2025-06-13
Dic12,122734,2025-06-13
Ene13,123742,2025-06-13
Feb13,127088,2025-06-13
Mar13,127825,2025-06-13
Abr13,128025,2025-06-13
May13,129040,2025-06-13
Jun13,129318,2025-06-13
Jul13,132213,2025-06-13
Ago13,130663,2025-06-13
Sep13,128271,2025-06-13
Oct13,129052,2025-06-13
Nov13,130928,2025-06-13
Dic13,136976,2025-06-13
Ene14,135333,2025-06-13
Feb14,135807,2025-06-13
Mar14,136019,2025-06-13
Abr14,135336,2025-06-13
May14,136146,2025-06-13
Jun14,136894,2025-06-13
Jul14,140976,2025-06-13
Ago14,141918,2025-06-13
Sep14,141779,2025-06-13
Oct14,142719,2025-06-13
Nov14,143227,2025-06-13
Dic14,151445,2025-06-13
Ene15,148877,2025-06-13
Feb15,148046,2025-06-13
Mar15,145775,2025-06-13
Abr15,144858,2025-06-13
May15,144907,2025-06-13
Jun15,144852,2025-06-13
Jul15,147345,2025-06-13
Ago15,145180,2025-06-13
Sep15,145095,2025-06-13
Oct15,146367,2025-06-13
Nov15,148132,2025-06-13
Dic15,156170,2025-06-13
Ene16,153332,2025-06-13
Feb16,152969,2025-06-13
Mar16,151792,2025-06-13
Abr16,152686,2025-06-13
May16,154805,2025-06-13
Jun16,156955,2025-06-13
Jul16,161997,2025-06-13
Ago16,161220,2025-06-13
Sep16,161204,2025-06-13
Oct16,161435,2025-06-13
Nov16,164462,2025-06-13
Dic16,170211,2025-06-13
Ene17,169017,2025-06-13
Feb17,167979,2025-06-13
Mar17,169277,2025-06-13
Abr17,168953,2025-06-13
May17,171814,2025-06-13
Jun17,173702,2025-06-13
Jul17,176919,2025-06-13
Ago17,176620,2025-06-13
Sep17,180275,2025-06-13
Oct17,181738,2025-06-13
Nov17,184726,2025-06-13
Dic17,191498,2025-06-13
Ene18,192458,2025-06-13
Feb18,193010,2025-06-13
Mar18,194496,2025-06-13
Abr18,192777,2025-06-13
May18,194195,2025-06-13
Jun18,195456,2025-06-13
Jul18,199299,2025-06-13
Ago18,201853,2025-06-13
Sep18,201667,2025-06-13
Oct18,204279,2025-06-13
Nov18,207634,2025-06-13
Dic18,215028,2025-06-13
Ene19,212738,2025-06-13
Feb19,210870,2025-06-13
Mar19,214692,2025-06-13
Abr19,213352,2025-06-13
May19,215186,2025-06-13
Jun19,216390,2025-06-13
Jul19,221639,2025-06-13
Ago19,223945,2025-06-13
Sep19,223319,2025-06-13
Oct19,225172,2025-06-13
Nov19,230381,2025-06-13
Dic19,236523,2025-06-13
Ene20,239204,2025-06-13
Feb20,240225,2025-06-13
Mar20,244802,2025-06-13
Abr20,254282,2025-06-13
May20,275528,2025-06-13
Jun20,285352,2025-06-13
Jul20,296738,2025-06-13
Ago20,299646,2025-06-13
Sep20,299949,2025-06-13
Oct20,301230,2025-06-13
Nov20,303193,2025-06-13
Dic20,313028,2025-06-13
Ene21,315391,2025-06-13
Feb21,316394,2025-06-13
Mar21,315948,2025-06-13
Abr21,307364,2025-06-13
May21,302472,2025-06-13
Jun21,299745,2025-06-13
Jul21,311693,2025-06-13
Ago21,312009,2025-06-13
Sep21,310308,2025-06-13
Oct21,307635,2025-06-13
Nov21,305927,2025-06-13
Dic21,310425,2025-06-13
Ene22,306364,2025-06-13
Feb22,302788,2025-06-13
Mar22,301780,2025-06-13
Abr22,297844,2025-06-13
May22,295648,2025-06-13
Jun22,295240,2025-06-13
Jul22,303874,2025-06-13
Ago22,304338,2025-06-13
Sep22,310670,2025-06-13
Oct22,310377,2025-06-13
Nov22,306216,2025-06-13
Dic22,312239,2025-06-13
Ene23,313659,2025-06-13
Feb23,310255,2025-06-13
Mar23,308667,2025-06-13
Abr23,306523,2025-06-13
May23,306706,2025-06-13
Jun23,306689,2025-06-13
Jul23,311868,2025-06-13
Ago23,311765,2025-06-13
Sep23,312540,2025-06-13
Oct23,313357,2025-06-13
Nov23,315382,2025-06-13
Dic23,324779,2025-06-13
Ene24,324714,2025-06-13
Feb24,323390,2025-06-13
Mar24,321394,2025-06-13
Abr24,321458,2025-06-13
May24,330167,2025-06-13
Jun24,338476,2025-06-13
Jul24,347641,2025-06-13
Ago24,353942,2025-06-13
Sep24,357426,2025-06-13
Oct24,361848,2025-06-13
Nov24,361702,2025-06-13
Dic24,366683,2025-06-13
Ene25,366011,2025-06-13
Feb25,363620,2025-06-13
Mar25,360741,2025-06-13
Abr25,356636,2025-06-13
Ene92,1791,2025-06-14
Feb92,1917,2025-06-14
Mar92,2017,2025-06-14
Abr92,2118,2025-06-14
May92,2162,2025-06-14
Jun92,2200,2025-06-14
Jul92,2411,2025-06-14
Ago92,2391,2025-06-14
Sep92,2455,2025-06-14
Oct92,2508,2025-06-14
Nov92,2502,2025-06-14
Dic92,2798,2025-06-14
Ene93,2754,2025-06-14
Feb93,2919,2025-06-14
Mar93,2971,2025-06-14
Abr93,2975,2025-06-14
May93,2899,2025-06-14
Jun93,2959,2025-06-14
Jul93,3282,2025-06-14
Ago93,3255,2025-06-14
Sep93,3229,2025-06-14
Oct93,3371,2025-06-14
Nov93,3390,2025-06-14
Dic93,3732,2025-06-14
Ene94,3661,2025-06-14
Feb94,4015,2025-06-14
Mar94,4248,2025-06-14
Abr94,4286,2025-06-14
May94,4550,2025-06-14
Jun94,5024,2025-06-14
Jul94,5666,2025-06-14
Ago94,5364,2025-06-14
Sep94,5541,2025-06-14
Oct94,5622,2025-06-14
Nov94,5684,2025-06-14
Dic94,6134,2025-06-14
Ene95,5974,2025-06-14
Feb95,6187,2025-06-14
Mar95,6491,2025-06-14
Abr95,6495,2025-06-14
May95,6502,2025-06-14
Jun95,6931,2025-06-14
Jul95,7556,2025-06-14
Ago95,7366,2025-06-14
Sep95,7249,2025-06-14
Oct95,7428,2025-06-14
Nov95,7462,2025-06-14
Dic95,7882,2025-06-14
Ene96,7706,2025-06-14
Feb96,7926,2025-06-14
Mar96,8166,2025-06-14
Abr96,8282,2025-06-14
May96,8310,2025-06-14
Jun96,8500,2025-06-14
Jul96,8841,2025-06-14
Ago96,8647,2025-06-14
Sep96,8826,2025-06-14
Oct96,8733,2025-06-14
Nov96,8934,2025-06-14
Dic96,9593,2025-06-14
Ene97,9109,2025-06-14
Feb97,9124,2025-06-14
Mar97,9763,2025-06-14
Abr97,9609,2025-06-14
May97,9562,2025-06-14
Jun97,9815,2025-06-14
Jul97,10547,2025-06-14
Ago97,10287,2025-06-14
Sep97,10682,2025-06-14
Oct97,10828,2025-06-14
Nov97,11086,2025-06-14
Dic97,11920,2025-06-14
Ene98,11646,2025-06-14
Feb98,11435,2025-06-14
Mar98,11867,2025-06-14
Abr98,11782,2025-06-14
May98,11685,2025-06-14
Jun98,11623,2025-06-14
Jul98,11709,2025-06-14
Ago98,11311,2025-06-14
Sep98,10765,2025-06-14
Oct98,10797,2025-06-14
Nov98,10983,2025-06-14
Dic98,11566,2025-06-14
Ene99,11036,2025-06-14
Feb99,11145,2025-06-14
Mar99,11034,2025-06-14
Abr99,10811,2025-06-14
May99,11032,2025-06-14
Jun99,10972,2025-06-14
Jul99,11750,2025-06-14
Ago99,11469,2025-06-14
Sep99,11632,2025-06-14
Oct99,11529,2025-06-14
Nov99,11703,2025-06-14
Dic99,12564,2025-06-14
Ene00,11887,2025-06-14
Feb00,11432,2025-06-14
Mar00,11895,2025-06-14
Abr00,11616,2025-06-14
May00,11538,2025-06-14
Jun00,11766,2025-06-14
Jul00,12139,2025-06-14
Ago00,11734,2025-06-14
Sep00,11799,2025-06-14
Oct00,11758,2025-06-14
Nov00,11767,2025-06-14
Dic00,12720,2025-06-14
Ene01,11572,2025-06-14
Feb01,11530,2025-06-14
Mar01,11744,2025-06-14
Abr01,12114,2025-06-14
May01,11667,2025-06-14
Jun01,11535,2025-06-14
Jul01,12197,2025-06-14
Ago01,11842,2025-06-14
Sep01,11861,2025-06-14
Oct01,11962,2025-06-14
Nov01,12402,2025-06-14
Dic01,13462,2025-06-14
Ene02,12791,2025-06-14
Feb02,12915,2025-06-14
Mar02,13471,2025-06-14
Abr02,13129,2025-06-14
May02,13193,2025-06-14
Jun02,13587,2025-06-14
Jul02,14794,2025-06-14
Ago02,14265,2025-06-14
Sep02,14015,2025-06-14
Oct02,13899,2025-06-14
Nov02,13907,2025-06-14
Dic02,14742,2025-06-14
Ene03,13928,2025-06-14
Feb03,14085,2025-06-14
Mar03,14292,2025-06-14
Abr03,14346,2025-06-14
May03,14179,2025-06-14
Jun03,14356,2025-06-14
Jul03,15350,2025-06-14
Ago03,15031,2025-06-14
Sep03,14882,2025-06-14
Oct03,15121,2025-06-14
Nov03,15180,2025-06-14
Dic03,16174,2025-06-14
Ene04,16055,2025-06-14
Feb04,16101,2025-06-14
Mar04,16676,2025-06-14
Abr04,16761,2025-06-14
May04,17007,2025-06-14
Jun04,17112,2025-06-14
Jul04,17776,2025-06-14
Ago04,17665,2025-06-14
Sep04,18104,2025-06-14
Oct04,19513,2025-06-14
Nov04,20060,2025-06-14
Dic04,21446,2025-06-14
Ene05,21085,2025-06-14
Feb05,21955,2025-06-14
Mar05,22880,2025-06-14
Abr05,22687,2025-06-14
May05,22702,2025-06-14
Jun05,23096,2025-06-14
Jul05,24867,2025-06-14
Ago05,24779,2025-06-14
Sep05,24894,2025-06-14
Oct05,25238,2025-06-14
Nov05,26067,2025-06-14
Dic05,28264,2025-06-14
Ene06,26726,2025-06-14
Feb06,27070,2025-06-14
Mar06,27708,2025-06-14
Abr06,26495,2025-06-14
May06,26318,2025-06-14
Jun06,26887,2025-06-14
Jul06,27810,2025-06-14
Ago06,27887,2025-06-14
Sep06,28175,2025-06-14
Oct06,28491,2025-06-14
Nov06,30072,2025-06-14
Dic06,33340,2025-06-14
Ene07,33455,2025-06-14
Feb07,33672,2025-06-14
Mar07,34819,2025-06-14
Abr07,34211,2025-06-14
May07,34769,2025-06-14
Jun07,35992,2025-06-14
Jul07,37664,2025-06-14
Ago07,38072,2025-06-14
Sep07,37962,2025-06-14
Oct07,40173,2025-06-14
Nov07,42375,2025-06-14
Dic07,44866,2025-06-14
Ene08,45876,2025-06-14
Feb08,49119,2025-06-14
Mar08,51593,2025-06-14
Abr08,53598,2025-06-14
May08,54253,2025-06-14
Jun08,55071,2025-06-14
Jul08,55839,2025-06-14
Ago08,56323,2025-06-14
Sep08,55951,2025-06-14
Oct08,55910,2025-06-14
Nov08,55994,2025-06-14
Dic08,57083,2025-06-14
Ene09,55300,2025-06-14
Feb09,56253,2025-06-14
Mar09,56064,2025-06-14
Abr09,54924,2025-06-14
May09,55785,2025-06-14
Jun09,56855,2025-06-14
Jul09,59090,2025-06-14
Ago09,58986,2025-06-14
Sep09,58933,2025-06-14
Oct09,60268,2025-06-14
Nov09,62019,2025-06-14
Dic09,65324,2025-06-14
Ene10,65535,2025-06-14
Feb10,66737,2025-06-14
Mar10,69022,2025-06-14
Abr10,68937,2025-06-14
May10,70403,2025-06-14
Jun10,71687,2025-06-14
Jul10,73478,2025-06-14
Ago10,75848,2025-06-14
Sep10,76121,2025-06-14
Oct10,77874,2025-06-14
Nov10,80605,2025-06-14
Dic10,85366,2025-06-14
Ene11,84151,2025-06-14
Feb11,84896,2025-06-14
Mar11,87177,2025-06-14
Abr11,85435,2025-06-14
May11,85752,2025-06-14
Jun11,86010,2025-06-14
Jul11,89699,2025-06-14
Ago11,90560,2025-06-14
Sep11,91501,2025-06-14
Oct11,92065,2025-06-14
Nov11,93373,2025-06-14
Dic11,99520,2025-06-14
Ene12,99766,2025-06-14
Feb12,101709,2025-06-14
Mar12,104331,2025-06-14
Abr12,105881,2025-06-14
May12,107648,2025-06-14
Jun12,107368,2025-06-14
Jul12,108805,2025-06-14
Ago12,110171,2025-06-14
Sep12,111921,2025-06-14
Oct12,114888,2025-06-14
Nov12,117338,2025-06-14
Dic12,122734,2025-06-14
Ene13,123742,2025-06-14
Feb13,127088,2025-06-14
Mar13,127825,2025-06-14
Abr13,128025,2025-06-14
May13,129040,2025-06-14
Jun13,129318,2025-06-14
Jul13,132213,2025-06-14
Ago13,130663,2025-06-14
Sep13,128271,2025-06-14
Oct13,129052,2025-06-14
Nov13,130928,2025-06-14
Dic13,136976,2025-06-14
Ene14,135333,2025-06-14
Feb14,135807,2025-06-14
Mar14,136019,2025-06-14
Abr14,135336,2025-06-14
May14,136146,2025-06-14
Jun14,136894,2025-06-14
Jul14,140976,2025-06-14
Ago14,141918,2025-06-14
Sep14,141779,2025-06-14
Oct14,142719,2025-06-14
Nov14,143227,2025-06-14
Dic14,151445,2025-06-14
Ene15,148877,2025-06-14
Feb15,148046,2025-06-14
Mar15,145775,2025-06-14
Abr15,144858,2025-06-14
May15,144907,2025-06-14
Jun15,144852,2025-06-14
Jul15,147345,2025-06-14
Ago15,145180,2025-06-14
Sep15,145095,2025-06-14
Oct15,146367,2025-06-14
Nov15,148132,2025-06-14
Dic15,156170,2025-06-14
Ene16,153332,2025-06-14
Feb16,152969,2025-06-14
Mar16,151792,2025-06-14
Abr16,152686,2025-06-14
May16,154805,2025-06-14
Jun16,156955,2025-06-14
Jul16,161997,2025-06-14
Ago16,161220,2025-06-14
Sep16,161204,2025-06-14
Oct16,161435,2025-06-14
Nov16,164462,2025-06-14
Dic16,170211,2025-06-14
Ene17,169017,2025-06-14
Feb17,167979,2025-06-14
Mar17,169277,2025-06-14
Abr17,168953,2025-06-14
May17,171814,2025-06-14
Jun17,173702,2025-06-14
Jul17,176919,2025-06-14
Ago17,176620,2025-06-14
Sep17,180275,2025-06-14
Oct17,181738,2025-06-14
Nov17,184726,2025-06-14
Dic17,191498,2025-06-14
Ene18,192458,2025-06-14
Feb18,193010,2025-06-14
Mar18,194496,2025-06-14
Abr18,192777,2025-06-14
May18,194195,2025-06-14
Jun18,195456,2025-06-14
Jul18,199299,2025-06-14
Ago18,201853,2025-06-14
Sep18,201667,2025-06-14
Oct18,204279,2025-06-14
Nov18,207634,2025-06-14
Dic18,215028,2025-06-14
Ene19,212738,2025-06-14
Feb19,210870,2025-06-14
Mar19,214692,2025-06-14
Abr19,213352,2025-06-14
May19,215186,2025-06-14
Jun19,216390,2025-06-14
Jul19,221639,2025-06-14
Ago19,223945,2025-06-14
Sep19,223319,2025-06-14
Oct19,225172,2025-06-14
Nov19,230381,2025-06-14
Dic19,236523,2025-06-14
Ene20,239204,2025-06-14
Feb20,240225,2025-06-14
Mar20,244802,2025-06-14
Abr20,254282,2025-06-14
May20,275528,2025-06-14
Jun20,285352,2025-06-14
Jul20,296738,2025-06-14
Ago20,299646,2025-06-14
Sep20,299949,2025-06-14
Oct20,301230,2025-06-14
Nov20,303193,2025-06-14
Dic20,313028,2025-06-14
Ene21,315391,2025-06-14
Feb21,316394,2025-06-14
Mar21,315948,2025-06-14
Abr21,307364,2025-06-14
May21,302472,2025-06-14
Jun21,299745,2025-06-14
Jul21,311693,2025-06-14
Ago21,312009,2025-06-14
Sep21,310308,2025-06-14
Oct21,307635,2025-06-14
Nov21,305927,2025-06-14
Dic21,310425,2025-06-14
Ene22,306364,2025-06-14
Feb22,302788,2025-06-14
Mar22,301780,2025-06-14
Abr22,297844,2025-06-14
May22,295648,2025-06-14
Jun22,295240,2025-06-14
Jul22,303874,2025-06-14
Ago22,304338,2025-06-14
Sep22,310670,2025-06-14
Oct22,310377,2025-06-14
Nov22,306216,2025-06-14
Dic22,312239,2025-06-14
Ene23,313659,2025-06-14
Feb23,310255,2025-06-14
Mar23,308667,2025-06-14
Abr23,306523,2025-06-14
May23,306706,2025-06-14
Jun23,306689,2025-06-14
Jul23,311868,2025-06-14
Ago23,311765,2025-06-14
Sep23,312540,2025-06-14
Oct23,313357,2025-06-14
Nov23,315382,2025-06-14
Dic23,324779,2025-06-14
Ene24,324714,2025-06-14
Feb24,323390,2025-06-14
Mar24,321394,2025-06-14
Abr24,321458,2025-06-14
May24,330167,2025-06-14
Jun24,338476,2025-06-14
Jul24,347641,2025-06-14
Ago24,353942,2025-06-14
Sep24,357426,2025-06-14
Oct24,361848,2025-06-14
Nov24,361702,2025-06-14
Dic24,366683,2025-06-14
Ene25,366011,2025-06-14
Feb25,363620,2025-06-14
Mar25,360741,2025-06-14
Abr25,356636,2025-06-14
Ene92,1791,2025-06-15
Feb92,1917,2025-06-15
Mar92,2017,2025-06-15
Abr92,2118,2025-06-15
May92,2162,2025-06-15
Jun92,2200,2025-06-15
Jul92,2411,2025-06-15
Ago92,2391,2025-06-15
Sep92,2455,2025-06-15
Oct92,2508,2025-06-15
Nov92,2502,2025-06-15
Dic92,2798,2025-06-15
Ene93,2754,2025-06-15
Feb93,2919,2025-06-15
Mar93,2971,2025-06-15
Abr93,2975,2025-06-15
May93,2899,2025-06-15
Jun93,2959,2025-06-15
Jul93,3282,2025-06-15
Ago93,3255,2025-06-15
Sep93,3229,2025-06-15
Oct93,3371,2025-06-15
Nov93,3390,2025-06-15
Dic93,3732,2025-06-15
Ene94,3661,2025-06-15
Feb94,4015,2025-06-15
Mar94,4248,2025-06-15
Abr94,4286,2025-06-15
May94,4550,2025-06-15
Jun94,5024,2025-06-15
Jul94,5666,2025-06-15
Ago94,5364,2025-06-15
Sep94,5541,2025-06-15
Oct94,5622,2025-06-15
Nov94,5684,2025-06-15
Dic94,6134,2025-06-15
Ene95,5974,2025-06-15
Feb95,6187,2025-06-15
Mar95,6491,2025-06-15
Abr95,6495,2025-06-15
May95,6502,2025-06-15
Jun95,6931,2025-06-15
Jul95,7556,2025-06-15
Ago95,7366,2025-06-15
Sep95,7249,2025-06-15
Oct95,7428,2025-06-15
Nov95,7462,2025-06-15
Dic95,7882,2025-06-15
Ene96,7706,2025-06-15
Feb96,7926,2025-06-15
Mar96,8166,2025-06-15
Abr96,8282,2025-06-15
May96,8310,2025-06-15
Jun96,8500,2025-06-15
Jul96,8841,2025-06-15
Ago96,8647,2025-06-15
Sep96,8826,2025-06-15
Oct96,8733,2025-06-15
Nov96,8934,2025-06-15
Dic96,9593,2025-06-15
Ene97,9109,2025-06-15
Feb97,9124,2025-06-15
Mar97,9763,2025-06-15
Abr97,9609,2025-06-15
May97,9562,2025-06-15
Jun97,9815,2025-06-15
Jul97,10547,2025-06-15
Ago97,10287,2025-06-15
Sep97,10682,2025-06-15
Oct97,10828,2025-06-15
Nov97,11086,2025-06-15
Dic97,11920,2025-06-15
Ene98,11646,2025-06-15
Feb98,11435,2025-06-15
Mar98,11867,2025-06-15
Abr98,11782,2025-06-15
May98,11685,2025-06-15
Jun98,11623,2025-06-15
Jul98,11709,2025-06-15
Ago98,11311,2025-06-15
Sep98,10765,2025-06-15
Oct98,10797,2025-06-15
Nov98,10983,2025-06-15
Dic98,11566,2025-06-15
Ene99,11036,2025-06-15
Feb99,11145,2025-06-15
Mar99,11034,2025-06-15
Abr99,10811,2025-06-15
May99,11032,2025-06-15
Jun99,10972,2025-06-15
Jul99,11750,2025-06-15
Ago99,11469,2025-06-15
Sep99,11632,2025-06-15
Oct99,11529,2025-06-15
Nov99,11703,2025-06-15
Dic99,12564,2025-06-15
Ene00,11887,2025-06-15
Feb00,11432,2025-06-15
Mar00,11895,2025-06-15
Abr00,11616,2025-06-15
May00,11538,2025-06-15
Jun00,11766,2025-06-15
Jul00,12139,2025-06-15
Ago00,11734,2025-06-15
Sep00,11799,2025-06-15
Oct00,11758,2025-06-15
Nov00,11767,2025-06-15
Dic00,12720,2025-06-15
Ene01,11572,2025-06-15
Feb01,11530,2025-06-15
Mar01,11744,2025-06-15
Abr01,12114,2025-06-15
May01,11667,2025-06-15
Jun01,11535,2025-06-15
Jul01,12197,2025-06-15
Ago01,11842,2025-06-15
Sep01,11861,2025-06-15
Oct01,11962,2025-06-15
Nov01,12402,2025-06-15
Dic01,13462,2025-06-15
Ene02,12791,2025-06-15
Feb02,12915,2025-06-15
Mar02,13471,2025-06-15
Abr02,13129,2025-06-15
May02,13193,2025-06-15
Jun02,13587,2025-06-15
Jul02,14794,2025-06-15
Ago02,14265,2025-06-15
Sep02,14015,2025-06-15
Oct02,13899,2025-06-15
Nov02,13907,2025-06-15
Dic02,14742,2025-06-15
Ene03,13928,2025-06-15
Feb03,14085,2025-06-15
Mar03,14292,2025-06-15
Abr03,14346,2025-06-15
May03,14179,2025-06-15
Jun03,14356,2025-06-15
Jul03,15350,2025-06-15
Ago03,15031,2025-06-15
Sep03,14882,2025-06-15
Oct03,15121,2025-06-15
Nov03,15180,2025-06-15
Dic03,16174,2025-06-15
Ene04,16055,2025-06-15
Feb04,16101,2025-06-15
Mar04,16676,2025-06-15
Abr04,16761,2025-06-15
May04,17007,2025-06-15
Jun04,17112,2025-06-15
Jul04,17776,2025-06-15
Ago04,17665,2025-06-15
Sep04,18104,2025-06-15
Oct04,19513,2025-06-15
Nov04,20060,2025-06-15
Dic04,21446,2025-06-15
Ene05,21085,2025-06-15
Feb05,21955,2025-06-15
Mar05,22880,2025-06-15
Abr05,22687,2025-06-15
May05,22702,2025-06-15
Jun05,23096,2025-06-15
Jul05,24867,2025-06-15
Ago05,24779,2025-06-15
Sep05,24894,2025-06-15
Oct05,25238,2025-06-15
Nov05,26067,2025-06-15
Dic05,28264,2025-06-15
Ene06,26726,2025-06-15
Feb06,27070,2025-06-15
Mar06,27708,2025-06-15
Abr06,26495,2025-06-15
May06,26318,2025-06-15
Jun06,26887,2025-06-15
Jul06,27810,2025-06-15
Ago06,27887,2025-06-15
Sep06,28175,2025-06-15
Oct06,28491,2025-06-15
Nov06,30072,2025-06-15
Dic06,33340,2025-06-15
Ene07,33455,2025-06-15
Feb07,33672,2025-06-15
Mar07,34819,2025-06-15
Abr07,34211,2025-06-15
May07,34769,2025-06-15
Jun07,35992,2025-06-15
Jul07,37664,2025-06-15
Ago07,38072,2025-06-15
Sep07,37962,2025-06-15
Oct07,40173,2025-06-15
Nov07,42375,2025-06-15
Dic07,44866,2025-06-15
Ene08,45876,2025-06-15
Feb08,49119,2025-06-15
Mar08,51593,2025-06-15
Abr08,53598,2025-06-15
May08,54253,2025-06-15
Jun08,55071,2025-06-15
Jul08,55839,2025-06-15
Ago08,56323,2025-06-15
Sep08,55951,2025-06-15
Oct08,55910,2025-06-15
Nov08,55994,2025-06-15
Dic08,57083,2025-06-15
Ene09,55300,2025-06-15
Feb09,56253,2025-06-15
Mar09,56064,2025-06-15
Abr09,54924,2025-06-15
May09,55785,2025-06-15
Jun09,56855,2025-06-15
Jul09,59090,2025-06-15
Ago09,58986,2025-06-15
Sep09,58933,2025-06-15
Oct09,60268,2025-06-15
Nov09,62019,2025-06-15
Dic09,65324,2025-06-15
Ene10,65535,2025-06-15
Feb10,66737,2025-06-15
Mar10,69022,2025-06-15
Abr10,68937,2025-06-15
May10,70403,2025-06-15
Jun10,71687,2025-06-15
Jul10,73478,2025-06-15
Ago10,75848,2025-06-15
Sep10,76121,2025-06-15
Oct10,77874,2025-06-15
Nov10,80605,2025-06-15
Dic10,85366,2025-06-15
Ene11,84151,2025-06-15
Feb11,84896,2025-06-15
Mar11,87177,2025-06-15
Abr11,85435,2025-06-15
May11,85752,2025-06-15
Jun11,86010,2025-06-15
Jul11,89699,2025-06-15
Ago11,90560,2025-06-15
Sep11,91501,2025-06-15
Oct11,92065,2025-06-15
Nov11,93373,2025-06-15
Dic11,99520,2025-06-15
Ene12,99766,2025-06-15
Feb12,101709,2025-06-15
Mar12,104331,2025-06-15
Abr12,105881,2025-06-15
May12,107648,2025-06-15
Jun12,107368,2025-06-15
Jul12,108805,2025-06-15
Ago12,110171,2025-06-15
Sep12,111921,2025-06-15
Oct12,114888,2025-06-15
Nov12,117338,2025-06-15
Dic12,122734,2025-06-15
Ene13,123742,2025-06-15
Feb13,127088,2025-06-15
Mar13,127825,2025-06-15
Abr13,128025,2025-06-15
May13,129040,2025-06-15
Jun13,129318,2025-06-15
Jul13,132213,2025-06-15
Ago13,130663,2025-06-15
Sep13,128271,2025-06-15
Oct13,129052,2025-06-15
Nov13,130928,2025-06-15
Dic13,136976,2025-06-15
Ene14,135333,2025-06-15
Feb14,135807,2025-06-15
Mar14,136019,2025-06-15
Abr14,135336,2025-06-15
May14,136146,2025-06-15
Jun14,136894,2025-06-15
Jul14,140976,2025-06-15
Ago14,141918,2025-06-15
Sep14,141779,2025-06-15
Oct14,142719,2025-06-15
Nov14,143227,2025-06-15
Dic14,151445,2025-06-15
Ene15,148877,2025-06-15
Feb15,148046,2025-06-15
Mar15,145775,2025-06-15
Abr15,144858,2025-06-15
May15,144907,2025-06-15
Jun15,144852,2025-06-15
Jul15,147345,2025-06-15
Ago15,145180,2025-06-15
Sep15,145095,2025-06-15
Oct15,146367,2025-06-15
Nov15,148132,2025-06-15
Dic15,156170,2025-06-15
Ene16,153332,2025-06-15
Feb16,152969,2025-06-15
Mar16,151792,2025-06-15
Abr16,152686,2025-06-15
May16,154805,2025-06-15
Jun16,156955,2025-06-15
Jul16,161997,2025-06-15
Ago16,161220,2025-06-15
Sep16,161204,2025-06-15
Oct16,161435,2025-06-15
Nov16,164462,2025-06-15
Dic16,170211,2025-06-15
Ene17,169017,2025-06-15
Feb17,167979,2025-06-15
Mar17,169277,2025-06-15
Abr17,168953,2025-06-15
May17,171814,2025-06-15
Jun17,173702,2025-06-15
Jul17,176919,2025-06-15
Ago17,176620,2025-06-15
Sep17,180275,2025-06-15
Oct17,181738,2025-06-15
Nov17,184726,2025-06-15
Dic17,191498,2025-06-15
Ene18,192458,2025-06-15
Feb18,193010,2025-06-15
Mar18,194496,2025-06-15
Abr18,192777,2025-06-15
May18,194195,2025-06-15
Jun18,195456,2025-06-15
Jul18,199299,2025-06-15
Ago18,201853,2025-06-15
Sep18,201667,2025-06-15
Oct18,204279,2025-06-15
Nov18,207634,2025-06-15
Dic18,215028,2025-06-15
Ene19,212738,2025-06-15
Feb19,210870,2025-06-15
Mar19,214692,2025-06-15
Abr19,213352,2025-06-15
May19,215186,2025-06-15
Jun19,216390,2025-06-15
Jul19,221639,2025-06-15
Ago19,223945,2025-06-15
Sep19,223319,2025-06-15
Oct19,225172,2025-06-15
Nov19,230381,2025-06-15
Dic19,236523,2025-06-15
Ene20,239204,2025-06-15
Feb20,240225,2025-06-15
Mar20,244802,2025-06-15
Abr20,254282,2025-06-15
May20,275528,2025-06-15
Jun20,285352,2025-06-15
Jul20,296738,2025-06-15
Ago20,299646,2025-06-15
Sep20,299949,2025-06-15
Oct20,301230,2025-06-15
Nov20,303193,2025-06-15
Dic20,313028,2025-06-15
Ene21,315391,2025-06-15
Feb21,316394,2025-06-15
Mar21,315948,2025-06-15
Abr21,307364,2025-06-15
May21,302472,2025-06-15
Jun21,299745,2025-06-15
Jul21,311693,2025-06-15
Ago21,312009,2025-06-15
Sep21,310308,2025-06-15
Oct21,307635,2025-06-15
Nov21,305927,2025-06-15
Dic21,310425,2025-06-15
Ene22,306364,2025-06-15
Feb22,302788,2025-06-15
Mar22,301780,2025-06-15
Abr22,297844,2025-06-15
May22,295648,2025-06-15
Jun22,295240,2025-06-15
Jul22,303874,2025-06-15
Ago22,304338,2025-06-15
Sep22,310670,2025-06-15
Oct22,310377,2025-06-15
Nov22,306216,2025-06-15
Dic22,312239,2025-06-15
Ene23,313659,2025-06-15
Feb23,310255,2025-06-15
Mar23,308667,2025-06-15
Abr23,306523,2025-06-15
May23,306706,2025-06-15
Jun23,306689,2025-06-15
Jul23,311868,2025-06-15
Ago23,311765,2025-06-15
Sep23,312540,2025-06-15
Oct23,313357,2025-06-15
Nov23,315382,2025-06-15
Dic23,324779,2025-06-15
Ene24,324714,2025-06-15
Feb24,323390,2025-06-15
Mar24,321394,2025-06-15
Abr24,321458,2025-06-15
May24,330167,2025-06-15
Jun24,338476,2025-06-15
Jul24,347641,2025-06-15
Ago24,353942,2025-06-15
Sep24,357426,2025-06-15
Oct24,361848,2025-06-15
Nov24,361702,2025-06-15
Dic24,366683,2025-06-15
Ene25,366011,2025-06-15
Feb25,363620,2025-06-15
Mar25,360741,2025-06-15
Abr25,356636,2025-06-15
Ene92,1791,2025-06-15
Feb92,1917,2025-06-15
Mar92,2017,2025-06-15
Abr92,2118,2025-06-15
May92,2162,2025-06-15
Jun92,2200,2025-06-15
Jul92,2411,2025-06-15
Ago92,2391,2025-06-15
Sep92,2455,2025-06-15
Oct92,2508,2025-06-15
Nov92,2502,2025-06-15
Dic92,2798,2025-06-15
Ene93,2754,2025-06-15
Feb93,2919,2025-06-15
Mar93,2971,2025-06-15
Abr93,2975,2025-06-15
May93,2899,2025-06-15
Jun93,2959,2025-06-15
Jul93,3282,2025-06-15
Ago93,3255,2025-06-15
Sep93,3229,2025-06-15
Oct93,3371,2025-06-15
Nov93,3390,2025-06-15
Dic93,3732,2025-06-15
Ene94,3661,2025-06-15
Feb94,4015,2025-06-15
Mar94,4248,2025-06-15
Abr94,4286,2025-06-15
May94,4550,2025-06-15
Jun94,5024,2025-06-15
Jul94,5666,2025-06-15
Ago94,5364,2025-06-15
Sep94,5541,2025-06-15
Oct94,5622,2025-06-15
Nov94,5684,2025-06-15
Dic94,6134,2025-06-15
Ene95,5974,2025-06-15
Feb95,6187,2025-06-15
Mar95,6491,2025-06-15
Abr95,6495,2025-06-15
May95,6502,2025-06-15
Jun95,6931,2025-06-15
Jul95,7556,2025-06-15
Ago95,7366,2025-06-15
Sep95,7249,2025-06-15
Oct95,7428,2025-06-15
Nov95,7462,2025-06-15
Dic95,7882,2025-06-15
Ene96,7706,2025-06-15
Feb96,7926,2025-06-15
Mar96,8166,2025-06-15
Abr96,8282,2025-06-15
May96,8310,2025-06-15
Jun96,8500,2025-06-15
Jul96,8841,2025-06-15
Ago96,8647,2025-06-15
Sep96,8826,2025-06-15
Oct96,8733,2025-06-15
Nov96,8934,2025-06-15
Dic96,9593,2025-06-15
Ene97,9109,2025-06-15
Feb97,9124,2025-06-15
Mar97,9763,2025-06-15
Abr97,9609,2025-06-15
May97,9562,2025-06-15
Jun97,9815,2025-06-15
Jul97,10547,2025-06-15
Ago97,10287,2025-06-15
Sep97,10682,2025-06-15
Oct97,10828,2025-06-15
Nov97,11086,2025-06-15
Dic97,11920,2025-06-15
Ene98,11646,2025-06-15
Feb98,11435,2025-06-15
Mar98,11867,2025-06-15
Abr98,11782,2025-06-15
May98,11685,2025-06-15
Jun98,11623,2025-06-15
Jul98,11709,2025-06-15
Ago98,11311,2025-06-15
Sep98,10765,2025-06-15
Oct98,10797,2025-06-15
Nov98,10983,2025-06-15
Dic98,11566,2025-06-15
Ene99,11036,2025-06-15
Feb99,11145,2025-06-15
Mar99,11034,2025-06-15
Abr99,10811,2025-06-15
May99,11032,2025-06-15
Jun99,10972,2025-06-15
Jul99,11750,2025-06-15
Ago99,11469,2025-06-15
Sep99,11632,2025-06-15
Oct99,11529,2025-06-15
Nov99,11703,2025-06-15
Dic99,12564,2025-06-15
Ene00,11887,2025-06-15
Feb00,11432,2025-06-15
Mar00,11895,2025-06-15
Abr00,11616,2025-06-15
May00,11538,2025-06-15
Jun00,11766,2025-06-15
Jul00,12139,2025-06-15
Ago00,11734,2025-06-15
Sep00,11799,2025-06-15
Oct00,11758,2025-06-15
Nov00,11767,2025-06-15
Dic00,12720,2025-06-15
Ene01,11572,2025-06-15
Feb01,11530,2025-06-15
Mar01,11744,2025-06-15
Abr01,12114,2025-06-15
May01,11667,2025-06-15
Jun01,11535,2025-06-15
Jul01,12197,2025-06-15
Ago01,11842,2025-06-15
Sep01,11861,2025-06-15
Oct01,11962,2025-06-15
Nov01,12402,2025-06-15
Dic01,13462,2025-06-15
Ene02,12791,2025-06-15
Feb02,12915,2025-06-15
Mar02,13471,2025-06-15
Abr02,13129,2025-06-15
May02,13193,2025-06-15
Jun02,13587,2025-06-15
Jul02,14794,2025-06-15
Ago02,14265,2025-06-15
Sep02,14015,2025-06-15
Oct02,13899,2025-06-15
Nov02,13907,2025-06-15
Dic02,14742,2025-06-15
Ene03,13928,2025-06-15
Feb03,14085,2025-06-15
Mar03,14292,2025-06-15
Abr03,14346,2025-06-15
May03,14179,2025-06-15
Jun03,14356,2025-06-15
Jul03,15350,2025-06-15
Ago03,15031,2025-06-15
Sep03,14882,2025-06-15
Oct03,15121,2025-06-15
Nov03,15180,2025-06-15
Dic03,16174,2025-06-15
Ene04,16055,2025-06-15
Feb04,16101,2025-06-15
Mar04,16676,2025-06-15
Abr04,16761,2025-06-15
May04,17007,2025-06-15
Jun04,17112,2025-06-15
Jul04,17776,2025-06-15
Ago04,17665,2025-06-15
Sep04,18104,2025-06-15
Oct04,19513,2025-06-15
Nov04,20060,2025-06-15
Dic04,21446,2025-06-15
Ene05,21085,2025-06-15
Feb05,21955,2025-06-15
Mar05,22880,2025-06-15
Abr05,22687,2025-06-15
May05,22702,2025-06-15
Jun05,23096,2025-06-15
Jul05,24867,2025-06-15
Ago05,24779,2025-06-15
Sep05,24894,2025-06-15
Oct05,25238,2025-06-15
Nov05,26067,2025-06-15
Dic05,28264,2025-06-15
Ene06,26726,2025-06-15
Feb06,27070,2025-06-15
Mar06,27708,2025-06-15
Abr06,26495,2025-06-15
May06,26318,2025-06-15
Jun06,26887,2025-06-15
Jul06,27810,2025-06-15
Ago06,27887,2025-06-15
Sep06,28175,2025-06-15
Oct06,28491,2025-06-15
Nov06,30072,2025-06-15
Dic06,33340,2025-06-15
Ene07,33455,2025-06-15
Feb07,33672,2025-06-15
Mar07,34819,2025-06-15
Abr07,34211,2025-06-15
May07,34769,2025-06-15
Jun07,35992,2025-06-15
Jul07,37664,2025-06-15
Ago07,38072,2025-06-15
Sep07,37962,2025-06-15
Oct07,40173,2025-06-15
Nov07,42375,2025-06-15
Dic07,44866,2025-06-15
Ene08,45876,2025-06-15
Feb08,49119,2025-06-15
Mar08,51593,2025-06-15
Abr08,53598,2025-06-15
May08,54253,2025-06-15
Jun08,55071,2025-06-15
Jul08,55839,2025-06-15
Ago08,56323,2025-06-15
Sep08,55951,2025-06-15
Oct08,55910,2025-06-15
Nov08,55994,2025-06-15
Dic08,57083,2025-06-15
Ene09,55300,2025-06-15
Feb09,56253,2025-06-15
Mar09,56064,2025-06-15
Abr09,54924,2025-06-15
May09,55785,2025-06-15
Jun09,56855,2025-06-15
Jul09,59090,2025-06-15
Ago09,58986,2025-06-15
Sep09,58933,2025-06-15
Oct09,60268,2025-06-15
Nov09,62019,2025-06-15
Dic09,65324,2025-06-15
Ene10,65535,2025-06-15
Feb10,66737,2025-06-15
Mar10,69022,2025-06-15
Abr10,68937,2025-06-15
May10,70403,2025-06-15
Jun10,71687,2025-06-15
Jul10,73478,2025-06-15
Ago10,75848,2025-06-15
Sep10,76121,2025-06-15
Oct10,77874,2025-06-15
Nov10,80605,2025-06-15
Dic10,85366,2025-06-15
Ene11,84151,2025-06-15
Feb11,84896,2025-06-15
Mar11,87177,2025-06-15
Abr11,85435,2025-06-15
May11,85752,2025-06-15
Jun11,86010,2025-06-15
Jul11,89699,2025-06-15
Ago11,90560,2025-06-15
Sep11,91501,2025-06-15
Oct11,92065,2025-06-15
Nov11,93373,2025-06-15
Dic11,99520,2025-06-15
Ene12,99766,2025-06-15
Feb12,101709,2025-06-15
Mar12,104331,2025-06-15
Abr12,105881,2025-06-15
May12,107648,2025-06-15
Jun12,107368,2025-06-15
Jul12,108805,2025-06-15
Ago12,110171,2025-06-15
Sep12,111921,2025-06-15
Oct12,114888,2025-06-15
Nov12,117338,2025-06-15
Dic12,122734,2025-06-15
Ene13,123742,2025-06-15
Feb13,127088,2025-06-15
Mar13,127825,2025-06-15
Abr13,128025,2025-06-15
May13,129040,2025-06-15
Jun13,129318,2025-06-15
Jul13,132213,2025-06-15
Ago13,130663,2025-06-15
Sep13,128271,2025-06-15
Oct13,129052,2025-06-15
Nov13,130928,2025-06-15
Dic13,136976,2025-06-15
Ene14,135333,2025-06-15
Feb14,135807,2025-06-15
Mar14,136019,2025-06-15
Abr14,135336,2025-06-15
May14,136146,2025-06-15
Jun14,136894,2025-06-15
Jul14,140976,2025-06-15
Ago14,141918,2025-06-15
Sep14,141779,2025-06-15
Oct14,142719,2025-06-15
Nov14,143227,2025-06-15
Dic14,151445,2025-06-15
Ene15,148877,2025-06-15
Feb15,148046,2025-06-15
Mar15,145775,2025-06-15
Abr15,144858,2025-06-15
May15,144907,2025-06-15
Jun15,144852,2025-06-15
Jul15,147345,2025-06-15
Ago15,145180,2025-06-15
Sep15,145095,2025-06-15
Oct15,146367,2025-06-15
Nov15,148132,2025-06-15
Dic15,156170,2025-06-15
Ene16,153332,2025-06-15
Feb16,152969,2025-06-15
Mar16,151792,2025-06-15
Abr16,152686,2025-06-15
May16,154805,2025-06-15
Jun16,156955,2025-06-15
Jul16,161997,2025-06-15
Ago16,161220,2025-06-15
Sep16,161204,2025-06-15
Oct16,161435,2025-06-15
Nov16,164462,2025-06-15
Dic16,170211,2025-06-15
Ene17,169017,2025-06-15
Feb17,167979,2025-06-15
Mar17,169277,2025-06-15
Abr17,168953,2025-06-15
May17,171814,2025-06-15
Jun17,173702,2025-06-15
Jul17,176919,2025-06-15
Ago17,176620,2025-06-15
Sep17,180275,2025-06-15
Oct17,181738,2025-06-15
Nov17,184726,2025-06-15
Dic17,191498,2025-06-15
Ene18,192458,2025-06-15
Feb18,193010,2025-06-15
Mar18,194496,2025-06-15
Abr18,192777,2025-06-15
May18,194195,2025-06-15
Jun18,195456,2025-06-15
Jul18,199299,2025-06-15
Ago18,201853,2025-06-15
Sep18,201667,2025-06-15
Oct18,204279,2025-06-15
Nov18,207634,2025-06-15
Dic18,215028,2025-06-15
Ene19,212738,2025-06-15
Feb19,210870,2025-06-15
Mar19,214692,2025-06-15
Abr19,213352,2025-06-15
May19,215186,2025-06-15
Jun19,216390,2025-06-15
Jul19,221639,2025-06-15
Ago19,223945,2025-06-15
Sep19,223319,2025-06-15
Oct19,225172,2025-06-15
Nov19,230381,2025-06-15
Dic19,236523,2025-06-15
Ene20,239204,2025-06-15
Feb20,240225,2025-06-15
Mar20,244802,2025-06-15
Abr20,254282,2025-06-15
May20,275528,2025-06-15
Jun20,285352,2025-06-15
Jul20,296738,2025-06-15
Ago20,299646,2025-06-15
Sep20,299949,2025-06-15
Oct20,301230,2025-06-15
Nov20,303193,2025-06-15
Dic20,313028,2025-06-15
Ene21,315391,2025-06-15
Feb21,316394,2025-06-15
Mar21,315948,2025-06-15
Abr21,307364,2025-06-15
May21,302472,2025-06-15
Jun21,299745,2025-06-15
Jul21,311693,2025-06-15
Ago21,312009,2025-06-15
Sep21,310308,2025-06-15
Oct21,307635,2025-06-15
Nov21,305927,2025-06-15
Dic21,310425,2025-06-15
Ene22,306364,2025-06-15
Feb22,302788,2025-06-15
Mar22,301780,2025-06-15
Abr22,297844,2025-06-15
May22,295648,2025-06-15
Jun22,295240,2025-06-15
Jul22,303874,2025-06-15
Ago22,304338,2025-06-15
Sep22,310670,2025-06-15
Oct22,310377,2025-06-15
Nov22,306216,2025-06-15
Dic22,312239,2025-06-15
Ene23,313659,2025-06-15
Feb23,310255,2025-06-15
Mar23,308667,2025-06-15
Abr23,306523,2025-06-15
May23,306706,2025-06-15
Jun23,306689,2025-06-15
Jul23,311868,2025-06-15
Ago23,311765,2025-06-15
Sep23,312540,2025-06-15
Oct23,313357,2025-06-15
Nov23,315382,2025-06-15
Dic23,324779,2025-06-15
Ene24,324714,2025-06-15
Feb24,323390,2025-06-15
Mar24,321394,2025-06-15
Abr24,321458,2025-06-15
May24,330167,2025-06-15
Jun24,338476,2025-06-15
Jul24,347641,2025-06-15
Ago24,353942,2025-06-15
Sep24,357426,2025-06-15
Oct24,361848,2025-06-15
Nov24,361702,2025-06-15
Dic24,366683,2025-06-15
Ene25,366011,2025-06-15
Feb25,363620,2025-06-15
Mar25,360741,2025-06-15
Abr25,356636,2025-06-15
