Fecha,Precios de productos sujetos al sistema de franjas de precios (US$ por toneladas) - Ma√≠z,fecha_carga
Jul01,113,2025-06-08
Ago01,112,2025-06-08
Sep01,107,2025-06-08
Oct01,106,2025-06-08
Nov01,113,2025-06-08
Dic01,112,2025-06-08
Ene02,116,2025-06-08
Feb02,113,2025-06-08
Mar02,113,2025-06-08
Abr02,108,2025-06-08
May02,115,2025-06-08
Jun02,117,2025-06-08
Jul02,123,2025-06-08
Ago02,133,2025-06-08
Sep02,132,2025-06-08
Oct02,133,2025-06-08
Nov02,133,2025-06-08
Dic02,129,2025-06-08
Ene03,130,2025-06-08
Feb03,127,2025-06-08
Mar03,127,2025-06-08
Abr03,126,2025-06-08
May03,130,2025-06-08
Jun03,129,2025-06-08
Jul03,117,2025-06-08
Ago03,127,2025-06-08
Sep03,124,2025-06-08
Oct03,132,2025-06-08
Nov03,135,2025-06-08
Dic03,134,2025-06-08
Ene04,141,2025-06-08
Feb04,146,2025-06-08
Mar04,152,2025-06-08
Abr04,153,2025-06-08
May04,150,2025-06-08
Jun04,139,2025-06-08
Jul04,122,2025-06-08
Ago04,127,2025-06-08
Sep04,116,2025-06-08
Oct04,117,2025-06-08
Nov04,117,2025-06-08
Dic04,119,2025-06-08
Ene05,118,2025-06-08
Feb05,120,2025-06-08
Mar05,121,2025-06-08
Abr05,118,2025-06-08
May05,118,2025-06-08
Jun05,121,2025-06-08
Jul05,129,2025-06-08
Ago05,118,2025-06-08
Sep05,118,2025-06-08
Oct05,125,2025-06-08
Nov05,117,2025-06-08
Dic05,126,2025-06-08
Ene06,124,2025-06-08
Feb06,129,2025-06-08
Mar06,125,2025-06-08
Abr06,129,2025-06-08
May06,135,2025-06-08
Jun06,129,2025-06-08
Jul06,136,2025-06-08
Ago06,138,2025-06-08
Sep06,145,2025-06-08
Oct06,172,2025-06-08
Nov06,190,2025-06-08
Dic06,185,2025-06-08
Ene07,195,2025-06-08
Feb07,204,2025-06-08
Mar07,187,2025-06-08
Abr07,177,2025-06-08
May07,185,2025-06-08
Jun07,185,2025-06-08
Jul07,167,2025-06-08
Ago07,177,2025-06-08
Sep07,194,2025-06-08
Oct07,199,2025-06-08
Nov07,207,2025-06-08
Dic07,227,2025-06-08
Ene08,241,2025-06-08
Feb08,254,2025-06-08
Mar08,257,2025-06-08
Abr08,270,2025-06-08
May08,264,2025-06-08
Jun08,326,2025-06-08
Jul08,271,2025-06-08
Ago08,272,2025-06-08
Sep08,256,2025-06-08
Oct08,202,2025-06-08
Nov08,183,2025-06-08
Dic08,195,2025-06-08
Ene09,197,2025-06-08
Feb09,180,2025-06-08
Mar09,194,2025-06-08
Abr09,191,2025-06-08
May09,209,2025-06-08
Jun09,197,2025-06-08
Jul09,180,2025-06-08
Ago09,181,2025-06-08
Sep09,185,2025-06-08
Oct09,203,2025-06-08
Nov09,202,2025-06-08
Dic09,207,2025-06-08
Ene10,192,2025-06-08
Feb10,190,2025-06-08
Mar10,183,2025-06-08
Abr10,186,2025-06-08
May10,188,2025-06-08
Jun10,182,2025-06-08
Jul10,196,2025-06-08
Ago10,220,2025-06-08
Sep10,260,2025-06-08
Oct10,280,2025-06-08
Nov10,260,2025-06-08
Dic10,285,2025-06-08
Ene11,299,2025-06-08
Feb11,325,2025-06-08
Mar11,313,2025-06-08
Abr11,343,2025-06-08
May11,342,2025-06-08
Jun11,318,2025-06-08
Jul11,332,2025-06-08
Ago11,338,2025-06-08
Sep11,305,2025-06-08
Oct11,305,2025-06-08
Nov11,288,2025-06-08
Dic11,286,2025-06-08
Ene12,295,2025-06-08
Feb12,304,2025-06-08
Mar12,301,2025-06-08
Abr12,295,2025-06-08
May12,293,2025-06-08
Jun12,300,2025-06-08
Jul12,365,2025-06-08
Ago12,358,2025-06-08
Sep12,339,2025-06-08
Oct12,343,2025-06-08
Nov12,353,2025-06-08
Dic12,328,2025-06-08
Ene13,333,2025-06-08
Feb13,323,2025-06-08
Mar13,337,2025-06-08
Abr13,306,2025-06-08
May13,318,2025-06-08
Jun13,344,2025-06-08
Jul13,274,2025-06-08
Ago13,251,2025-06-08
Sep13,243,2025-06-08
Oct13,234,2025-06-08
Nov13,235,2025-06-08
Dic13,233,2025-06-08
Ene14,232,2025-06-08
Feb14,247,2025-06-08
Mar14,258,2025-06-08
Abr14,255,2025-06-08
May14,242,2025-06-08
Jun14,235,2025-06-08
Jul14,217,2025-06-08
Ago14,213,2025-06-08
Sep14,200,2025-06-08
Oct14,211,2025-06-08
Nov14,213,2025-06-08
Dic14,209,2025-06-08
Ene15,203,2025-06-08
Feb15,200,2025-06-08
Mar15,199,2025-06-08
Abr15,199,2025-06-08
May15,190,2025-06-08
Jun15,197,2025-06-08
Jul15,202,2025-06-08
Ago15,188,2025-06-08
Sep15,197,2025-06-08
Oct15,200,2025-06-08
Nov15,191,2025-06-08
Dic15,188,2025-06-08
Ene16,193,2025-06-08
Feb16,185,2025-06-08
Mar16,162,2025-06-08
Abr16,168,2025-06-08
May16,174,2025-06-08
Jun16,190,2025-06-08
Jul16,173,2025-06-08
Ago16,167,2025-06-08
Sep16,161,2025-06-08
Oct16,166,2025-06-08
Nov16,163,2025-06-08
Dic16,159,2025-06-08
Ene17,167,2025-06-08
Feb17,171,2025-06-08
Mar17,163,2025-06-08
Abr17,160,2025-06-08
May17,160,2025-06-08
Jun17,161,2025-06-08
Jul17,162,2025-06-08
Ago17,158,2025-06-08
Sep17,154,2025-06-08
Oct17,157,2025-06-08
Nov17,156,2025-06-08
Dic17,156,2025-06-08
Ene18,164,2025-06-08
Feb18,170,2025-06-08
Mar18,183,2025-06-08
Abr18,193,2025-06-08
May18,195,2025-06-08
Jun18,172,2025-06-08
Jul18,161,2025-06-08
Ago18,170,2025-06-08
Sep18,158,2025-06-08
Oct18,166,2025-06-08
Nov18,164,2025-06-08
Dic18,169,2025-06-08
Ene19,171,2025-06-08
Feb19,177,2025-06-08
Mar19,175,2025-06-08
Abr19,167,2025-06-08
May19,176,2025-06-08
Jun19,197,2025-06-08
Jul19,196,2025-06-08
Ago19,175,2025-06-08
Sep19,158,2025-06-08
Oct19,171,2025-06-08
Nov19,171,2025-06-08
Dic19,171,2025-06-08
Ene20,177,2025-06-08
Feb20,176,2025-06-08
Mar20,170,2025-06-08
Abr20,154,2025-06-08
May20,149,2025-06-08
Jun20,161,2025-06-08
Jul20,169,2025-06-08
Ago20,166,2025-06-08
Sep20,187,2025-06-08
Oct20,219,2025-06-08
Nov20,223,2025-06-08
Dic20,221,2025-06-08
Ene21,245,2025-06-08
Feb21,252,2025-06-08
Mar21,253,2025-06-08
Abr21,275,2025-06-08
May21,315,2025-06-08
Jun21,302,2025-06-08
Jul21,299,2025-06-08
Ago21,264,2025-06-08
Sep21,276,2025-06-08
Oct21,269,2025-06-08
Nov21,266,2025-06-08
Dic21,273,2025-06-08
Ene22,285,2025-06-08
Feb22,306,2025-06-08
Mar22,362,2025-06-08
Abr22,355,2025-06-08
May22,352,2025-06-08
Jun22,341,2025-06-08
Jul22,309,2025-06-08
Ago22,306,2025-06-08
Sep22,326,2025-06-08
Oct22,365,2025-06-08
Nov22,341,2025-06-08
Dic22,309,2025-06-08
Ene23,304,2025-06-08
Feb23,298,2025-06-08
Mar23,290,2025-06-08
Abr23,294,2025-06-08
May23,269,2025-06-08
Jun23,274,2025-06-08
Jul23,247,2025-06-08
Ago23,217,2025-06-08
Sep23,233,2025-06-08
Oct23,228,2025-06-08
Nov23,212,2025-06-08
Dic23,205,2025-06-08
Ene24,204,2025-06-08
Feb24,193,2025-06-08
Mar24,191,2025-06-08
Abr24,192,2025-06-08
May24,198,2025-06-08
Jun24,196,2025-06-08
Jul24,184,2025-06-08
Ago24,183,2025-06-08
Sep24,202,2025-06-08
Oct24,210,2025-06-08
Nov24,208,2025-06-08
Dic24,207,2025-06-08
Ene25,219,2025-06-08
Feb25,227,2025-06-08
Mar25,209,2025-06-08
Jul01,113,2025-06-09
Ago01,112,2025-06-09
Sep01,107,2025-06-09
Oct01,106,2025-06-09
Nov01,113,2025-06-09
Dic01,112,2025-06-09
Ene02,116,2025-06-09
Feb02,113,2025-06-09
Mar02,113,2025-06-09
Abr02,108,2025-06-09
May02,115,2025-06-09
Jun02,117,2025-06-09
Jul02,123,2025-06-09
Ago02,133,2025-06-09
Sep02,132,2025-06-09
Oct02,133,2025-06-09
Nov02,133,2025-06-09
Dic02,129,2025-06-09
Ene03,130,2025-06-09
Feb03,127,2025-06-09
Mar03,127,2025-06-09
Abr03,126,2025-06-09
May03,130,2025-06-09
Jun03,129,2025-06-09
Jul03,117,2025-06-09
Ago03,127,2025-06-09
Sep03,124,2025-06-09
Oct03,132,2025-06-09
Nov03,135,2025-06-09
Dic03,134,2025-06-09
Ene04,141,2025-06-09
Feb04,146,2025-06-09
Mar04,152,2025-06-09
Abr04,153,2025-06-09
May04,150,2025-06-09
Jun04,139,2025-06-09
Jul04,122,2025-06-09
Ago04,127,2025-06-09
Sep04,116,2025-06-09
Oct04,117,2025-06-09
Nov04,117,2025-06-09
Dic04,119,2025-06-09
Ene05,118,2025-06-09
Feb05,120,2025-06-09
Mar05,121,2025-06-09
Abr05,118,2025-06-09
May05,118,2025-06-09
Jun05,121,2025-06-09
Jul05,129,2025-06-09
Ago05,118,2025-06-09
Sep05,118,2025-06-09
Oct05,125,2025-06-09
Nov05,117,2025-06-09
Dic05,126,2025-06-09
Ene06,124,2025-06-09
Feb06,129,2025-06-09
Mar06,125,2025-06-09
Abr06,129,2025-06-09
May06,135,2025-06-09
Jun06,129,2025-06-09
Jul06,136,2025-06-09
Ago06,138,2025-06-09
Sep06,145,2025-06-09
Oct06,172,2025-06-09
Nov06,190,2025-06-09
Dic06,185,2025-06-09
Ene07,195,2025-06-09
Feb07,204,2025-06-09
Mar07,187,2025-06-09
Abr07,177,2025-06-09
May07,185,2025-06-09
Jun07,185,2025-06-09
Jul07,167,2025-06-09
Ago07,177,2025-06-09
Sep07,194,2025-06-09
Oct07,199,2025-06-09
Nov07,207,2025-06-09
Dic07,227,2025-06-09
Ene08,241,2025-06-09
Feb08,254,2025-06-09
Mar08,257,2025-06-09
Abr08,270,2025-06-09
May08,264,2025-06-09
Jun08,326,2025-06-09
Jul08,271,2025-06-09
Ago08,272,2025-06-09
Sep08,256,2025-06-09
Oct08,202,2025-06-09
Nov08,183,2025-06-09
Dic08,195,2025-06-09
Ene09,197,2025-06-09
Feb09,180,2025-06-09
Mar09,194,2025-06-09
Abr09,191,2025-06-09
May09,209,2025-06-09
Jun09,197,2025-06-09
Jul09,180,2025-06-09
Ago09,181,2025-06-09
Sep09,185,2025-06-09
Oct09,203,2025-06-09
Nov09,202,2025-06-09
Dic09,207,2025-06-09
Ene10,192,2025-06-09
Feb10,190,2025-06-09
Mar10,183,2025-06-09
Abr10,186,2025-06-09
May10,188,2025-06-09
Jun10,182,2025-06-09
Jul10,196,2025-06-09
Ago10,220,2025-06-09
Sep10,260,2025-06-09
Oct10,280,2025-06-09
Nov10,260,2025-06-09
Dic10,285,2025-06-09
Ene11,299,2025-06-09
Feb11,325,2025-06-09
Mar11,313,2025-06-09
Abr11,343,2025-06-09
May11,342,2025-06-09
Jun11,318,2025-06-09
Jul11,332,2025-06-09
Ago11,338,2025-06-09
Sep11,305,2025-06-09
Oct11,305,2025-06-09
Nov11,288,2025-06-09
Dic11,286,2025-06-09
Ene12,295,2025-06-09
Feb12,304,2025-06-09
Mar12,301,2025-06-09
Abr12,295,2025-06-09
May12,293,2025-06-09
Jun12,300,2025-06-09
Jul12,365,2025-06-09
Ago12,358,2025-06-09
Sep12,339,2025-06-09
Oct12,343,2025-06-09
Nov12,353,2025-06-09
Dic12,328,2025-06-09
Ene13,333,2025-06-09
Feb13,323,2025-06-09
Mar13,337,2025-06-09
Abr13,306,2025-06-09
May13,318,2025-06-09
Jun13,344,2025-06-09
Jul13,274,2025-06-09
Ago13,251,2025-06-09
Sep13,243,2025-06-09
Oct13,234,2025-06-09
Nov13,235,2025-06-09
Dic13,233,2025-06-09
Ene14,232,2025-06-09
Feb14,247,2025-06-09
Mar14,258,2025-06-09
Abr14,255,2025-06-09
May14,242,2025-06-09
Jun14,235,2025-06-09
Jul14,217,2025-06-09
Ago14,213,2025-06-09
Sep14,200,2025-06-09
Oct14,211,2025-06-09
Nov14,213,2025-06-09
Dic14,209,2025-06-09
Ene15,203,2025-06-09
Feb15,200,2025-06-09
Mar15,199,2025-06-09
Abr15,199,2025-06-09
May15,190,2025-06-09
Jun15,197,2025-06-09
Jul15,202,2025-06-09
Ago15,188,2025-06-09
Sep15,197,2025-06-09
Oct15,200,2025-06-09
Nov15,191,2025-06-09
Dic15,188,2025-06-09
Ene16,193,2025-06-09
Feb16,185,2025-06-09
Mar16,162,2025-06-09
Abr16,168,2025-06-09
May16,174,2025-06-09
Jun16,190,2025-06-09
Jul16,173,2025-06-09
Ago16,167,2025-06-09
Sep16,161,2025-06-09
Oct16,166,2025-06-09
Nov16,163,2025-06-09
Dic16,159,2025-06-09
Ene17,167,2025-06-09
Feb17,171,2025-06-09
Mar17,163,2025-06-09
Abr17,160,2025-06-09
May17,160,2025-06-09
Jun17,161,2025-06-09
Jul17,162,2025-06-09
Ago17,158,2025-06-09
Sep17,154,2025-06-09
Oct17,157,2025-06-09
Nov17,156,2025-06-09
Dic17,156,2025-06-09
Ene18,164,2025-06-09
Feb18,170,2025-06-09
Mar18,183,2025-06-09
Abr18,193,2025-06-09
May18,195,2025-06-09
Jun18,172,2025-06-09
Jul18,161,2025-06-09
Ago18,170,2025-06-09
Sep18,158,2025-06-09
Oct18,166,2025-06-09
Nov18,164,2025-06-09
Dic18,169,2025-06-09
Ene19,171,2025-06-09
Feb19,177,2025-06-09
Mar19,175,2025-06-09
Abr19,167,2025-06-09
May19,176,2025-06-09
Jun19,197,2025-06-09
Jul19,196,2025-06-09
Ago19,175,2025-06-09
Sep19,158,2025-06-09
Oct19,171,2025-06-09
Nov19,171,2025-06-09
Dic19,171,2025-06-09
Ene20,177,2025-06-09
Feb20,176,2025-06-09
Mar20,170,2025-06-09
Abr20,154,2025-06-09
May20,149,2025-06-09
Jun20,161,2025-06-09
Jul20,169,2025-06-09
Ago20,166,2025-06-09
Sep20,187,2025-06-09
Oct20,219,2025-06-09
Nov20,223,2025-06-09
Dic20,221,2025-06-09
Ene21,245,2025-06-09
Feb21,252,2025-06-09
Mar21,253,2025-06-09
Abr21,275,2025-06-09
May21,315,2025-06-09
Jun21,302,2025-06-09
Jul21,299,2025-06-09
Ago21,264,2025-06-09
Sep21,276,2025-06-09
Oct21,269,2025-06-09
Nov21,266,2025-06-09
Dic21,273,2025-06-09
Ene22,285,2025-06-09
Feb22,306,2025-06-09
Mar22,362,2025-06-09
Abr22,355,2025-06-09
May22,352,2025-06-09
Jun22,341,2025-06-09
Jul22,309,2025-06-09
Ago22,306,2025-06-09
Sep22,326,2025-06-09
Oct22,365,2025-06-09
Nov22,341,2025-06-09
Dic22,309,2025-06-09
Ene23,304,2025-06-09
Feb23,298,2025-06-09
Mar23,290,2025-06-09
Abr23,294,2025-06-09
May23,269,2025-06-09
Jun23,274,2025-06-09
Jul23,247,2025-06-09
Ago23,217,2025-06-09
Sep23,233,2025-06-09
Oct23,228,2025-06-09
Nov23,212,2025-06-09
Dic23,205,2025-06-09
Ene24,204,2025-06-09
Feb24,193,2025-06-09
Mar24,191,2025-06-09
Abr24,192,2025-06-09
May24,198,2025-06-09
Jun24,196,2025-06-09
Jul24,184,2025-06-09
Ago24,183,2025-06-09
Sep24,202,2025-06-09
Oct24,210,2025-06-09
Nov24,208,2025-06-09
Dic24,207,2025-06-09
Ene25,219,2025-06-09
Feb25,227,2025-06-09
Mar25,209,2025-06-09
Jul01,113,2025-06-10
Ago01,112,2025-06-10
Sep01,107,2025-06-10
Oct01,106,2025-06-10
Nov01,113,2025-06-10
Dic01,112,2025-06-10
Ene02,116,2025-06-10
Feb02,113,2025-06-10
Mar02,113,2025-06-10
Abr02,108,2025-06-10
May02,115,2025-06-10
Jun02,117,2025-06-10
Jul02,123,2025-06-10
Ago02,133,2025-06-10
Sep02,132,2025-06-10
Oct02,133,2025-06-10
Nov02,133,2025-06-10
Dic02,129,2025-06-10
Ene03,130,2025-06-10
Feb03,127,2025-06-10
Mar03,127,2025-06-10
Abr03,126,2025-06-10
May03,130,2025-06-10
Jun03,129,2025-06-10
Jul03,117,2025-06-10
Ago03,127,2025-06-10
Sep03,124,2025-06-10
Oct03,132,2025-06-10
Nov03,135,2025-06-10
Dic03,134,2025-06-10
Ene04,141,2025-06-10
Feb04,146,2025-06-10
Mar04,152,2025-06-10
Abr04,153,2025-06-10
May04,150,2025-06-10
Jun04,139,2025-06-10
Jul04,122,2025-06-10
Ago04,127,2025-06-10
Sep04,116,2025-06-10
Oct04,117,2025-06-10
Nov04,117,2025-06-10
Dic04,119,2025-06-10
Ene05,118,2025-06-10
Feb05,120,2025-06-10
Mar05,121,2025-06-10
Abr05,118,2025-06-10
May05,118,2025-06-10
Jun05,121,2025-06-10
Jul05,129,2025-06-10
Ago05,118,2025-06-10
Sep05,118,2025-06-10
Oct05,125,2025-06-10
Nov05,117,2025-06-10
Dic05,126,2025-06-10
Ene06,124,2025-06-10
Feb06,129,2025-06-10
Mar06,125,2025-06-10
Abr06,129,2025-06-10
May06,135,2025-06-10
Jun06,129,2025-06-10
Jul06,136,2025-06-10
Ago06,138,2025-06-10
Sep06,145,2025-06-10
Oct06,172,2025-06-10
Nov06,190,2025-06-10
Dic06,185,2025-06-10
Ene07,195,2025-06-10
Feb07,204,2025-06-10
Mar07,187,2025-06-10
Abr07,177,2025-06-10
May07,185,2025-06-10
Jun07,185,2025-06-10
Jul07,167,2025-06-10
Ago07,177,2025-06-10
Sep07,194,2025-06-10
Oct07,199,2025-06-10
Nov07,207,2025-06-10
Dic07,227,2025-06-10
Ene08,241,2025-06-10
Feb08,254,2025-06-10
Mar08,257,2025-06-10
Abr08,270,2025-06-10
May08,264,2025-06-10
Jun08,326,2025-06-10
Jul08,271,2025-06-10
Ago08,272,2025-06-10
Sep08,256,2025-06-10
Oct08,202,2025-06-10
Nov08,183,2025-06-10
Dic08,195,2025-06-10
Ene09,197,2025-06-10
Feb09,180,2025-06-10
Mar09,194,2025-06-10
Abr09,191,2025-06-10
May09,209,2025-06-10
Jun09,197,2025-06-10
Jul09,180,2025-06-10
Ago09,181,2025-06-10
Sep09,185,2025-06-10
Oct09,203,2025-06-10
Nov09,202,2025-06-10
Dic09,207,2025-06-10
Ene10,192,2025-06-10
Feb10,190,2025-06-10
Mar10,183,2025-06-10
Abr10,186,2025-06-10
May10,188,2025-06-10
Jun10,182,2025-06-10
Jul10,196,2025-06-10
Ago10,220,2025-06-10
Sep10,260,2025-06-10
Oct10,280,2025-06-10
Nov10,260,2025-06-10
Dic10,285,2025-06-10
Ene11,299,2025-06-10
Feb11,325,2025-06-10
Mar11,313,2025-06-10
Abr11,343,2025-06-10
May11,342,2025-06-10
Jun11,318,2025-06-10
Jul11,332,2025-06-10
Ago11,338,2025-06-10
Sep11,305,2025-06-10
Oct11,305,2025-06-10
Nov11,288,2025-06-10
Dic11,286,2025-06-10
Ene12,295,2025-06-10
Feb12,304,2025-06-10
Mar12,301,2025-06-10
Abr12,295,2025-06-10
May12,293,2025-06-10
Jun12,300,2025-06-10
Jul12,365,2025-06-10
Ago12,358,2025-06-10
Sep12,339,2025-06-10
Oct12,343,2025-06-10
Nov12,353,2025-06-10
Dic12,328,2025-06-10
Ene13,333,2025-06-10
Feb13,323,2025-06-10
Mar13,337,2025-06-10
Abr13,306,2025-06-10
May13,318,2025-06-10
Jun13,344,2025-06-10
Jul13,274,2025-06-10
Ago13,251,2025-06-10
Sep13,243,2025-06-10
Oct13,234,2025-06-10
Nov13,235,2025-06-10
Dic13,233,2025-06-10
Ene14,232,2025-06-10
Feb14,247,2025-06-10
Mar14,258,2025-06-10
Abr14,255,2025-06-10
May14,242,2025-06-10
Jun14,235,2025-06-10
Jul14,217,2025-06-10
Ago14,213,2025-06-10
Sep14,200,2025-06-10
Oct14,211,2025-06-10
Nov14,213,2025-06-10
Dic14,209,2025-06-10
Ene15,203,2025-06-10
Feb15,200,2025-06-10
Mar15,199,2025-06-10
Abr15,199,2025-06-10
May15,190,2025-06-10
Jun15,197,2025-06-10
Jul15,202,2025-06-10
Ago15,188,2025-06-10
Sep15,197,2025-06-10
Oct15,200,2025-06-10
Nov15,191,2025-06-10
Dic15,188,2025-06-10
Ene16,193,2025-06-10
Feb16,185,2025-06-10
Mar16,162,2025-06-10
Abr16,168,2025-06-10
May16,174,2025-06-10
Jun16,190,2025-06-10
Jul16,173,2025-06-10
Ago16,167,2025-06-10
Sep16,161,2025-06-10
Oct16,166,2025-06-10
Nov16,163,2025-06-10
Dic16,159,2025-06-10
Ene17,167,2025-06-10
Feb17,171,2025-06-10
Mar17,163,2025-06-10
Abr17,160,2025-06-10
May17,160,2025-06-10
Jun17,161,2025-06-10
Jul17,162,2025-06-10
Ago17,158,2025-06-10
Sep17,154,2025-06-10
Oct17,157,2025-06-10
Nov17,156,2025-06-10
Dic17,156,2025-06-10
Ene18,164,2025-06-10
Feb18,170,2025-06-10
Mar18,183,2025-06-10
Abr18,193,2025-06-10
May18,195,2025-06-10
Jun18,172,2025-06-10
Jul18,161,2025-06-10
Ago18,170,2025-06-10
Sep18,158,2025-06-10
Oct18,166,2025-06-10
Nov18,164,2025-06-10
Dic18,169,2025-06-10
Ene19,171,2025-06-10
Feb19,177,2025-06-10
Mar19,175,2025-06-10
Abr19,167,2025-06-10
May19,176,2025-06-10
Jun19,197,2025-06-10
Jul19,196,2025-06-10
Ago19,175,2025-06-10
Sep19,158,2025-06-10
Oct19,171,2025-06-10
Nov19,171,2025-06-10
Dic19,171,2025-06-10
Ene20,177,2025-06-10
Feb20,176,2025-06-10
Mar20,170,2025-06-10
Abr20,154,2025-06-10
May20,149,2025-06-10
Jun20,161,2025-06-10
Jul20,169,2025-06-10
Ago20,166,2025-06-10
Sep20,187,2025-06-10
Oct20,219,2025-06-10
Nov20,223,2025-06-10
Dic20,221,2025-06-10
Ene21,245,2025-06-10
Feb21,252,2025-06-10
Mar21,253,2025-06-10
Abr21,275,2025-06-10
May21,315,2025-06-10
Jun21,302,2025-06-10
Jul21,299,2025-06-10
Ago21,264,2025-06-10
Sep21,276,2025-06-10
Oct21,269,2025-06-10
Nov21,266,2025-06-10
Dic21,273,2025-06-10
Ene22,285,2025-06-10
Feb22,306,2025-06-10
Mar22,362,2025-06-10
Abr22,355,2025-06-10
May22,352,2025-06-10
Jun22,341,2025-06-10
Jul22,309,2025-06-10
Ago22,306,2025-06-10
Sep22,326,2025-06-10
Oct22,365,2025-06-10
Nov22,341,2025-06-10
Dic22,309,2025-06-10
Ene23,304,2025-06-10
Feb23,298,2025-06-10
Mar23,290,2025-06-10
Abr23,294,2025-06-10
May23,269,2025-06-10
Jun23,274,2025-06-10
Jul23,247,2025-06-10
Ago23,217,2025-06-10
Sep23,233,2025-06-10
Oct23,228,2025-06-10
Nov23,212,2025-06-10
Dic23,205,2025-06-10
Ene24,204,2025-06-10
Feb24,193,2025-06-10
Mar24,191,2025-06-10
Abr24,192,2025-06-10
May24,198,2025-06-10
Jun24,196,2025-06-10
Jul24,184,2025-06-10
Ago24,183,2025-06-10
Sep24,202,2025-06-10
Oct24,210,2025-06-10
Nov24,208,2025-06-10
Dic24,207,2025-06-10
Ene25,219,2025-06-10
Feb25,227,2025-06-10
Mar25,209,2025-06-10
Jul01,113,2025-06-11
Ago01,112,2025-06-11
Sep01,107,2025-06-11
Oct01,106,2025-06-11
Nov01,113,2025-06-11
Dic01,112,2025-06-11
Ene02,116,2025-06-11
Feb02,113,2025-06-11
Mar02,113,2025-06-11
Abr02,108,2025-06-11
May02,115,2025-06-11
Jun02,117,2025-06-11
Jul02,123,2025-06-11
Ago02,133,2025-06-11
Sep02,132,2025-06-11
Oct02,133,2025-06-11
Nov02,133,2025-06-11
Dic02,129,2025-06-11
Ene03,130,2025-06-11
Feb03,127,2025-06-11
Mar03,127,2025-06-11
Abr03,126,2025-06-11
May03,130,2025-06-11
Jun03,129,2025-06-11
Jul03,117,2025-06-11
Ago03,127,2025-06-11
Sep03,124,2025-06-11
Oct03,132,2025-06-11
Nov03,135,2025-06-11
Dic03,134,2025-06-11
Ene04,141,2025-06-11
Feb04,146,2025-06-11
Mar04,152,2025-06-11
Abr04,153,2025-06-11
May04,150,2025-06-11
Jun04,139,2025-06-11
Jul04,122,2025-06-11
Ago04,127,2025-06-11
Sep04,116,2025-06-11
Oct04,117,2025-06-11
Nov04,117,2025-06-11
Dic04,119,2025-06-11
Ene05,118,2025-06-11
Feb05,120,2025-06-11
Mar05,121,2025-06-11
Abr05,118,2025-06-11
May05,118,2025-06-11
Jun05,121,2025-06-11
Jul05,129,2025-06-11
Ago05,118,2025-06-11
Sep05,118,2025-06-11
Oct05,125,2025-06-11
Nov05,117,2025-06-11
Dic05,126,2025-06-11
Ene06,124,2025-06-11
Feb06,129,2025-06-11
Mar06,125,2025-06-11
Abr06,129,2025-06-11
May06,135,2025-06-11
Jun06,129,2025-06-11
Jul06,136,2025-06-11
Ago06,138,2025-06-11
Sep06,145,2025-06-11
Oct06,172,2025-06-11
Nov06,190,2025-06-11
Dic06,185,2025-06-11
Ene07,195,2025-06-11
Feb07,204,2025-06-11
Mar07,187,2025-06-11
Abr07,177,2025-06-11
May07,185,2025-06-11
Jun07,185,2025-06-11
Jul07,167,2025-06-11
Ago07,177,2025-06-11
Sep07,194,2025-06-11
Oct07,199,2025-06-11
Nov07,207,2025-06-11
Dic07,227,2025-06-11
Ene08,241,2025-06-11
Feb08,254,2025-06-11
Mar08,257,2025-06-11
Abr08,270,2025-06-11
May08,264,2025-06-11
Jun08,326,2025-06-11
Jul08,271,2025-06-11
Ago08,272,2025-06-11
Sep08,256,2025-06-11
Oct08,202,2025-06-11
Nov08,183,2025-06-11
Dic08,195,2025-06-11
Ene09,197,2025-06-11
Feb09,180,2025-06-11
Mar09,194,2025-06-11
Abr09,191,2025-06-11
May09,209,2025-06-11
Jun09,197,2025-06-11
Jul09,180,2025-06-11
Ago09,181,2025-06-11
Sep09,185,2025-06-11
Oct09,203,2025-06-11
Nov09,202,2025-06-11
Dic09,207,2025-06-11
Ene10,192,2025-06-11
Feb10,190,2025-06-11
Mar10,183,2025-06-11
Abr10,186,2025-06-11
May10,188,2025-06-11
Jun10,182,2025-06-11
Jul10,196,2025-06-11
Ago10,220,2025-06-11
Sep10,260,2025-06-11
Oct10,280,2025-06-11
Nov10,260,2025-06-11
Dic10,285,2025-06-11
Ene11,299,2025-06-11
Feb11,325,2025-06-11
Mar11,313,2025-06-11
Abr11,343,2025-06-11
May11,342,2025-06-11
Jun11,318,2025-06-11
Jul11,332,2025-06-11
Ago11,338,2025-06-11
Sep11,305,2025-06-11
Oct11,305,2025-06-11
Nov11,288,2025-06-11
Dic11,286,2025-06-11
Ene12,295,2025-06-11
Feb12,304,2025-06-11
Mar12,301,2025-06-11
Abr12,295,2025-06-11
May12,293,2025-06-11
Jun12,300,2025-06-11
Jul12,365,2025-06-11
Ago12,358,2025-06-11
Sep12,339,2025-06-11
Oct12,343,2025-06-11
Nov12,353,2025-06-11
Dic12,328,2025-06-11
Ene13,333,2025-06-11
Feb13,323,2025-06-11
Mar13,337,2025-06-11
Abr13,306,2025-06-11
May13,318,2025-06-11
Jun13,344,2025-06-11
Jul13,274,2025-06-11
Ago13,251,2025-06-11
Sep13,243,2025-06-11
Oct13,234,2025-06-11
Nov13,235,2025-06-11
Dic13,233,2025-06-11
Ene14,232,2025-06-11
Feb14,247,2025-06-11
Mar14,258,2025-06-11
Abr14,255,2025-06-11
May14,242,2025-06-11
Jun14,235,2025-06-11
Jul14,217,2025-06-11
Ago14,213,2025-06-11
Sep14,200,2025-06-11
Oct14,211,2025-06-11
Nov14,213,2025-06-11
Dic14,209,2025-06-11
Ene15,203,2025-06-11
Feb15,200,2025-06-11
Mar15,199,2025-06-11
Abr15,199,2025-06-11
May15,190,2025-06-11
Jun15,197,2025-06-11
Jul15,202,2025-06-11
Ago15,188,2025-06-11
Sep15,197,2025-06-11
Oct15,200,2025-06-11
Nov15,191,2025-06-11
Dic15,188,2025-06-11
Ene16,193,2025-06-11
Feb16,185,2025-06-11
Mar16,162,2025-06-11
Abr16,168,2025-06-11
May16,174,2025-06-11
Jun16,190,2025-06-11
Jul16,173,2025-06-11
Ago16,167,2025-06-11
Sep16,161,2025-06-11
Oct16,166,2025-06-11
Nov16,163,2025-06-11
Dic16,159,2025-06-11
Ene17,167,2025-06-11
Feb17,171,2025-06-11
Mar17,163,2025-06-11
Abr17,160,2025-06-11
May17,160,2025-06-11
Jun17,161,2025-06-11
Jul17,162,2025-06-11
Ago17,158,2025-06-11
Sep17,154,2025-06-11
Oct17,157,2025-06-11
Nov17,156,2025-06-11
Dic17,156,2025-06-11
Ene18,164,2025-06-11
Feb18,170,2025-06-11
Mar18,183,2025-06-11
Abr18,193,2025-06-11
May18,195,2025-06-11
Jun18,172,2025-06-11
Jul18,161,2025-06-11
Ago18,170,2025-06-11
Sep18,158,2025-06-11
Oct18,166,2025-06-11
Nov18,164,2025-06-11
Dic18,169,2025-06-11
Ene19,171,2025-06-11
Feb19,177,2025-06-11
Mar19,175,2025-06-11
Abr19,167,2025-06-11
May19,176,2025-06-11
Jun19,197,2025-06-11
Jul19,196,2025-06-11
Ago19,175,2025-06-11
Sep19,158,2025-06-11
Oct19,171,2025-06-11
Nov19,171,2025-06-11
Dic19,171,2025-06-11
Ene20,177,2025-06-11
Feb20,176,2025-06-11
Mar20,170,2025-06-11
Abr20,154,2025-06-11
May20,149,2025-06-11
Jun20,161,2025-06-11
Jul20,169,2025-06-11
Ago20,166,2025-06-11
Sep20,187,2025-06-11
Oct20,219,2025-06-11
Nov20,223,2025-06-11
Dic20,221,2025-06-11
Ene21,245,2025-06-11
Feb21,252,2025-06-11
Mar21,253,2025-06-11
Abr21,275,2025-06-11
May21,315,2025-06-11
Jun21,302,2025-06-11
Jul21,299,2025-06-11
Ago21,264,2025-06-11
Sep21,276,2025-06-11
Oct21,269,2025-06-11
Nov21,266,2025-06-11
Dic21,273,2025-06-11
Ene22,285,2025-06-11
Feb22,306,2025-06-11
Mar22,362,2025-06-11
Abr22,355,2025-06-11
May22,352,2025-06-11
Jun22,341,2025-06-11
Jul22,309,2025-06-11
Ago22,306,2025-06-11
Sep22,326,2025-06-11
Oct22,365,2025-06-11
Nov22,341,2025-06-11
Dic22,309,2025-06-11
Ene23,304,2025-06-11
Feb23,298,2025-06-11
Mar23,290,2025-06-11
Abr23,294,2025-06-11
May23,269,2025-06-11
Jun23,274,2025-06-11
Jul23,247,2025-06-11
Ago23,217,2025-06-11
Sep23,233,2025-06-11
Oct23,228,2025-06-11
Nov23,212,2025-06-11
Dic23,205,2025-06-11
Ene24,204,2025-06-11
Feb24,193,2025-06-11
Mar24,191,2025-06-11
Abr24,192,2025-06-11
May24,198,2025-06-11
Jun24,196,2025-06-11
Jul24,184,2025-06-11
Ago24,183,2025-06-11
Sep24,202,2025-06-11
Oct24,210,2025-06-11
Nov24,208,2025-06-11
Dic24,207,2025-06-11
Ene25,219,2025-06-11
Feb25,227,2025-06-11
Mar25,209,2025-06-11
Jul01,113,2025-06-12
Ago01,112,2025-06-12
Sep01,107,2025-06-12
Oct01,106,2025-06-12
Nov01,113,2025-06-12
Dic01,112,2025-06-12
Ene02,116,2025-06-12
Feb02,113,2025-06-12
Mar02,113,2025-06-12
Abr02,108,2025-06-12
May02,115,2025-06-12
Jun02,117,2025-06-12
Jul02,123,2025-06-12
Ago02,133,2025-06-12
Sep02,132,2025-06-12
Oct02,133,2025-06-12
Nov02,133,2025-06-12
Dic02,129,2025-06-12
Ene03,130,2025-06-12
Feb03,127,2025-06-12
Mar03,127,2025-06-12
Abr03,126,2025-06-12
May03,130,2025-06-12
Jun03,129,2025-06-12
Jul03,117,2025-06-12
Ago03,127,2025-06-12
Sep03,124,2025-06-12
Oct03,132,2025-06-12
Nov03,135,2025-06-12
Dic03,134,2025-06-12
Ene04,141,2025-06-12
Feb04,146,2025-06-12
Mar04,152,2025-06-12
Abr04,153,2025-06-12
May04,150,2025-06-12
Jun04,139,2025-06-12
Jul04,122,2025-06-12
Ago04,127,2025-06-12
Sep04,116,2025-06-12
Oct04,117,2025-06-12
Nov04,117,2025-06-12
Dic04,119,2025-06-12
Ene05,118,2025-06-12
Feb05,120,2025-06-12
Mar05,121,2025-06-12
Abr05,118,2025-06-12
May05,118,2025-06-12
Jun05,121,2025-06-12
Jul05,129,2025-06-12
Ago05,118,2025-06-12
Sep05,118,2025-06-12
Oct05,125,2025-06-12
Nov05,117,2025-06-12
Dic05,126,2025-06-12
Ene06,124,2025-06-12
Feb06,129,2025-06-12
Mar06,125,2025-06-12
Abr06,129,2025-06-12
May06,135,2025-06-12
Jun06,129,2025-06-12
Jul06,136,2025-06-12
Ago06,138,2025-06-12
Sep06,145,2025-06-12
Oct06,172,2025-06-12
Nov06,190,2025-06-12
Dic06,185,2025-06-12
Ene07,195,2025-06-12
Feb07,204,2025-06-12
Mar07,187,2025-06-12
Abr07,177,2025-06-12
May07,185,2025-06-12
Jun07,185,2025-06-12
Jul07,167,2025-06-12
Ago07,177,2025-06-12
Sep07,194,2025-06-12
Oct07,199,2025-06-12
Nov07,207,2025-06-12
Dic07,227,2025-06-12
Ene08,241,2025-06-12
Feb08,254,2025-06-12
Mar08,257,2025-06-12
Abr08,270,2025-06-12
May08,264,2025-06-12
Jun08,326,2025-06-12
Jul08,271,2025-06-12
Ago08,272,2025-06-12
Sep08,256,2025-06-12
Oct08,202,2025-06-12
Nov08,183,2025-06-12
Dic08,195,2025-06-12
Ene09,197,2025-06-12
Feb09,180,2025-06-12
Mar09,194,2025-06-12
Abr09,191,2025-06-12
May09,209,2025-06-12
Jun09,197,2025-06-12
Jul09,180,2025-06-12
Ago09,181,2025-06-12
Sep09,185,2025-06-12
Oct09,203,2025-06-12
Nov09,202,2025-06-12
Dic09,207,2025-06-12
Ene10,192,2025-06-12
Feb10,190,2025-06-12
Mar10,183,2025-06-12
Abr10,186,2025-06-12
May10,188,2025-06-12
Jun10,182,2025-06-12
Jul10,196,2025-06-12
Ago10,220,2025-06-12
Sep10,260,2025-06-12
Oct10,280,2025-06-12
Nov10,260,2025-06-12
Dic10,285,2025-06-12
Ene11,299,2025-06-12
Feb11,325,2025-06-12
Mar11,313,2025-06-12
Abr11,343,2025-06-12
May11,342,2025-06-12
Jun11,318,2025-06-12
Jul11,332,2025-06-12
Ago11,338,2025-06-12
Sep11,305,2025-06-12
Oct11,305,2025-06-12
Nov11,288,2025-06-12
Dic11,286,2025-06-12
Ene12,295,2025-06-12
Feb12,304,2025-06-12
Mar12,301,2025-06-12
Abr12,295,2025-06-12
May12,293,2025-06-12
Jun12,300,2025-06-12
Jul12,365,2025-06-12
Ago12,358,2025-06-12
Sep12,339,2025-06-12
Oct12,343,2025-06-12
Nov12,353,2025-06-12
Dic12,328,2025-06-12
Ene13,333,2025-06-12
Feb13,323,2025-06-12
Mar13,337,2025-06-12
Abr13,306,2025-06-12
May13,318,2025-06-12
Jun13,344,2025-06-12
Jul13,274,2025-06-12
Ago13,251,2025-06-12
Sep13,243,2025-06-12
Oct13,234,2025-06-12
Nov13,235,2025-06-12
Dic13,233,2025-06-12
Ene14,232,2025-06-12
Feb14,247,2025-06-12
Mar14,258,2025-06-12
Abr14,255,2025-06-12
May14,242,2025-06-12
Jun14,235,2025-06-12
Jul14,217,2025-06-12
Ago14,213,2025-06-12
Sep14,200,2025-06-12
Oct14,211,2025-06-12
Nov14,213,2025-06-12
Dic14,209,2025-06-12
Ene15,203,2025-06-12
Feb15,200,2025-06-12
Mar15,199,2025-06-12
Abr15,199,2025-06-12
May15,190,2025-06-12
Jun15,197,2025-06-12
Jul15,202,2025-06-12
Ago15,188,2025-06-12
Sep15,197,2025-06-12
Oct15,200,2025-06-12
Nov15,191,2025-06-12
Dic15,188,2025-06-12
Ene16,193,2025-06-12
Feb16,185,2025-06-12
Mar16,162,2025-06-12
Abr16,168,2025-06-12
May16,174,2025-06-12
Jun16,190,2025-06-12
Jul16,173,2025-06-12
Ago16,167,2025-06-12
Sep16,161,2025-06-12
Oct16,166,2025-06-12
Nov16,163,2025-06-12
Dic16,159,2025-06-12
Ene17,167,2025-06-12
Feb17,171,2025-06-12
Mar17,163,2025-06-12
Abr17,160,2025-06-12
May17,160,2025-06-12
Jun17,161,2025-06-12
Jul17,162,2025-06-12
Ago17,158,2025-06-12
Sep17,154,2025-06-12
Oct17,157,2025-06-12
Nov17,156,2025-06-12
Dic17,156,2025-06-12
Ene18,164,2025-06-12
Feb18,170,2025-06-12
Mar18,183,2025-06-12
Abr18,193,2025-06-12
May18,195,2025-06-12
Jun18,172,2025-06-12
Jul18,161,2025-06-12
Ago18,170,2025-06-12
Sep18,158,2025-06-12
Oct18,166,2025-06-12
Nov18,164,2025-06-12
Dic18,169,2025-06-12
Ene19,171,2025-06-12
Feb19,177,2025-06-12
Mar19,175,2025-06-12
Abr19,167,2025-06-12
May19,176,2025-06-12
Jun19,197,2025-06-12
Jul19,196,2025-06-12
Ago19,175,2025-06-12
Sep19,158,2025-06-12
Oct19,171,2025-06-12
Nov19,171,2025-06-12
Dic19,171,2025-06-12
Ene20,177,2025-06-12
Feb20,176,2025-06-12
Mar20,170,2025-06-12
Abr20,154,2025-06-12
May20,149,2025-06-12
Jun20,161,2025-06-12
Jul20,169,2025-06-12
Ago20,166,2025-06-12
Sep20,187,2025-06-12
Oct20,219,2025-06-12
Nov20,223,2025-06-12
Dic20,221,2025-06-12
Ene21,245,2025-06-12
Feb21,252,2025-06-12
Mar21,253,2025-06-12
Abr21,275,2025-06-12
May21,315,2025-06-12
Jun21,302,2025-06-12
Jul21,299,2025-06-12
Ago21,264,2025-06-12
Sep21,276,2025-06-12
Oct21,269,2025-06-12
Nov21,266,2025-06-12
Dic21,273,2025-06-12
Ene22,285,2025-06-12
Feb22,306,2025-06-12
Mar22,362,2025-06-12
Abr22,355,2025-06-12
May22,352,2025-06-12
Jun22,341,2025-06-12
Jul22,309,2025-06-12
Ago22,306,2025-06-12
Sep22,326,2025-06-12
Oct22,365,2025-06-12
Nov22,341,2025-06-12
Dic22,309,2025-06-12
Ene23,304,2025-06-12
Feb23,298,2025-06-12
Mar23,290,2025-06-12
Abr23,294,2025-06-12
May23,269,2025-06-12
Jun23,274,2025-06-12
Jul23,247,2025-06-12
Ago23,217,2025-06-12
Sep23,233,2025-06-12
Oct23,228,2025-06-12
Nov23,212,2025-06-12
Dic23,205,2025-06-12
Ene24,204,2025-06-12
Feb24,193,2025-06-12
Mar24,191,2025-06-12
Abr24,192,2025-06-12
May24,198,2025-06-12
Jun24,196,2025-06-12
Jul24,184,2025-06-12
Ago24,183,2025-06-12
Sep24,202,2025-06-12
Oct24,210,2025-06-12
Nov24,208,2025-06-12
Dic24,207,2025-06-12
Ene25,219,2025-06-12
Feb25,227,2025-06-12
Mar25,209,2025-06-12
Jul01,113,2025-06-13
Ago01,112,2025-06-13
Sep01,107,2025-06-13
Oct01,106,2025-06-13
Nov01,113,2025-06-13
Dic01,112,2025-06-13
Ene02,116,2025-06-13
Feb02,113,2025-06-13
Mar02,113,2025-06-13
Abr02,108,2025-06-13
May02,115,2025-06-13
Jun02,117,2025-06-13
Jul02,123,2025-06-13
Ago02,133,2025-06-13
Sep02,132,2025-06-13
Oct02,133,2025-06-13
Nov02,133,2025-06-13
Dic02,129,2025-06-13
Ene03,130,2025-06-13
Feb03,127,2025-06-13
Mar03,127,2025-06-13
Abr03,126,2025-06-13
May03,130,2025-06-13
Jun03,129,2025-06-13
Jul03,117,2025-06-13
Ago03,127,2025-06-13
Sep03,124,2025-06-13
Oct03,132,2025-06-13
Nov03,135,2025-06-13
Dic03,134,2025-06-13
Ene04,141,2025-06-13
Feb04,146,2025-06-13
Mar04,152,2025-06-13
Abr04,153,2025-06-13
May04,150,2025-06-13
Jun04,139,2025-06-13
Jul04,122,2025-06-13
Ago04,127,2025-06-13
Sep04,116,2025-06-13
Oct04,117,2025-06-13
Nov04,117,2025-06-13
Dic04,119,2025-06-13
Ene05,118,2025-06-13
Feb05,120,2025-06-13
Mar05,121,2025-06-13
Abr05,118,2025-06-13
May05,118,2025-06-13
Jun05,121,2025-06-13
Jul05,129,2025-06-13
Ago05,118,2025-06-13
Sep05,118,2025-06-13
Oct05,125,2025-06-13
Nov05,117,2025-06-13
Dic05,126,2025-06-13
Ene06,124,2025-06-13
Feb06,129,2025-06-13
Mar06,125,2025-06-13
Abr06,129,2025-06-13
May06,135,2025-06-13
Jun06,129,2025-06-13
Jul06,136,2025-06-13
Ago06,138,2025-06-13
Sep06,145,2025-06-13
Oct06,172,2025-06-13
Nov06,190,2025-06-13
Dic06,185,2025-06-13
Ene07,195,2025-06-13
Feb07,204,2025-06-13
Mar07,187,2025-06-13
Abr07,177,2025-06-13
May07,185,2025-06-13
Jun07,185,2025-06-13
Jul07,167,2025-06-13
Ago07,177,2025-06-13
Sep07,194,2025-06-13
Oct07,199,2025-06-13
Nov07,207,2025-06-13
Dic07,227,2025-06-13
Ene08,241,2025-06-13
Feb08,254,2025-06-13
Mar08,257,2025-06-13
Abr08,270,2025-06-13
May08,264,2025-06-13
Jun08,326,2025-06-13
Jul08,271,2025-06-13
Ago08,272,2025-06-13
Sep08,256,2025-06-13
Oct08,202,2025-06-13
Nov08,183,2025-06-13
Dic08,195,2025-06-13
Ene09,197,2025-06-13
Feb09,180,2025-06-13
Mar09,194,2025-06-13
Abr09,191,2025-06-13
May09,209,2025-06-13
Jun09,197,2025-06-13
Jul09,180,2025-06-13
Ago09,181,2025-06-13
Sep09,185,2025-06-13
Oct09,203,2025-06-13
Nov09,202,2025-06-13
Dic09,207,2025-06-13
Ene10,192,2025-06-13
Feb10,190,2025-06-13
Mar10,183,2025-06-13
Abr10,186,2025-06-13
May10,188,2025-06-13
Jun10,182,2025-06-13
Jul10,196,2025-06-13
Ago10,220,2025-06-13
Sep10,260,2025-06-13
Oct10,280,2025-06-13
Nov10,260,2025-06-13
Dic10,285,2025-06-13
Ene11,299,2025-06-13
Feb11,325,2025-06-13
Mar11,313,2025-06-13
Abr11,343,2025-06-13
May11,342,2025-06-13
Jun11,318,2025-06-13
Jul11,332,2025-06-13
Ago11,338,2025-06-13
Sep11,305,2025-06-13
Oct11,305,2025-06-13
Nov11,288,2025-06-13
Dic11,286,2025-06-13
Ene12,295,2025-06-13
Feb12,304,2025-06-13
Mar12,301,2025-06-13
Abr12,295,2025-06-13
May12,293,2025-06-13
Jun12,300,2025-06-13
Jul12,365,2025-06-13
Ago12,358,2025-06-13
Sep12,339,2025-06-13
Oct12,343,2025-06-13
Nov12,353,2025-06-13
Dic12,328,2025-06-13
Ene13,333,2025-06-13
Feb13,323,2025-06-13
Mar13,337,2025-06-13
Abr13,306,2025-06-13
May13,318,2025-06-13
Jun13,344,2025-06-13
Jul13,274,2025-06-13
Ago13,251,2025-06-13
Sep13,243,2025-06-13
Oct13,234,2025-06-13
Nov13,235,2025-06-13
Dic13,233,2025-06-13
Ene14,232,2025-06-13
Feb14,247,2025-06-13
Mar14,258,2025-06-13
Abr14,255,2025-06-13
May14,242,2025-06-13
Jun14,235,2025-06-13
Jul14,217,2025-06-13
Ago14,213,2025-06-13
Sep14,200,2025-06-13
Oct14,211,2025-06-13
Nov14,213,2025-06-13
Dic14,209,2025-06-13
Ene15,203,2025-06-13
Feb15,200,2025-06-13
Mar15,199,2025-06-13
Abr15,199,2025-06-13
May15,190,2025-06-13
Jun15,197,2025-06-13
Jul15,202,2025-06-13
Ago15,188,2025-06-13
Sep15,197,2025-06-13
Oct15,200,2025-06-13
Nov15,191,2025-06-13
Dic15,188,2025-06-13
Ene16,193,2025-06-13
Feb16,185,2025-06-13
Mar16,162,2025-06-13
Abr16,168,2025-06-13
May16,174,2025-06-13
Jun16,190,2025-06-13
Jul16,173,2025-06-13
Ago16,167,2025-06-13
Sep16,161,2025-06-13
Oct16,166,2025-06-13
Nov16,163,2025-06-13
Dic16,159,2025-06-13
Ene17,167,2025-06-13
Feb17,171,2025-06-13
Mar17,163,2025-06-13
Abr17,160,2025-06-13
May17,160,2025-06-13
Jun17,161,2025-06-13
Jul17,162,2025-06-13
Ago17,158,2025-06-13
Sep17,154,2025-06-13
Oct17,157,2025-06-13
Nov17,156,2025-06-13
Dic17,156,2025-06-13
Ene18,164,2025-06-13
Feb18,170,2025-06-13
Mar18,183,2025-06-13
Abr18,193,2025-06-13
May18,195,2025-06-13
Jun18,172,2025-06-13
Jul18,161,2025-06-13
Ago18,170,2025-06-13
Sep18,158,2025-06-13
Oct18,166,2025-06-13
Nov18,164,2025-06-13
Dic18,169,2025-06-13
Ene19,171,2025-06-13
Feb19,177,2025-06-13
Mar19,175,2025-06-13
Abr19,167,2025-06-13
May19,176,2025-06-13
Jun19,197,2025-06-13
Jul19,196,2025-06-13
Ago19,175,2025-06-13
Sep19,158,2025-06-13
Oct19,171,2025-06-13
Nov19,171,2025-06-13
Dic19,171,2025-06-13
Ene20,177,2025-06-13
Feb20,176,2025-06-13
Mar20,170,2025-06-13
Abr20,154,2025-06-13
May20,149,2025-06-13
Jun20,161,2025-06-13
Jul20,169,2025-06-13
Ago20,166,2025-06-13
Sep20,187,2025-06-13
Oct20,219,2025-06-13
Nov20,223,2025-06-13
Dic20,221,2025-06-13
Ene21,245,2025-06-13
Feb21,252,2025-06-13
Mar21,253,2025-06-13
Abr21,275,2025-06-13
May21,315,2025-06-13
Jun21,302,2025-06-13
Jul21,299,2025-06-13
Ago21,264,2025-06-13
Sep21,276,2025-06-13
Oct21,269,2025-06-13
Nov21,266,2025-06-13
Dic21,273,2025-06-13
Ene22,285,2025-06-13
Feb22,306,2025-06-13
Mar22,362,2025-06-13
Abr22,355,2025-06-13
May22,352,2025-06-13
Jun22,341,2025-06-13
Jul22,309,2025-06-13
Ago22,306,2025-06-13
Sep22,326,2025-06-13
Oct22,365,2025-06-13
Nov22,341,2025-06-13
Dic22,309,2025-06-13
Ene23,304,2025-06-13
Feb23,298,2025-06-13
Mar23,290,2025-06-13
Abr23,294,2025-06-13
May23,269,2025-06-13
Jun23,274,2025-06-13
Jul23,247,2025-06-13
Ago23,217,2025-06-13
Sep23,233,2025-06-13
Oct23,228,2025-06-13
Nov23,212,2025-06-13
Dic23,205,2025-06-13
Ene24,204,2025-06-13
Feb24,193,2025-06-13
Mar24,191,2025-06-13
Abr24,192,2025-06-13
May24,198,2025-06-13
Jun24,196,2025-06-13
Jul24,184,2025-06-13
Ago24,183,2025-06-13
Sep24,202,2025-06-13
Oct24,210,2025-06-13
Nov24,208,2025-06-13
Dic24,207,2025-06-13
Ene25,219,2025-06-13
Feb25,227,2025-06-13
Mar25,209,2025-06-13
Jul01,113,2025-06-14
Ago01,112,2025-06-14
Sep01,107,2025-06-14
Oct01,106,2025-06-14
Nov01,113,2025-06-14
Dic01,112,2025-06-14
Ene02,116,2025-06-14
Feb02,113,2025-06-14
Mar02,113,2025-06-14
Abr02,108,2025-06-14
May02,115,2025-06-14
Jun02,117,2025-06-14
Jul02,123,2025-06-14
Ago02,133,2025-06-14
Sep02,132,2025-06-14
Oct02,133,2025-06-14
Nov02,133,2025-06-14
Dic02,129,2025-06-14
Ene03,130,2025-06-14
Feb03,127,2025-06-14
Mar03,127,2025-06-14
Abr03,126,2025-06-14
May03,130,2025-06-14
Jun03,129,2025-06-14
Jul03,117,2025-06-14
Ago03,127,2025-06-14
Sep03,124,2025-06-14
Oct03,132,2025-06-14
Nov03,135,2025-06-14
Dic03,134,2025-06-14
Ene04,141,2025-06-14
Feb04,146,2025-06-14
Mar04,152,2025-06-14
Abr04,153,2025-06-14
May04,150,2025-06-14
Jun04,139,2025-06-14
Jul04,122,2025-06-14
Ago04,127,2025-06-14
Sep04,116,2025-06-14
Oct04,117,2025-06-14
Nov04,117,2025-06-14
Dic04,119,2025-06-14
Ene05,118,2025-06-14
Feb05,120,2025-06-14
Mar05,121,2025-06-14
Abr05,118,2025-06-14
May05,118,2025-06-14
Jun05,121,2025-06-14
Jul05,129,2025-06-14
Ago05,118,2025-06-14
Sep05,118,2025-06-14
Oct05,125,2025-06-14
Nov05,117,2025-06-14
Dic05,126,2025-06-14
Ene06,124,2025-06-14
Feb06,129,2025-06-14
Mar06,125,2025-06-14
Abr06,129,2025-06-14
May06,135,2025-06-14
Jun06,129,2025-06-14
Jul06,136,2025-06-14
Ago06,138,2025-06-14
Sep06,145,2025-06-14
Oct06,172,2025-06-14
Nov06,190,2025-06-14
Dic06,185,2025-06-14
Ene07,195,2025-06-14
Feb07,204,2025-06-14
Mar07,187,2025-06-14
Abr07,177,2025-06-14
May07,185,2025-06-14
Jun07,185,2025-06-14
Jul07,167,2025-06-14
Ago07,177,2025-06-14
Sep07,194,2025-06-14
Oct07,199,2025-06-14
Nov07,207,2025-06-14
Dic07,227,2025-06-14
Ene08,241,2025-06-14
Feb08,254,2025-06-14
Mar08,257,2025-06-14
Abr08,270,2025-06-14
May08,264,2025-06-14
Jun08,326,2025-06-14
Jul08,271,2025-06-14
Ago08,272,2025-06-14
Sep08,256,2025-06-14
Oct08,202,2025-06-14
Nov08,183,2025-06-14
Dic08,195,2025-06-14
Ene09,197,2025-06-14
Feb09,180,2025-06-14
Mar09,194,2025-06-14
Abr09,191,2025-06-14
May09,209,2025-06-14
Jun09,197,2025-06-14
Jul09,180,2025-06-14
Ago09,181,2025-06-14
Sep09,185,2025-06-14
Oct09,203,2025-06-14
Nov09,202,2025-06-14
Dic09,207,2025-06-14
Ene10,192,2025-06-14
Feb10,190,2025-06-14
Mar10,183,2025-06-14
Abr10,186,2025-06-14
May10,188,2025-06-14
Jun10,182,2025-06-14
Jul10,196,2025-06-14
Ago10,220,2025-06-14
Sep10,260,2025-06-14
Oct10,280,2025-06-14
Nov10,260,2025-06-14
Dic10,285,2025-06-14
Ene11,299,2025-06-14
Feb11,325,2025-06-14
Mar11,313,2025-06-14
Abr11,343,2025-06-14
May11,342,2025-06-14
Jun11,318,2025-06-14
Jul11,332,2025-06-14
Ago11,338,2025-06-14
Sep11,305,2025-06-14
Oct11,305,2025-06-14
Nov11,288,2025-06-14
Dic11,286,2025-06-14
Ene12,295,2025-06-14
Feb12,304,2025-06-14
Mar12,301,2025-06-14
Abr12,295,2025-06-14
May12,293,2025-06-14
Jun12,300,2025-06-14
Jul12,365,2025-06-14
Ago12,358,2025-06-14
Sep12,339,2025-06-14
Oct12,343,2025-06-14
Nov12,353,2025-06-14
Dic12,328,2025-06-14
Ene13,333,2025-06-14
Feb13,323,2025-06-14
Mar13,337,2025-06-14
Abr13,306,2025-06-14
May13,318,2025-06-14
Jun13,344,2025-06-14
Jul13,274,2025-06-14
Ago13,251,2025-06-14
Sep13,243,2025-06-14
Oct13,234,2025-06-14
Nov13,235,2025-06-14
Dic13,233,2025-06-14
Ene14,232,2025-06-14
Feb14,247,2025-06-14
Mar14,258,2025-06-14
Abr14,255,2025-06-14
May14,242,2025-06-14
Jun14,235,2025-06-14
Jul14,217,2025-06-14
Ago14,213,2025-06-14
Sep14,200,2025-06-14
Oct14,211,2025-06-14
Nov14,213,2025-06-14
Dic14,209,2025-06-14
Ene15,203,2025-06-14
Feb15,200,2025-06-14
Mar15,199,2025-06-14
Abr15,199,2025-06-14
May15,190,2025-06-14
Jun15,197,2025-06-14
Jul15,202,2025-06-14
Ago15,188,2025-06-14
Sep15,197,2025-06-14
Oct15,200,2025-06-14
Nov15,191,2025-06-14
Dic15,188,2025-06-14
Ene16,193,2025-06-14
Feb16,185,2025-06-14
Mar16,162,2025-06-14
Abr16,168,2025-06-14
May16,174,2025-06-14
Jun16,190,2025-06-14
Jul16,173,2025-06-14
Ago16,167,2025-06-14
Sep16,161,2025-06-14
Oct16,166,2025-06-14
Nov16,163,2025-06-14
Dic16,159,2025-06-14
Ene17,167,2025-06-14
Feb17,171,2025-06-14
Mar17,163,2025-06-14
Abr17,160,2025-06-14
May17,160,2025-06-14
Jun17,161,2025-06-14
Jul17,162,2025-06-14
Ago17,158,2025-06-14
Sep17,154,2025-06-14
Oct17,157,2025-06-14
Nov17,156,2025-06-14
Dic17,156,2025-06-14
Ene18,164,2025-06-14
Feb18,170,2025-06-14
Mar18,183,2025-06-14
Abr18,193,2025-06-14
May18,195,2025-06-14
Jun18,172,2025-06-14
Jul18,161,2025-06-14
Ago18,170,2025-06-14
Sep18,158,2025-06-14
Oct18,166,2025-06-14
Nov18,164,2025-06-14
Dic18,169,2025-06-14
Ene19,171,2025-06-14
Feb19,177,2025-06-14
Mar19,175,2025-06-14
Abr19,167,2025-06-14
May19,176,2025-06-14
Jun19,197,2025-06-14
Jul19,196,2025-06-14
Ago19,175,2025-06-14
Sep19,158,2025-06-14
Oct19,171,2025-06-14
Nov19,171,2025-06-14
Dic19,171,2025-06-14
Ene20,177,2025-06-14
Feb20,176,2025-06-14
Mar20,170,2025-06-14
Abr20,154,2025-06-14
May20,149,2025-06-14
Jun20,161,2025-06-14
Jul20,169,2025-06-14
Ago20,166,2025-06-14
Sep20,187,2025-06-14
Oct20,219,2025-06-14
Nov20,223,2025-06-14
Dic20,221,2025-06-14
Ene21,245,2025-06-14
Feb21,252,2025-06-14
Mar21,253,2025-06-14
Abr21,275,2025-06-14
May21,315,2025-06-14
Jun21,302,2025-06-14
Jul21,299,2025-06-14
Ago21,264,2025-06-14
Sep21,276,2025-06-14
Oct21,269,2025-06-14
Nov21,266,2025-06-14
Dic21,273,2025-06-14
Ene22,285,2025-06-14
Feb22,306,2025-06-14
Mar22,362,2025-06-14
Abr22,355,2025-06-14
May22,352,2025-06-14
Jun22,341,2025-06-14
Jul22,309,2025-06-14
Ago22,306,2025-06-14
Sep22,326,2025-06-14
Oct22,365,2025-06-14
Nov22,341,2025-06-14
Dic22,309,2025-06-14
Ene23,304,2025-06-14
Feb23,298,2025-06-14
Mar23,290,2025-06-14
Abr23,294,2025-06-14
May23,269,2025-06-14
Jun23,274,2025-06-14
Jul23,247,2025-06-14
Ago23,217,2025-06-14
Sep23,233,2025-06-14
Oct23,228,2025-06-14
Nov23,212,2025-06-14
Dic23,205,2025-06-14
Ene24,204,2025-06-14
Feb24,193,2025-06-14
Mar24,191,2025-06-14
Abr24,192,2025-06-14
May24,198,2025-06-14
Jun24,196,2025-06-14
Jul24,184,2025-06-14
Ago24,183,2025-06-14
Sep24,202,2025-06-14
Oct24,210,2025-06-14
Nov24,208,2025-06-14
Dic24,207,2025-06-14
Ene25,219,2025-06-14
Feb25,227,2025-06-14
Mar25,209,2025-06-14
Abr25,220,2025-06-14
Jul01,113,2025-06-15
Ago01,112,2025-06-15
Sep01,107,2025-06-15
Oct01,106,2025-06-15
Nov01,113,2025-06-15
Dic01,112,2025-06-15
Ene02,116,2025-06-15
Feb02,113,2025-06-15
Mar02,113,2025-06-15
Abr02,108,2025-06-15
May02,115,2025-06-15
Jun02,117,2025-06-15
Jul02,123,2025-06-15
Ago02,133,2025-06-15
Sep02,132,2025-06-15
Oct02,133,2025-06-15
Nov02,133,2025-06-15
Dic02,129,2025-06-15
Ene03,130,2025-06-15
Feb03,127,2025-06-15
Mar03,127,2025-06-15
Abr03,126,2025-06-15
May03,130,2025-06-15
Jun03,129,2025-06-15
Jul03,117,2025-06-15
Ago03,127,2025-06-15
Sep03,124,2025-06-15
Oct03,132,2025-06-15
Nov03,135,2025-06-15
Dic03,134,2025-06-15
Ene04,141,2025-06-15
Feb04,146,2025-06-15
Mar04,152,2025-06-15
Abr04,153,2025-06-15
May04,150,2025-06-15
Jun04,139,2025-06-15
Jul04,122,2025-06-15
Ago04,127,2025-06-15
Sep04,116,2025-06-15
Oct04,117,2025-06-15
Nov04,117,2025-06-15
Dic04,119,2025-06-15
Ene05,118,2025-06-15
Feb05,120,2025-06-15
Mar05,121,2025-06-15
Abr05,118,2025-06-15
May05,118,2025-06-15
Jun05,121,2025-06-15
Jul05,129,2025-06-15
Ago05,118,2025-06-15
Sep05,118,2025-06-15
Oct05,125,2025-06-15
Nov05,117,2025-06-15
Dic05,126,2025-06-15
Ene06,124,2025-06-15
Feb06,129,2025-06-15
Mar06,125,2025-06-15
Abr06,129,2025-06-15
May06,135,2025-06-15
Jun06,129,2025-06-15
Jul06,136,2025-06-15
Ago06,138,2025-06-15
Sep06,145,2025-06-15
Oct06,172,2025-06-15
Nov06,190,2025-06-15
Dic06,185,2025-06-15
Ene07,195,2025-06-15
Feb07,204,2025-06-15
Mar07,187,2025-06-15
Abr07,177,2025-06-15
May07,185,2025-06-15
Jun07,185,2025-06-15
Jul07,167,2025-06-15
Ago07,177,2025-06-15
Sep07,194,2025-06-15
Oct07,199,2025-06-15
Nov07,207,2025-06-15
Dic07,227,2025-06-15
Ene08,241,2025-06-15
Feb08,254,2025-06-15
Mar08,257,2025-06-15
Abr08,270,2025-06-15
May08,264,2025-06-15
Jun08,326,2025-06-15
Jul08,271,2025-06-15
Ago08,272,2025-06-15
Sep08,256,2025-06-15
Oct08,202,2025-06-15
Nov08,183,2025-06-15
Dic08,195,2025-06-15
Ene09,197,2025-06-15
Feb09,180,2025-06-15
Mar09,194,2025-06-15
Abr09,191,2025-06-15
May09,209,2025-06-15
Jun09,197,2025-06-15
Jul09,180,2025-06-15
Ago09,181,2025-06-15
Sep09,185,2025-06-15
Oct09,203,2025-06-15
Nov09,202,2025-06-15
Dic09,207,2025-06-15
Ene10,192,2025-06-15
Feb10,190,2025-06-15
Mar10,183,2025-06-15
Abr10,186,2025-06-15
May10,188,2025-06-15
Jun10,182,2025-06-15
Jul10,196,2025-06-15
Ago10,220,2025-06-15
Sep10,260,2025-06-15
Oct10,280,2025-06-15
Nov10,260,2025-06-15
Dic10,285,2025-06-15
Ene11,299,2025-06-15
Feb11,325,2025-06-15
Mar11,313,2025-06-15
Abr11,343,2025-06-15
May11,342,2025-06-15
Jun11,318,2025-06-15
Jul11,332,2025-06-15
Ago11,338,2025-06-15
Sep11,305,2025-06-15
Oct11,305,2025-06-15
Nov11,288,2025-06-15
Dic11,286,2025-06-15
Ene12,295,2025-06-15
Feb12,304,2025-06-15
Mar12,301,2025-06-15
Abr12,295,2025-06-15
May12,293,2025-06-15
Jun12,300,2025-06-15
Jul12,365,2025-06-15
Ago12,358,2025-06-15
Sep12,339,2025-06-15
Oct12,343,2025-06-15
Nov12,353,2025-06-15
Dic12,328,2025-06-15
Ene13,333,2025-06-15
Feb13,323,2025-06-15
Mar13,337,2025-06-15
Abr13,306,2025-06-15
May13,318,2025-06-15
Jun13,344,2025-06-15
Jul13,274,2025-06-15
Ago13,251,2025-06-15
Sep13,243,2025-06-15
Oct13,234,2025-06-15
Nov13,235,2025-06-15
Dic13,233,2025-06-15
Ene14,232,2025-06-15
Feb14,247,2025-06-15
Mar14,258,2025-06-15
Abr14,255,2025-06-15
May14,242,2025-06-15
Jun14,235,2025-06-15
Jul14,217,2025-06-15
Ago14,213,2025-06-15
Sep14,200,2025-06-15
Oct14,211,2025-06-15
Nov14,213,2025-06-15
Dic14,209,2025-06-15
Ene15,203,2025-06-15
Feb15,200,2025-06-15
Mar15,199,2025-06-15
Abr15,199,2025-06-15
May15,190,2025-06-15
Jun15,197,2025-06-15
Jul15,202,2025-06-15
Ago15,188,2025-06-15
Sep15,197,2025-06-15
Oct15,200,2025-06-15
Nov15,191,2025-06-15
Dic15,188,2025-06-15
Ene16,193,2025-06-15
Feb16,185,2025-06-15
Mar16,162,2025-06-15
Abr16,168,2025-06-15
May16,174,2025-06-15
Jun16,190,2025-06-15
Jul16,173,2025-06-15
Ago16,167,2025-06-15
Sep16,161,2025-06-15
Oct16,166,2025-06-15
Nov16,163,2025-06-15
Dic16,159,2025-06-15
Ene17,167,2025-06-15
Feb17,171,2025-06-15
Mar17,163,2025-06-15
Abr17,160,2025-06-15
May17,160,2025-06-15
Jun17,161,2025-06-15
Jul17,162,2025-06-15
Ago17,158,2025-06-15
Sep17,154,2025-06-15
Oct17,157,2025-06-15
Nov17,156,2025-06-15
Dic17,156,2025-06-15
Ene18,164,2025-06-15
Feb18,170,2025-06-15
Mar18,183,2025-06-15
Abr18,193,2025-06-15
May18,195,2025-06-15
Jun18,172,2025-06-15
Jul18,161,2025-06-15
Ago18,170,2025-06-15
Sep18,158,2025-06-15
Oct18,166,2025-06-15
Nov18,164,2025-06-15
Dic18,169,2025-06-15
Ene19,171,2025-06-15
Feb19,177,2025-06-15
Mar19,175,2025-06-15
Abr19,167,2025-06-15
May19,176,2025-06-15
Jun19,197,2025-06-15
Jul19,196,2025-06-15
Ago19,175,2025-06-15
Sep19,158,2025-06-15
Oct19,171,2025-06-15
Nov19,171,2025-06-15
Dic19,171,2025-06-15
Ene20,177,2025-06-15
Feb20,176,2025-06-15
Mar20,170,2025-06-15
Abr20,154,2025-06-15
May20,149,2025-06-15
Jun20,161,2025-06-15
Jul20,169,2025-06-15
Ago20,166,2025-06-15
Sep20,187,2025-06-15
Oct20,219,2025-06-15
Nov20,223,2025-06-15
Dic20,221,2025-06-15
Ene21,245,2025-06-15
Feb21,252,2025-06-15
Mar21,253,2025-06-15
Abr21,275,2025-06-15
May21,315,2025-06-15
Jun21,302,2025-06-15
Jul21,299,2025-06-15
Ago21,264,2025-06-15
Sep21,276,2025-06-15
Oct21,269,2025-06-15
Nov21,266,2025-06-15
Dic21,273,2025-06-15
Ene22,285,2025-06-15
Feb22,306,2025-06-15
Mar22,362,2025-06-15
Abr22,355,2025-06-15
May22,352,2025-06-15
Jun22,341,2025-06-15
Jul22,309,2025-06-15
Ago22,306,2025-06-15
Sep22,326,2025-06-15
Oct22,365,2025-06-15
Nov22,341,2025-06-15
Dic22,309,2025-06-15
Ene23,304,2025-06-15
Feb23,298,2025-06-15
Mar23,290,2025-06-15
Abr23,294,2025-06-15
May23,269,2025-06-15
Jun23,274,2025-06-15
Jul23,247,2025-06-15
Ago23,217,2025-06-15
Sep23,233,2025-06-15
Oct23,228,2025-06-15
Nov23,212,2025-06-15
Dic23,205,2025-06-15
Ene24,204,2025-06-15
Feb24,193,2025-06-15
Mar24,191,2025-06-15
Abr24,192,2025-06-15
May24,198,2025-06-15
Jun24,196,2025-06-15
Jul24,184,2025-06-15
Ago24,183,2025-06-15
Sep24,202,2025-06-15
Oct24,210,2025-06-15
Nov24,208,2025-06-15
Dic24,207,2025-06-15
Ene25,219,2025-06-15
Feb25,227,2025-06-15
Mar25,209,2025-06-15
Abr25,220,2025-06-15
Jul01,113,2025-06-16
Ago01,112,2025-06-16
Sep01,107,2025-06-16
Oct01,106,2025-06-16
Nov01,113,2025-06-16
Dic01,112,2025-06-16
Ene02,116,2025-06-16
Feb02,113,2025-06-16
Mar02,113,2025-06-16
Abr02,108,2025-06-16
May02,115,2025-06-16
Jun02,117,2025-06-16
Jul02,123,2025-06-16
Ago02,133,2025-06-16
Sep02,132,2025-06-16
Oct02,133,2025-06-16
Nov02,133,2025-06-16
Dic02,129,2025-06-16
Ene03,130,2025-06-16
Feb03,127,2025-06-16
Mar03,127,2025-06-16
Abr03,126,2025-06-16
May03,130,2025-06-16
Jun03,129,2025-06-16
Jul03,117,2025-06-16
Ago03,127,2025-06-16
Sep03,124,2025-06-16
Oct03,132,2025-06-16
Nov03,135,2025-06-16
Dic03,134,2025-06-16
Ene04,141,2025-06-16
Feb04,146,2025-06-16
Mar04,152,2025-06-16
Abr04,153,2025-06-16
May04,150,2025-06-16
Jun04,139,2025-06-16
Jul04,122,2025-06-16
Ago04,127,2025-06-16
Sep04,116,2025-06-16
Oct04,117,2025-06-16
Nov04,117,2025-06-16
Dic04,119,2025-06-16
Ene05,118,2025-06-16
Feb05,120,2025-06-16
Mar05,121,2025-06-16
Abr05,118,2025-06-16
May05,118,2025-06-16
Jun05,121,2025-06-16
Jul05,129,2025-06-16
Ago05,118,2025-06-16
Sep05,118,2025-06-16
Oct05,125,2025-06-16
Nov05,117,2025-06-16
Dic05,126,2025-06-16
Ene06,124,2025-06-16
Feb06,129,2025-06-16
Mar06,125,2025-06-16
Abr06,129,2025-06-16
May06,135,2025-06-16
Jun06,129,2025-06-16
Jul06,136,2025-06-16
Ago06,138,2025-06-16
Sep06,145,2025-06-16
Oct06,172,2025-06-16
Nov06,190,2025-06-16
Dic06,185,2025-06-16
Ene07,195,2025-06-16
Feb07,204,2025-06-16
Mar07,187,2025-06-16
Abr07,177,2025-06-16
May07,185,2025-06-16
Jun07,185,2025-06-16
Jul07,167,2025-06-16
Ago07,177,2025-06-16
Sep07,194,2025-06-16
Oct07,199,2025-06-16
Nov07,207,2025-06-16
Dic07,227,2025-06-16
Ene08,241,2025-06-16
Feb08,254,2025-06-16
Mar08,257,2025-06-16
Abr08,270,2025-06-16
May08,264,2025-06-16
Jun08,326,2025-06-16
Jul08,271,2025-06-16
Ago08,272,2025-06-16
Sep08,256,2025-06-16
Oct08,202,2025-06-16
Nov08,183,2025-06-16
Dic08,195,2025-06-16
Ene09,197,2025-06-16
Feb09,180,2025-06-16
Mar09,194,2025-06-16
Abr09,191,2025-06-16
May09,209,2025-06-16
Jun09,197,2025-06-16
Jul09,180,2025-06-16
Ago09,181,2025-06-16
Sep09,185,2025-06-16
Oct09,203,2025-06-16
Nov09,202,2025-06-16
Dic09,207,2025-06-16
Ene10,192,2025-06-16
Feb10,190,2025-06-16
Mar10,183,2025-06-16
Abr10,186,2025-06-16
May10,188,2025-06-16
Jun10,182,2025-06-16
Jul10,196,2025-06-16
Ago10,220,2025-06-16
Sep10,260,2025-06-16
Oct10,280,2025-06-16
Nov10,260,2025-06-16
Dic10,285,2025-06-16
Ene11,299,2025-06-16
Feb11,325,2025-06-16
Mar11,313,2025-06-16
Abr11,343,2025-06-16
May11,342,2025-06-16
Jun11,318,2025-06-16
Jul11,332,2025-06-16
Ago11,338,2025-06-16
Sep11,305,2025-06-16
Oct11,305,2025-06-16
Nov11,288,2025-06-16
Dic11,286,2025-06-16
Ene12,295,2025-06-16
Feb12,304,2025-06-16
Mar12,301,2025-06-16
Abr12,295,2025-06-16
May12,293,2025-06-16
Jun12,300,2025-06-16
Jul12,365,2025-06-16
Ago12,358,2025-06-16
Sep12,339,2025-06-16
Oct12,343,2025-06-16
Nov12,353,2025-06-16
Dic12,328,2025-06-16
Ene13,333,2025-06-16
Feb13,323,2025-06-16
Mar13,337,2025-06-16
Abr13,306,2025-06-16
May13,318,2025-06-16
Jun13,344,2025-06-16
Jul13,274,2025-06-16
Ago13,251,2025-06-16
Sep13,243,2025-06-16
Oct13,234,2025-06-16
Nov13,235,2025-06-16
Dic13,233,2025-06-16
Ene14,232,2025-06-16
Feb14,247,2025-06-16
Mar14,258,2025-06-16
Abr14,255,2025-06-16
May14,242,2025-06-16
Jun14,235,2025-06-16
Jul14,217,2025-06-16
Ago14,213,2025-06-16
Sep14,200,2025-06-16
Oct14,211,2025-06-16
Nov14,213,2025-06-16
Dic14,209,2025-06-16
Ene15,203,2025-06-16
Feb15,200,2025-06-16
Mar15,199,2025-06-16
Abr15,199,2025-06-16
May15,190,2025-06-16
Jun15,197,2025-06-16
Jul15,202,2025-06-16
Ago15,188,2025-06-16
Sep15,197,2025-06-16
Oct15,200,2025-06-16
Nov15,191,2025-06-16
Dic15,188,2025-06-16
Ene16,193,2025-06-16
Feb16,185,2025-06-16
Mar16,162,2025-06-16
Abr16,168,2025-06-16
May16,174,2025-06-16
Jun16,190,2025-06-16
Jul16,173,2025-06-16
Ago16,167,2025-06-16
Sep16,161,2025-06-16
Oct16,166,2025-06-16
Nov16,163,2025-06-16
Dic16,159,2025-06-16
Ene17,167,2025-06-16
Feb17,171,2025-06-16
Mar17,163,2025-06-16
Abr17,160,2025-06-16
May17,160,2025-06-16
Jun17,161,2025-06-16
Jul17,162,2025-06-16
Ago17,158,2025-06-16
Sep17,154,2025-06-16
Oct17,157,2025-06-16
Nov17,156,2025-06-16
Dic17,156,2025-06-16
Ene18,164,2025-06-16
Feb18,170,2025-06-16
Mar18,183,2025-06-16
Abr18,193,2025-06-16
May18,195,2025-06-16
Jun18,172,2025-06-16
Jul18,161,2025-06-16
Ago18,170,2025-06-16
Sep18,158,2025-06-16
Oct18,166,2025-06-16
Nov18,164,2025-06-16
Dic18,169,2025-06-16
Ene19,171,2025-06-16
Feb19,177,2025-06-16
Mar19,175,2025-06-16
Abr19,167,2025-06-16
May19,176,2025-06-16
Jun19,197,2025-06-16
Jul19,196,2025-06-16
Ago19,175,2025-06-16
Sep19,158,2025-06-16
Oct19,171,2025-06-16
Nov19,171,2025-06-16
Dic19,171,2025-06-16
Ene20,177,2025-06-16
Feb20,176,2025-06-16
Mar20,170,2025-06-16
Abr20,154,2025-06-16
May20,149,2025-06-16
Jun20,161,2025-06-16
Jul20,169,2025-06-16
Ago20,166,2025-06-16
Sep20,187,2025-06-16
Oct20,219,2025-06-16
Nov20,223,2025-06-16
Dic20,221,2025-06-16
Ene21,245,2025-06-16
Feb21,252,2025-06-16
Mar21,253,2025-06-16
Abr21,275,2025-06-16
May21,315,2025-06-16
Jun21,302,2025-06-16
Jul21,299,2025-06-16
Ago21,264,2025-06-16
Sep21,276,2025-06-16
Oct21,269,2025-06-16
Nov21,266,2025-06-16
Dic21,273,2025-06-16
Ene22,285,2025-06-16
Feb22,306,2025-06-16
Mar22,362,2025-06-16
Abr22,355,2025-06-16
May22,352,2025-06-16
Jun22,341,2025-06-16
Jul22,309,2025-06-16
Ago22,306,2025-06-16
Sep22,326,2025-06-16
Oct22,365,2025-06-16
Nov22,341,2025-06-16
Dic22,309,2025-06-16
Ene23,304,2025-06-16
Feb23,298,2025-06-16
Mar23,290,2025-06-16
Abr23,294,2025-06-16
May23,269,2025-06-16
Jun23,274,2025-06-16
Jul23,247,2025-06-16
Ago23,217,2025-06-16
Sep23,233,2025-06-16
Oct23,228,2025-06-16
Nov23,212,2025-06-16
Dic23,205,2025-06-16
Ene24,204,2025-06-16
Feb24,193,2025-06-16
Mar24,191,2025-06-16
Abr24,192,2025-06-16
May24,198,2025-06-16
Jun24,196,2025-06-16
Jul24,184,2025-06-16
Ago24,183,2025-06-16
Sep24,202,2025-06-16
Oct24,210,2025-06-16
Nov24,208,2025-06-16
Dic24,207,2025-06-16
Ene25,219,2025-06-16
Feb25,227,2025-06-16
Mar25,209,2025-06-16
Abr25,220,2025-06-16
Jul01,113,2025-06-17
Ago01,112,2025-06-17
Sep01,107,2025-06-17
Oct01,106,2025-06-17
Nov01,113,2025-06-17
Dic01,112,2025-06-17
Ene02,116,2025-06-17
Feb02,113,2025-06-17
Mar02,113,2025-06-17
Abr02,108,2025-06-17
May02,115,2025-06-17
Jun02,117,2025-06-17
Jul02,123,2025-06-17
Ago02,133,2025-06-17
Sep02,132,2025-06-17
Oct02,133,2025-06-17
Nov02,133,2025-06-17
Dic02,129,2025-06-17
Ene03,130,2025-06-17
Feb03,127,2025-06-17
Mar03,127,2025-06-17
Abr03,126,2025-06-17
May03,130,2025-06-17
Jun03,129,2025-06-17
Jul03,117,2025-06-17
Ago03,127,2025-06-17
Sep03,124,2025-06-17
Oct03,132,2025-06-17
Nov03,135,2025-06-17
Dic03,134,2025-06-17
Ene04,141,2025-06-17
Feb04,146,2025-06-17
Mar04,152,2025-06-17
Abr04,153,2025-06-17
May04,150,2025-06-17
Jun04,139,2025-06-17
Jul04,122,2025-06-17
Ago04,127,2025-06-17
Sep04,116,2025-06-17
Oct04,117,2025-06-17
Nov04,117,2025-06-17
Dic04,119,2025-06-17
Ene05,118,2025-06-17
Feb05,120,2025-06-17
Mar05,121,2025-06-17
Abr05,118,2025-06-17
May05,118,2025-06-17
Jun05,121,2025-06-17
Jul05,129,2025-06-17
Ago05,118,2025-06-17
Sep05,118,2025-06-17
Oct05,125,2025-06-17
Nov05,117,2025-06-17
Dic05,126,2025-06-17
Ene06,124,2025-06-17
Feb06,129,2025-06-17
Mar06,125,2025-06-17
Abr06,129,2025-06-17
May06,135,2025-06-17
Jun06,129,2025-06-17
Jul06,136,2025-06-17
Ago06,138,2025-06-17
Sep06,145,2025-06-17
Oct06,172,2025-06-17
Nov06,190,2025-06-17
Dic06,185,2025-06-17
Ene07,195,2025-06-17
Feb07,204,2025-06-17
Mar07,187,2025-06-17
Abr07,177,2025-06-17
May07,185,2025-06-17
Jun07,185,2025-06-17
Jul07,167,2025-06-17
Ago07,177,2025-06-17
Sep07,194,2025-06-17
Oct07,199,2025-06-17
Nov07,207,2025-06-17
Dic07,227,2025-06-17
Ene08,241,2025-06-17
Feb08,254,2025-06-17
Mar08,257,2025-06-17
Abr08,270,2025-06-17
May08,264,2025-06-17
Jun08,326,2025-06-17
Jul08,271,2025-06-17
Ago08,272,2025-06-17
Sep08,256,2025-06-17
Oct08,202,2025-06-17
Nov08,183,2025-06-17
Dic08,195,2025-06-17
Ene09,197,2025-06-17
Feb09,180,2025-06-17
Mar09,194,2025-06-17
Abr09,191,2025-06-17
May09,209,2025-06-17
Jun09,197,2025-06-17
Jul09,180,2025-06-17
Ago09,181,2025-06-17
Sep09,185,2025-06-17
Oct09,203,2025-06-17
Nov09,202,2025-06-17
Dic09,207,2025-06-17
Ene10,192,2025-06-17
Feb10,190,2025-06-17
Mar10,183,2025-06-17
Abr10,186,2025-06-17
May10,188,2025-06-17
Jun10,182,2025-06-17
Jul10,196,2025-06-17
Ago10,220,2025-06-17
Sep10,260,2025-06-17
Oct10,280,2025-06-17
Nov10,260,2025-06-17
Dic10,285,2025-06-17
Ene11,299,2025-06-17
Feb11,325,2025-06-17
Mar11,313,2025-06-17
Abr11,343,2025-06-17
May11,342,2025-06-17
Jun11,318,2025-06-17
Jul11,332,2025-06-17
Ago11,338,2025-06-17
Sep11,305,2025-06-17
Oct11,305,2025-06-17
Nov11,288,2025-06-17
Dic11,286,2025-06-17
Ene12,295,2025-06-17
Feb12,304,2025-06-17
Mar12,301,2025-06-17
Abr12,295,2025-06-17
May12,293,2025-06-17
Jun12,300,2025-06-17
Jul12,365,2025-06-17
Ago12,358,2025-06-17
Sep12,339,2025-06-17
Oct12,343,2025-06-17
Nov12,353,2025-06-17
Dic12,328,2025-06-17
Ene13,333,2025-06-17
Feb13,323,2025-06-17
Mar13,337,2025-06-17
Abr13,306,2025-06-17
May13,318,2025-06-17
Jun13,344,2025-06-17
Jul13,274,2025-06-17
Ago13,251,2025-06-17
Sep13,243,2025-06-17
Oct13,234,2025-06-17
Nov13,235,2025-06-17
Dic13,233,2025-06-17
Ene14,232,2025-06-17
Feb14,247,2025-06-17
Mar14,258,2025-06-17
Abr14,255,2025-06-17
May14,242,2025-06-17
Jun14,235,2025-06-17
Jul14,217,2025-06-17
Ago14,213,2025-06-17
Sep14,200,2025-06-17
Oct14,211,2025-06-17
Nov14,213,2025-06-17
Dic14,209,2025-06-17
Ene15,203,2025-06-17
Feb15,200,2025-06-17
Mar15,199,2025-06-17
Abr15,199,2025-06-17
May15,190,2025-06-17
Jun15,197,2025-06-17
Jul15,202,2025-06-17
Ago15,188,2025-06-17
Sep15,197,2025-06-17
Oct15,200,2025-06-17
Nov15,191,2025-06-17
Dic15,188,2025-06-17
Ene16,193,2025-06-17
Feb16,185,2025-06-17
Mar16,162,2025-06-17
Abr16,168,2025-06-17
May16,174,2025-06-17
Jun16,190,2025-06-17
Jul16,173,2025-06-17
Ago16,167,2025-06-17
Sep16,161,2025-06-17
Oct16,166,2025-06-17
Nov16,163,2025-06-17
Dic16,159,2025-06-17
Ene17,167,2025-06-17
Feb17,171,2025-06-17
Mar17,163,2025-06-17
Abr17,160,2025-06-17
May17,160,2025-06-17
Jun17,161,2025-06-17
Jul17,162,2025-06-17
Ago17,158,2025-06-17
Sep17,154,2025-06-17
Oct17,157,2025-06-17
Nov17,156,2025-06-17
Dic17,156,2025-06-17
Ene18,164,2025-06-17
Feb18,170,2025-06-17
Mar18,183,2025-06-17
Abr18,193,2025-06-17
May18,195,2025-06-17
Jun18,172,2025-06-17
Jul18,161,2025-06-17
Ago18,170,2025-06-17
Sep18,158,2025-06-17
Oct18,166,2025-06-17
Nov18,164,2025-06-17
Dic18,169,2025-06-17
Ene19,171,2025-06-17
Feb19,177,2025-06-17
Mar19,175,2025-06-17
Abr19,167,2025-06-17
May19,176,2025-06-17
Jun19,197,2025-06-17
Jul19,196,2025-06-17
Ago19,175,2025-06-17
Sep19,158,2025-06-17
Oct19,171,2025-06-17
Nov19,171,2025-06-17
Dic19,171,2025-06-17
Ene20,177,2025-06-17
Feb20,176,2025-06-17
Mar20,170,2025-06-17
Abr20,154,2025-06-17
May20,149,2025-06-17
Jun20,161,2025-06-17
Jul20,169,2025-06-17
Ago20,166,2025-06-17
Sep20,187,2025-06-17
Oct20,219,2025-06-17
Nov20,223,2025-06-17
Dic20,221,2025-06-17
Ene21,245,2025-06-17
Feb21,252,2025-06-17
Mar21,253,2025-06-17
Abr21,275,2025-06-17
May21,315,2025-06-17
Jun21,302,2025-06-17
Jul21,299,2025-06-17
Ago21,264,2025-06-17
Sep21,276,2025-06-17
Oct21,269,2025-06-17
Nov21,266,2025-06-17
Dic21,273,2025-06-17
Ene22,285,2025-06-17
Feb22,306,2025-06-17
Mar22,362,2025-06-17
Abr22,355,2025-06-17
May22,352,2025-06-17
Jun22,341,2025-06-17
Jul22,309,2025-06-17
Ago22,306,2025-06-17
Sep22,326,2025-06-17
Oct22,365,2025-06-17
Nov22,341,2025-06-17
Dic22,309,2025-06-17
Ene23,304,2025-06-17
Feb23,298,2025-06-17
Mar23,290,2025-06-17
Abr23,294,2025-06-17
May23,269,2025-06-17
Jun23,274,2025-06-17
Jul23,247,2025-06-17
Ago23,217,2025-06-17
Sep23,233,2025-06-17
Oct23,228,2025-06-17
Nov23,212,2025-06-17
Dic23,205,2025-06-17
Ene24,204,2025-06-17
Feb24,193,2025-06-17
Mar24,191,2025-06-17
Abr24,192,2025-06-17
May24,198,2025-06-17
Jun24,196,2025-06-17
Jul24,184,2025-06-17
Ago24,183,2025-06-17
Sep24,202,2025-06-17
Oct24,210,2025-06-17
Nov24,208,2025-06-17
Dic24,207,2025-06-17
Ene25,219,2025-06-17
Feb25,227,2025-06-17
Mar25,209,2025-06-17
Abr25,220,2025-06-17
Jul01,113,2025-06-18
Ago01,112,2025-06-18
Sep01,107,2025-06-18
Oct01,106,2025-06-18
Nov01,113,2025-06-18
Dic01,112,2025-06-18
Ene02,116,2025-06-18
Feb02,113,2025-06-18
Mar02,113,2025-06-18
Abr02,108,2025-06-18
May02,115,2025-06-18
Jun02,117,2025-06-18
Jul02,123,2025-06-18
Ago02,133,2025-06-18
Sep02,132,2025-06-18
Oct02,133,2025-06-18
Nov02,133,2025-06-18
Dic02,129,2025-06-18
Ene03,130,2025-06-18
Feb03,127,2025-06-18
Mar03,127,2025-06-18
Abr03,126,2025-06-18
May03,130,2025-06-18
Jun03,129,2025-06-18
Jul03,117,2025-06-18
Ago03,127,2025-06-18
Sep03,124,2025-06-18
Oct03,132,2025-06-18
Nov03,135,2025-06-18
Dic03,134,2025-06-18
Ene04,141,2025-06-18
Feb04,146,2025-06-18
Mar04,152,2025-06-18
Abr04,153,2025-06-18
May04,150,2025-06-18
Jun04,139,2025-06-18
Jul04,122,2025-06-18
Ago04,127,2025-06-18
Sep04,116,2025-06-18
Oct04,117,2025-06-18
Nov04,117,2025-06-18
Dic04,119,2025-06-18
Ene05,118,2025-06-18
Feb05,120,2025-06-18
Mar05,121,2025-06-18
Abr05,118,2025-06-18
May05,118,2025-06-18
Jun05,121,2025-06-18
Jul05,129,2025-06-18
Ago05,118,2025-06-18
Sep05,118,2025-06-18
Oct05,125,2025-06-18
Nov05,117,2025-06-18
Dic05,126,2025-06-18
Ene06,124,2025-06-18
Feb06,129,2025-06-18
Mar06,125,2025-06-18
Abr06,129,2025-06-18
May06,135,2025-06-18
Jun06,129,2025-06-18
Jul06,136,2025-06-18
Ago06,138,2025-06-18
Sep06,145,2025-06-18
Oct06,172,2025-06-18
Nov06,190,2025-06-18
Dic06,185,2025-06-18
Ene07,195,2025-06-18
Feb07,204,2025-06-18
Mar07,187,2025-06-18
Abr07,177,2025-06-18
May07,185,2025-06-18
Jun07,185,2025-06-18
Jul07,167,2025-06-18
Ago07,177,2025-06-18
Sep07,194,2025-06-18
Oct07,199,2025-06-18
Nov07,207,2025-06-18
Dic07,227,2025-06-18
Ene08,241,2025-06-18
Feb08,254,2025-06-18
Mar08,257,2025-06-18
Abr08,270,2025-06-18
May08,264,2025-06-18
Jun08,326,2025-06-18
Jul08,271,2025-06-18
Ago08,272,2025-06-18
Sep08,256,2025-06-18
Oct08,202,2025-06-18
Nov08,183,2025-06-18
Dic08,195,2025-06-18
Ene09,197,2025-06-18
Feb09,180,2025-06-18
Mar09,194,2025-06-18
Abr09,191,2025-06-18
May09,209,2025-06-18
Jun09,197,2025-06-18
Jul09,180,2025-06-18
Ago09,181,2025-06-18
Sep09,185,2025-06-18
Oct09,203,2025-06-18
Nov09,202,2025-06-18
Dic09,207,2025-06-18
Ene10,192,2025-06-18
Feb10,190,2025-06-18
Mar10,183,2025-06-18
Abr10,186,2025-06-18
May10,188,2025-06-18
Jun10,182,2025-06-18
Jul10,196,2025-06-18
Ago10,220,2025-06-18
Sep10,260,2025-06-18
Oct10,280,2025-06-18
Nov10,260,2025-06-18
Dic10,285,2025-06-18
Ene11,299,2025-06-18
Feb11,325,2025-06-18
Mar11,313,2025-06-18
Abr11,343,2025-06-18
May11,342,2025-06-18
Jun11,318,2025-06-18
Jul11,332,2025-06-18
Ago11,338,2025-06-18
Sep11,305,2025-06-18
Oct11,305,2025-06-18
Nov11,288,2025-06-18
Dic11,286,2025-06-18
Ene12,295,2025-06-18
Feb12,304,2025-06-18
Mar12,301,2025-06-18
Abr12,295,2025-06-18
May12,293,2025-06-18
Jun12,300,2025-06-18
Jul12,365,2025-06-18
Ago12,358,2025-06-18
Sep12,339,2025-06-18
Oct12,343,2025-06-18
Nov12,353,2025-06-18
Dic12,328,2025-06-18
Ene13,333,2025-06-18
Feb13,323,2025-06-18
Mar13,337,2025-06-18
Abr13,306,2025-06-18
May13,318,2025-06-18
Jun13,344,2025-06-18
Jul13,274,2025-06-18
Ago13,251,2025-06-18
Sep13,243,2025-06-18
Oct13,234,2025-06-18
Nov13,235,2025-06-18
Dic13,233,2025-06-18
Ene14,232,2025-06-18
Feb14,247,2025-06-18
Mar14,258,2025-06-18
Abr14,255,2025-06-18
May14,242,2025-06-18
Jun14,235,2025-06-18
Jul14,217,2025-06-18
Ago14,213,2025-06-18
Sep14,200,2025-06-18
Oct14,211,2025-06-18
Nov14,213,2025-06-18
Dic14,209,2025-06-18
Ene15,203,2025-06-18
Feb15,200,2025-06-18
Mar15,199,2025-06-18
Abr15,199,2025-06-18
May15,190,2025-06-18
Jun15,197,2025-06-18
Jul15,202,2025-06-18
Ago15,188,2025-06-18
Sep15,197,2025-06-18
Oct15,200,2025-06-18
Nov15,191,2025-06-18
Dic15,188,2025-06-18
Ene16,193,2025-06-18
Feb16,185,2025-06-18
Mar16,162,2025-06-18
Abr16,168,2025-06-18
May16,174,2025-06-18
Jun16,190,2025-06-18
Jul16,173,2025-06-18
Ago16,167,2025-06-18
Sep16,161,2025-06-18
Oct16,166,2025-06-18
Nov16,163,2025-06-18
Dic16,159,2025-06-18
Ene17,167,2025-06-18
Feb17,171,2025-06-18
Mar17,163,2025-06-18
Abr17,160,2025-06-18
May17,160,2025-06-18
Jun17,161,2025-06-18
Jul17,162,2025-06-18
Ago17,158,2025-06-18
Sep17,154,2025-06-18
Oct17,157,2025-06-18
Nov17,156,2025-06-18
Dic17,156,2025-06-18
Ene18,164,2025-06-18
Feb18,170,2025-06-18
Mar18,183,2025-06-18
Abr18,193,2025-06-18
May18,195,2025-06-18
Jun18,172,2025-06-18
Jul18,161,2025-06-18
Ago18,170,2025-06-18
Sep18,158,2025-06-18
Oct18,166,2025-06-18
Nov18,164,2025-06-18
Dic18,169,2025-06-18
Ene19,171,2025-06-18
Feb19,177,2025-06-18
Mar19,175,2025-06-18
Abr19,167,2025-06-18
May19,176,2025-06-18
Jun19,197,2025-06-18
Jul19,196,2025-06-18
Ago19,175,2025-06-18
Sep19,158,2025-06-18
Oct19,171,2025-06-18
Nov19,171,2025-06-18
Dic19,171,2025-06-18
Ene20,177,2025-06-18
Feb20,176,2025-06-18
Mar20,170,2025-06-18
Abr20,154,2025-06-18
May20,149,2025-06-18
Jun20,161,2025-06-18
Jul20,169,2025-06-18
Ago20,166,2025-06-18
Sep20,187,2025-06-18
Oct20,219,2025-06-18
Nov20,223,2025-06-18
Dic20,221,2025-06-18
Ene21,245,2025-06-18
Feb21,252,2025-06-18
Mar21,253,2025-06-18
Abr21,275,2025-06-18
May21,315,2025-06-18
Jun21,302,2025-06-18
Jul21,299,2025-06-18
Ago21,264,2025-06-18
Sep21,276,2025-06-18
Oct21,269,2025-06-18
Nov21,266,2025-06-18
Dic21,273,2025-06-18
Ene22,285,2025-06-18
Feb22,306,2025-06-18
Mar22,362,2025-06-18
Abr22,355,2025-06-18
May22,352,2025-06-18
Jun22,341,2025-06-18
Jul22,309,2025-06-18
Ago22,306,2025-06-18
Sep22,326,2025-06-18
Oct22,365,2025-06-18
Nov22,341,2025-06-18
Dic22,309,2025-06-18
Ene23,304,2025-06-18
Feb23,298,2025-06-18
Mar23,290,2025-06-18
Abr23,294,2025-06-18
May23,269,2025-06-18
Jun23,274,2025-06-18
Jul23,247,2025-06-18
Ago23,217,2025-06-18
Sep23,233,2025-06-18
Oct23,228,2025-06-18
Nov23,212,2025-06-18
Dic23,205,2025-06-18
Ene24,204,2025-06-18
Feb24,193,2025-06-18
Mar24,191,2025-06-18
Abr24,192,2025-06-18
May24,198,2025-06-18
Jun24,196,2025-06-18
Jul24,184,2025-06-18
Ago24,183,2025-06-18
Sep24,202,2025-06-18
Oct24,210,2025-06-18
Nov24,208,2025-06-18
Dic24,207,2025-06-18
Ene25,219,2025-06-18
Feb25,227,2025-06-18
Mar25,209,2025-06-18
Abr25,220,2025-06-18
Jul01,113,2025-06-19
Ago01,112,2025-06-19
Sep01,107,2025-06-19
Oct01,106,2025-06-19
Nov01,113,2025-06-19
Dic01,112,2025-06-19
Ene02,116,2025-06-19
Feb02,113,2025-06-19
Mar02,113,2025-06-19
Abr02,108,2025-06-19
May02,115,2025-06-19
Jun02,117,2025-06-19
Jul02,123,2025-06-19
Ago02,133,2025-06-19
Sep02,132,2025-06-19
Oct02,133,2025-06-19
Nov02,133,2025-06-19
Dic02,129,2025-06-19
Ene03,130,2025-06-19
Feb03,127,2025-06-19
Mar03,127,2025-06-19
Abr03,126,2025-06-19
May03,130,2025-06-19
Jun03,129,2025-06-19
Jul03,117,2025-06-19
Ago03,127,2025-06-19
Sep03,124,2025-06-19
Oct03,132,2025-06-19
Nov03,135,2025-06-19
Dic03,134,2025-06-19
Ene04,141,2025-06-19
Feb04,146,2025-06-19
Mar04,152,2025-06-19
Abr04,153,2025-06-19
May04,150,2025-06-19
Jun04,139,2025-06-19
Jul04,122,2025-06-19
Ago04,127,2025-06-19
Sep04,116,2025-06-19
Oct04,117,2025-06-19
Nov04,117,2025-06-19
Dic04,119,2025-06-19
Ene05,118,2025-06-19
Feb05,120,2025-06-19
Mar05,121,2025-06-19
Abr05,118,2025-06-19
May05,118,2025-06-19
Jun05,121,2025-06-19
Jul05,129,2025-06-19
Ago05,118,2025-06-19
Sep05,118,2025-06-19
Oct05,125,2025-06-19
Nov05,117,2025-06-19
Dic05,126,2025-06-19
Ene06,124,2025-06-19
Feb06,129,2025-06-19
Mar06,125,2025-06-19
Abr06,129,2025-06-19
May06,135,2025-06-19
Jun06,129,2025-06-19
Jul06,136,2025-06-19
Ago06,138,2025-06-19
Sep06,145,2025-06-19
Oct06,172,2025-06-19
Nov06,190,2025-06-19
Dic06,185,2025-06-19
Ene07,195,2025-06-19
Feb07,204,2025-06-19
Mar07,187,2025-06-19
Abr07,177,2025-06-19
May07,185,2025-06-19
Jun07,185,2025-06-19
Jul07,167,2025-06-19
Ago07,177,2025-06-19
Sep07,194,2025-06-19
Oct07,199,2025-06-19
Nov07,207,2025-06-19
Dic07,227,2025-06-19
Ene08,241,2025-06-19
Feb08,254,2025-06-19
Mar08,257,2025-06-19
Abr08,270,2025-06-19
May08,264,2025-06-19
Jun08,326,2025-06-19
Jul08,271,2025-06-19
Ago08,272,2025-06-19
Sep08,256,2025-06-19
Oct08,202,2025-06-19
Nov08,183,2025-06-19
Dic08,195,2025-06-19
Ene09,197,2025-06-19
Feb09,180,2025-06-19
Mar09,194,2025-06-19
Abr09,191,2025-06-19
May09,209,2025-06-19
Jun09,197,2025-06-19
Jul09,180,2025-06-19
Ago09,181,2025-06-19
Sep09,185,2025-06-19
Oct09,203,2025-06-19
Nov09,202,2025-06-19
Dic09,207,2025-06-19
Ene10,192,2025-06-19
Feb10,190,2025-06-19
Mar10,183,2025-06-19
Abr10,186,2025-06-19
May10,188,2025-06-19
Jun10,182,2025-06-19
Jul10,196,2025-06-19
Ago10,220,2025-06-19
Sep10,260,2025-06-19
Oct10,280,2025-06-19
Nov10,260,2025-06-19
Dic10,285,2025-06-19
Ene11,299,2025-06-19
Feb11,325,2025-06-19
Mar11,313,2025-06-19
Abr11,343,2025-06-19
May11,342,2025-06-19
Jun11,318,2025-06-19
Jul11,332,2025-06-19
Ago11,338,2025-06-19
Sep11,305,2025-06-19
Oct11,305,2025-06-19
Nov11,288,2025-06-19
Dic11,286,2025-06-19
Ene12,295,2025-06-19
Feb12,304,2025-06-19
Mar12,301,2025-06-19
Abr12,295,2025-06-19
May12,293,2025-06-19
Jun12,300,2025-06-19
Jul12,365,2025-06-19
Ago12,358,2025-06-19
Sep12,339,2025-06-19
Oct12,343,2025-06-19
Nov12,353,2025-06-19
Dic12,328,2025-06-19
Ene13,333,2025-06-19
Feb13,323,2025-06-19
Mar13,337,2025-06-19
Abr13,306,2025-06-19
May13,318,2025-06-19
Jun13,344,2025-06-19
Jul13,274,2025-06-19
Ago13,251,2025-06-19
Sep13,243,2025-06-19
Oct13,234,2025-06-19
Nov13,235,2025-06-19
Dic13,233,2025-06-19
Ene14,232,2025-06-19
Feb14,247,2025-06-19
Mar14,258,2025-06-19
Abr14,255,2025-06-19
May14,242,2025-06-19
Jun14,235,2025-06-19
Jul14,217,2025-06-19
Ago14,213,2025-06-19
Sep14,200,2025-06-19
Oct14,211,2025-06-19
Nov14,213,2025-06-19
Dic14,209,2025-06-19
Ene15,203,2025-06-19
Feb15,200,2025-06-19
Mar15,199,2025-06-19
Abr15,199,2025-06-19
May15,190,2025-06-19
Jun15,197,2025-06-19
Jul15,202,2025-06-19
Ago15,188,2025-06-19
Sep15,197,2025-06-19
Oct15,200,2025-06-19
Nov15,191,2025-06-19
Dic15,188,2025-06-19
Ene16,193,2025-06-19
Feb16,185,2025-06-19
Mar16,162,2025-06-19
Abr16,168,2025-06-19
May16,174,2025-06-19
Jun16,190,2025-06-19
Jul16,173,2025-06-19
Ago16,167,2025-06-19
Sep16,161,2025-06-19
Oct16,166,2025-06-19
Nov16,163,2025-06-19
Dic16,159,2025-06-19
Ene17,167,2025-06-19
Feb17,171,2025-06-19
Mar17,163,2025-06-19
Abr17,160,2025-06-19
May17,160,2025-06-19
Jun17,161,2025-06-19
Jul17,162,2025-06-19
Ago17,158,2025-06-19
Sep17,154,2025-06-19
Oct17,157,2025-06-19
Nov17,156,2025-06-19
Dic17,156,2025-06-19
Ene18,164,2025-06-19
Feb18,170,2025-06-19
Mar18,183,2025-06-19
Abr18,193,2025-06-19
May18,195,2025-06-19
Jun18,172,2025-06-19
Jul18,161,2025-06-19
Ago18,170,2025-06-19
Sep18,158,2025-06-19
Oct18,166,2025-06-19
Nov18,164,2025-06-19
Dic18,169,2025-06-19
Ene19,171,2025-06-19
Feb19,177,2025-06-19
Mar19,175,2025-06-19
Abr19,167,2025-06-19
May19,176,2025-06-19
Jun19,197,2025-06-19
Jul19,196,2025-06-19
Ago19,175,2025-06-19
Sep19,158,2025-06-19
Oct19,171,2025-06-19
Nov19,171,2025-06-19
Dic19,171,2025-06-19
Ene20,177,2025-06-19
Feb20,176,2025-06-19
Mar20,170,2025-06-19
Abr20,154,2025-06-19
May20,149,2025-06-19
Jun20,161,2025-06-19
Jul20,169,2025-06-19
Ago20,166,2025-06-19
Sep20,187,2025-06-19
Oct20,219,2025-06-19
Nov20,223,2025-06-19
Dic20,221,2025-06-19
Ene21,245,2025-06-19
Feb21,252,2025-06-19
Mar21,253,2025-06-19
Abr21,275,2025-06-19
May21,315,2025-06-19
Jun21,302,2025-06-19
Jul21,299,2025-06-19
Ago21,264,2025-06-19
Sep21,276,2025-06-19
Oct21,269,2025-06-19
Nov21,266,2025-06-19
Dic21,273,2025-06-19
Ene22,285,2025-06-19
Feb22,306,2025-06-19
Mar22,362,2025-06-19
Abr22,355,2025-06-19
May22,352,2025-06-19
Jun22,341,2025-06-19
Jul22,309,2025-06-19
Ago22,306,2025-06-19
Sep22,326,2025-06-19
Oct22,365,2025-06-19
Nov22,341,2025-06-19
Dic22,309,2025-06-19
Ene23,304,2025-06-19
Feb23,298,2025-06-19
Mar23,290,2025-06-19
Abr23,294,2025-06-19
May23,269,2025-06-19
Jun23,274,2025-06-19
Jul23,247,2025-06-19
Ago23,217,2025-06-19
Sep23,233,2025-06-19
Oct23,228,2025-06-19
Nov23,212,2025-06-19
Dic23,205,2025-06-19
Ene24,204,2025-06-19
Feb24,193,2025-06-19
Mar24,191,2025-06-19
Abr24,192,2025-06-19
May24,198,2025-06-19
Jun24,196,2025-06-19
Jul24,184,2025-06-19
Ago24,183,2025-06-19
Sep24,202,2025-06-19
Oct24,210,2025-06-19
Nov24,208,2025-06-19
Dic24,207,2025-06-19
Ene25,219,2025-06-19
Feb25,227,2025-06-19
Mar25,209,2025-06-19
Abr25,220,2025-06-19
Jul01,113,2025-06-20
Ago01,112,2025-06-20
Sep01,107,2025-06-20
Oct01,106,2025-06-20
Nov01,113,2025-06-20
Dic01,112,2025-06-20
Ene02,116,2025-06-20
Feb02,113,2025-06-20
Mar02,113,2025-06-20
Abr02,108,2025-06-20
May02,115,2025-06-20
Jun02,117,2025-06-20
Jul02,123,2025-06-20
Ago02,133,2025-06-20
Sep02,132,2025-06-20
Oct02,133,2025-06-20
Nov02,133,2025-06-20
Dic02,129,2025-06-20
Ene03,130,2025-06-20
Feb03,127,2025-06-20
Mar03,127,2025-06-20
Abr03,126,2025-06-20
May03,130,2025-06-20
Jun03,129,2025-06-20
Jul03,117,2025-06-20
Ago03,127,2025-06-20
Sep03,124,2025-06-20
Oct03,132,2025-06-20
Nov03,135,2025-06-20
Dic03,134,2025-06-20
Ene04,141,2025-06-20
Feb04,146,2025-06-20
Mar04,152,2025-06-20
Abr04,153,2025-06-20
May04,150,2025-06-20
Jun04,139,2025-06-20
Jul04,122,2025-06-20
Ago04,127,2025-06-20
Sep04,116,2025-06-20
Oct04,117,2025-06-20
Nov04,117,2025-06-20
Dic04,119,2025-06-20
Ene05,118,2025-06-20
Feb05,120,2025-06-20
Mar05,121,2025-06-20
Abr05,118,2025-06-20
May05,118,2025-06-20
Jun05,121,2025-06-20
Jul05,129,2025-06-20
Ago05,118,2025-06-20
Sep05,118,2025-06-20
Oct05,125,2025-06-20
Nov05,117,2025-06-20
Dic05,126,2025-06-20
Ene06,124,2025-06-20
Feb06,129,2025-06-20
Mar06,125,2025-06-20
Abr06,129,2025-06-20
May06,135,2025-06-20
Jun06,129,2025-06-20
Jul06,136,2025-06-20
Ago06,138,2025-06-20
Sep06,145,2025-06-20
Oct06,172,2025-06-20
Nov06,190,2025-06-20
Dic06,185,2025-06-20
Ene07,195,2025-06-20
Feb07,204,2025-06-20
Mar07,187,2025-06-20
Abr07,177,2025-06-20
May07,185,2025-06-20
Jun07,185,2025-06-20
Jul07,167,2025-06-20
Ago07,177,2025-06-20
Sep07,194,2025-06-20
Oct07,199,2025-06-20
Nov07,207,2025-06-20
Dic07,227,2025-06-20
Ene08,241,2025-06-20
Feb08,254,2025-06-20
Mar08,257,2025-06-20
Abr08,270,2025-06-20
May08,264,2025-06-20
Jun08,326,2025-06-20
Jul08,271,2025-06-20
Ago08,272,2025-06-20
Sep08,256,2025-06-20
Oct08,202,2025-06-20
Nov08,183,2025-06-20
Dic08,195,2025-06-20
Ene09,197,2025-06-20
Feb09,180,2025-06-20
Mar09,194,2025-06-20
Abr09,191,2025-06-20
May09,209,2025-06-20
Jun09,197,2025-06-20
Jul09,180,2025-06-20
Ago09,181,2025-06-20
Sep09,185,2025-06-20
Oct09,203,2025-06-20
Nov09,202,2025-06-20
Dic09,207,2025-06-20
Ene10,192,2025-06-20
Feb10,190,2025-06-20
Mar10,183,2025-06-20
Abr10,186,2025-06-20
May10,188,2025-06-20
Jun10,182,2025-06-20
Jul10,196,2025-06-20
Ago10,220,2025-06-20
Sep10,260,2025-06-20
Oct10,280,2025-06-20
Nov10,260,2025-06-20
Dic10,285,2025-06-20
Ene11,299,2025-06-20
Feb11,325,2025-06-20
Mar11,313,2025-06-20
Abr11,343,2025-06-20
May11,342,2025-06-20
Jun11,318,2025-06-20
Jul11,332,2025-06-20
Ago11,338,2025-06-20
Sep11,305,2025-06-20
Oct11,305,2025-06-20
Nov11,288,2025-06-20
Dic11,286,2025-06-20
Ene12,295,2025-06-20
Feb12,304,2025-06-20
Mar12,301,2025-06-20
Abr12,295,2025-06-20
May12,293,2025-06-20
Jun12,300,2025-06-20
Jul12,365,2025-06-20
Ago12,358,2025-06-20
Sep12,339,2025-06-20
Oct12,343,2025-06-20
Nov12,353,2025-06-20
Dic12,328,2025-06-20
Ene13,333,2025-06-20
Feb13,323,2025-06-20
Mar13,337,2025-06-20
Abr13,306,2025-06-20
May13,318,2025-06-20
Jun13,344,2025-06-20
Jul13,274,2025-06-20
Ago13,251,2025-06-20
Sep13,243,2025-06-20
Oct13,234,2025-06-20
Nov13,235,2025-06-20
Dic13,233,2025-06-20
Ene14,232,2025-06-20
Feb14,247,2025-06-20
Mar14,258,2025-06-20
Abr14,255,2025-06-20
May14,242,2025-06-20
Jun14,235,2025-06-20
Jul14,217,2025-06-20
Ago14,213,2025-06-20
Sep14,200,2025-06-20
Oct14,211,2025-06-20
Nov14,213,2025-06-20
Dic14,209,2025-06-20
Ene15,203,2025-06-20
Feb15,200,2025-06-20
Mar15,199,2025-06-20
Abr15,199,2025-06-20
May15,190,2025-06-20
Jun15,197,2025-06-20
Jul15,202,2025-06-20
Ago15,188,2025-06-20
Sep15,197,2025-06-20
Oct15,200,2025-06-20
Nov15,191,2025-06-20
Dic15,188,2025-06-20
Ene16,193,2025-06-20
Feb16,185,2025-06-20
Mar16,162,2025-06-20
Abr16,168,2025-06-20
May16,174,2025-06-20
Jun16,190,2025-06-20
Jul16,173,2025-06-20
Ago16,167,2025-06-20
Sep16,161,2025-06-20
Oct16,166,2025-06-20
Nov16,163,2025-06-20
Dic16,159,2025-06-20
Ene17,167,2025-06-20
Feb17,171,2025-06-20
Mar17,163,2025-06-20
Abr17,160,2025-06-20
May17,160,2025-06-20
Jun17,161,2025-06-20
Jul17,162,2025-06-20
Ago17,158,2025-06-20
Sep17,154,2025-06-20
Oct17,157,2025-06-20
Nov17,156,2025-06-20
Dic17,156,2025-06-20
Ene18,164,2025-06-20
Feb18,170,2025-06-20
Mar18,183,2025-06-20
Abr18,193,2025-06-20
May18,195,2025-06-20
Jun18,172,2025-06-20
Jul18,161,2025-06-20
Ago18,170,2025-06-20
Sep18,158,2025-06-20
Oct18,166,2025-06-20
Nov18,164,2025-06-20
Dic18,169,2025-06-20
Ene19,171,2025-06-20
Feb19,177,2025-06-20
Mar19,175,2025-06-20
Abr19,167,2025-06-20
May19,176,2025-06-20
Jun19,197,2025-06-20
Jul19,196,2025-06-20
Ago19,175,2025-06-20
Sep19,158,2025-06-20
Oct19,171,2025-06-20
Nov19,171,2025-06-20
Dic19,171,2025-06-20
Ene20,177,2025-06-20
Feb20,176,2025-06-20
Mar20,170,2025-06-20
Abr20,154,2025-06-20
May20,149,2025-06-20
Jun20,161,2025-06-20
Jul20,169,2025-06-20
Ago20,166,2025-06-20
Sep20,187,2025-06-20
Oct20,219,2025-06-20
Nov20,223,2025-06-20
Dic20,221,2025-06-20
Ene21,245,2025-06-20
Feb21,252,2025-06-20
Mar21,253,2025-06-20
Abr21,275,2025-06-20
May21,315,2025-06-20
Jun21,302,2025-06-20
Jul21,299,2025-06-20
Ago21,264,2025-06-20
Sep21,276,2025-06-20
Oct21,269,2025-06-20
Nov21,266,2025-06-20
Dic21,273,2025-06-20
Ene22,285,2025-06-20
Feb22,306,2025-06-20
Mar22,362,2025-06-20
Abr22,355,2025-06-20
May22,352,2025-06-20
Jun22,341,2025-06-20
Jul22,309,2025-06-20
Ago22,306,2025-06-20
Sep22,326,2025-06-20
Oct22,365,2025-06-20
Nov22,341,2025-06-20
Dic22,309,2025-06-20
Ene23,304,2025-06-20
Feb23,298,2025-06-20
Mar23,290,2025-06-20
Abr23,294,2025-06-20
May23,269,2025-06-20
Jun23,274,2025-06-20
Jul23,247,2025-06-20
Ago23,217,2025-06-20
Sep23,233,2025-06-20
Oct23,228,2025-06-20
Nov23,212,2025-06-20
Dic23,205,2025-06-20
Ene24,204,2025-06-20
Feb24,193,2025-06-20
Mar24,191,2025-06-20
Abr24,192,2025-06-20
May24,198,2025-06-20
Jun24,196,2025-06-20
Jul24,184,2025-06-20
Ago24,183,2025-06-20
Sep24,202,2025-06-20
Oct24,210,2025-06-20
Nov24,208,2025-06-20
Dic24,207,2025-06-20
Ene25,219,2025-06-20
Feb25,227,2025-06-20
Mar25,209,2025-06-20
Abr25,220,2025-06-20
Jul01,113,2025-06-21
Ago01,112,2025-06-21
Sep01,107,2025-06-21
Oct01,106,2025-06-21
Nov01,113,2025-06-21
Dic01,112,2025-06-21
Ene02,116,2025-06-21
Feb02,113,2025-06-21
Mar02,113,2025-06-21
Abr02,108,2025-06-21
May02,115,2025-06-21
Jun02,117,2025-06-21
Jul02,123,2025-06-21
Ago02,133,2025-06-21
Sep02,132,2025-06-21
Oct02,133,2025-06-21
Nov02,133,2025-06-21
Dic02,129,2025-06-21
Ene03,130,2025-06-21
Feb03,127,2025-06-21
Mar03,127,2025-06-21
Abr03,126,2025-06-21
May03,130,2025-06-21
Jun03,129,2025-06-21
Jul03,117,2025-06-21
Ago03,127,2025-06-21
Sep03,124,2025-06-21
Oct03,132,2025-06-21
Nov03,135,2025-06-21
Dic03,134,2025-06-21
Ene04,141,2025-06-21
Feb04,146,2025-06-21
Mar04,152,2025-06-21
Abr04,153,2025-06-21
May04,150,2025-06-21
Jun04,139,2025-06-21
Jul04,122,2025-06-21
Ago04,127,2025-06-21
Sep04,116,2025-06-21
Oct04,117,2025-06-21
Nov04,117,2025-06-21
Dic04,119,2025-06-21
Ene05,118,2025-06-21
Feb05,120,2025-06-21
Mar05,121,2025-06-21
Abr05,118,2025-06-21
May05,118,2025-06-21
Jun05,121,2025-06-21
Jul05,129,2025-06-21
Ago05,118,2025-06-21
Sep05,118,2025-06-21
Oct05,125,2025-06-21
Nov05,117,2025-06-21
Dic05,126,2025-06-21
Ene06,124,2025-06-21
Feb06,129,2025-06-21
Mar06,125,2025-06-21
Abr06,129,2025-06-21
May06,135,2025-06-21
Jun06,129,2025-06-21
Jul06,136,2025-06-21
Ago06,138,2025-06-21
Sep06,145,2025-06-21
Oct06,172,2025-06-21
Nov06,190,2025-06-21
Dic06,185,2025-06-21
Ene07,195,2025-06-21
Feb07,204,2025-06-21
Mar07,187,2025-06-21
Abr07,177,2025-06-21
May07,185,2025-06-21
Jun07,185,2025-06-21
Jul07,167,2025-06-21
Ago07,177,2025-06-21
Sep07,194,2025-06-21
Oct07,199,2025-06-21
Nov07,207,2025-06-21
Dic07,227,2025-06-21
Ene08,241,2025-06-21
Feb08,254,2025-06-21
Mar08,257,2025-06-21
Abr08,270,2025-06-21
May08,264,2025-06-21
Jun08,326,2025-06-21
Jul08,271,2025-06-21
Ago08,272,2025-06-21
Sep08,256,2025-06-21
Oct08,202,2025-06-21
Nov08,183,2025-06-21
Dic08,195,2025-06-21
Ene09,197,2025-06-21
Feb09,180,2025-06-21
Mar09,194,2025-06-21
Abr09,191,2025-06-21
May09,209,2025-06-21
Jun09,197,2025-06-21
Jul09,180,2025-06-21
Ago09,181,2025-06-21
Sep09,185,2025-06-21
Oct09,203,2025-06-21
Nov09,202,2025-06-21
Dic09,207,2025-06-21
Ene10,192,2025-06-21
Feb10,190,2025-06-21
Mar10,183,2025-06-21
Abr10,186,2025-06-21
May10,188,2025-06-21
Jun10,182,2025-06-21
Jul10,196,2025-06-21
Ago10,220,2025-06-21
Sep10,260,2025-06-21
Oct10,280,2025-06-21
Nov10,260,2025-06-21
Dic10,285,2025-06-21
Ene11,299,2025-06-21
Feb11,325,2025-06-21
Mar11,313,2025-06-21
Abr11,343,2025-06-21
May11,342,2025-06-21
Jun11,318,2025-06-21
Jul11,332,2025-06-21
Ago11,338,2025-06-21
Sep11,305,2025-06-21
Oct11,305,2025-06-21
Nov11,288,2025-06-21
Dic11,286,2025-06-21
Ene12,295,2025-06-21
Feb12,304,2025-06-21
Mar12,301,2025-06-21
Abr12,295,2025-06-21
May12,293,2025-06-21
Jun12,300,2025-06-21
Jul12,365,2025-06-21
Ago12,358,2025-06-21
Sep12,339,2025-06-21
Oct12,343,2025-06-21
Nov12,353,2025-06-21
Dic12,328,2025-06-21
Ene13,333,2025-06-21
Feb13,323,2025-06-21
Mar13,337,2025-06-21
Abr13,306,2025-06-21
May13,318,2025-06-21
Jun13,344,2025-06-21
Jul13,274,2025-06-21
Ago13,251,2025-06-21
Sep13,243,2025-06-21
Oct13,234,2025-06-21
Nov13,235,2025-06-21
Dic13,233,2025-06-21
Ene14,232,2025-06-21
Feb14,247,2025-06-21
Mar14,258,2025-06-21
Abr14,255,2025-06-21
May14,242,2025-06-21
Jun14,235,2025-06-21
Jul14,217,2025-06-21
Ago14,213,2025-06-21
Sep14,200,2025-06-21
Oct14,211,2025-06-21
Nov14,213,2025-06-21
Dic14,209,2025-06-21
Ene15,203,2025-06-21
Feb15,200,2025-06-21
Mar15,199,2025-06-21
Abr15,199,2025-06-21
May15,190,2025-06-21
Jun15,197,2025-06-21
Jul15,202,2025-06-21
Ago15,188,2025-06-21
Sep15,197,2025-06-21
Oct15,200,2025-06-21
Nov15,191,2025-06-21
Dic15,188,2025-06-21
Ene16,193,2025-06-21
Feb16,185,2025-06-21
Mar16,162,2025-06-21
Abr16,168,2025-06-21
May16,174,2025-06-21
Jun16,190,2025-06-21
Jul16,173,2025-06-21
Ago16,167,2025-06-21
Sep16,161,2025-06-21
Oct16,166,2025-06-21
Nov16,163,2025-06-21
Dic16,159,2025-06-21
Ene17,167,2025-06-21
Feb17,171,2025-06-21
Mar17,163,2025-06-21
Abr17,160,2025-06-21
May17,160,2025-06-21
Jun17,161,2025-06-21
Jul17,162,2025-06-21
Ago17,158,2025-06-21
Sep17,154,2025-06-21
Oct17,157,2025-06-21
Nov17,156,2025-06-21
Dic17,156,2025-06-21
Ene18,164,2025-06-21
Feb18,170,2025-06-21
Mar18,183,2025-06-21
Abr18,193,2025-06-21
May18,195,2025-06-21
Jun18,172,2025-06-21
Jul18,161,2025-06-21
Ago18,170,2025-06-21
Sep18,158,2025-06-21
Oct18,166,2025-06-21
Nov18,164,2025-06-21
Dic18,169,2025-06-21
Ene19,171,2025-06-21
Feb19,177,2025-06-21
Mar19,175,2025-06-21
Abr19,167,2025-06-21
May19,176,2025-06-21
Jun19,197,2025-06-21
Jul19,196,2025-06-21
Ago19,175,2025-06-21
Sep19,158,2025-06-21
Oct19,171,2025-06-21
Nov19,171,2025-06-21
Dic19,171,2025-06-21
Ene20,177,2025-06-21
Feb20,176,2025-06-21
Mar20,170,2025-06-21
Abr20,154,2025-06-21
May20,149,2025-06-21
Jun20,161,2025-06-21
Jul20,169,2025-06-21
Ago20,166,2025-06-21
Sep20,187,2025-06-21
Oct20,219,2025-06-21
Nov20,223,2025-06-21
Dic20,221,2025-06-21
Ene21,245,2025-06-21
Feb21,252,2025-06-21
Mar21,253,2025-06-21
Abr21,275,2025-06-21
May21,315,2025-06-21
Jun21,302,2025-06-21
Jul21,299,2025-06-21
Ago21,264,2025-06-21
Sep21,276,2025-06-21
Oct21,269,2025-06-21
Nov21,266,2025-06-21
Dic21,273,2025-06-21
Ene22,285,2025-06-21
Feb22,306,2025-06-21
Mar22,362,2025-06-21
Abr22,355,2025-06-21
May22,352,2025-06-21
Jun22,341,2025-06-21
Jul22,309,2025-06-21
Ago22,306,2025-06-21
Sep22,326,2025-06-21
Oct22,365,2025-06-21
Nov22,341,2025-06-21
Dic22,309,2025-06-21
Ene23,304,2025-06-21
Feb23,298,2025-06-21
Mar23,290,2025-06-21
Abr23,294,2025-06-21
May23,269,2025-06-21
Jun23,274,2025-06-21
Jul23,247,2025-06-21
Ago23,217,2025-06-21
Sep23,233,2025-06-21
Oct23,228,2025-06-21
Nov23,212,2025-06-21
Dic23,205,2025-06-21
Ene24,204,2025-06-21
Feb24,193,2025-06-21
Mar24,191,2025-06-21
Abr24,192,2025-06-21
May24,198,2025-06-21
Jun24,196,2025-06-21
Jul24,184,2025-06-21
Ago24,183,2025-06-21
Sep24,202,2025-06-21
Oct24,210,2025-06-21
Nov24,208,2025-06-21
Dic24,207,2025-06-21
Ene25,219,2025-06-21
Feb25,227,2025-06-21
Mar25,209,2025-06-21
Abr25,220,2025-06-21
Jul01,113,2025-06-22
Ago01,112,2025-06-22
Sep01,107,2025-06-22
Oct01,106,2025-06-22
Nov01,113,2025-06-22
Dic01,112,2025-06-22
Ene02,116,2025-06-22
Feb02,113,2025-06-22
Mar02,113,2025-06-22
Abr02,108,2025-06-22
May02,115,2025-06-22
Jun02,117,2025-06-22
Jul02,123,2025-06-22
Ago02,133,2025-06-22
Sep02,132,2025-06-22
Oct02,133,2025-06-22
Nov02,133,2025-06-22
Dic02,129,2025-06-22
Ene03,130,2025-06-22
Feb03,127,2025-06-22
Mar03,127,2025-06-22
Abr03,126,2025-06-22
May03,130,2025-06-22
Jun03,129,2025-06-22
Jul03,117,2025-06-22
Ago03,127,2025-06-22
Sep03,124,2025-06-22
Oct03,132,2025-06-22
Nov03,135,2025-06-22
Dic03,134,2025-06-22
Ene04,141,2025-06-22
Feb04,146,2025-06-22
Mar04,152,2025-06-22
Abr04,153,2025-06-22
May04,150,2025-06-22
Jun04,139,2025-06-22
Jul04,122,2025-06-22
Ago04,127,2025-06-22
Sep04,116,2025-06-22
Oct04,117,2025-06-22
Nov04,117,2025-06-22
Dic04,119,2025-06-22
Ene05,118,2025-06-22
Feb05,120,2025-06-22
Mar05,121,2025-06-22
Abr05,118,2025-06-22
May05,118,2025-06-22
Jun05,121,2025-06-22
Jul05,129,2025-06-22
Ago05,118,2025-06-22
Sep05,118,2025-06-22
Oct05,125,2025-06-22
Nov05,117,2025-06-22
Dic05,126,2025-06-22
Ene06,124,2025-06-22
Feb06,129,2025-06-22
Mar06,125,2025-06-22
Abr06,129,2025-06-22
May06,135,2025-06-22
Jun06,129,2025-06-22
Jul06,136,2025-06-22
Ago06,138,2025-06-22
Sep06,145,2025-06-22
Oct06,172,2025-06-22
Nov06,190,2025-06-22
Dic06,185,2025-06-22
Ene07,195,2025-06-22
Feb07,204,2025-06-22
Mar07,187,2025-06-22
Abr07,177,2025-06-22
May07,185,2025-06-22
Jun07,185,2025-06-22
Jul07,167,2025-06-22
Ago07,177,2025-06-22
Sep07,194,2025-06-22
Oct07,199,2025-06-22
Nov07,207,2025-06-22
Dic07,227,2025-06-22
Ene08,241,2025-06-22
Feb08,254,2025-06-22
Mar08,257,2025-06-22
Abr08,270,2025-06-22
May08,264,2025-06-22
Jun08,326,2025-06-22
Jul08,271,2025-06-22
Ago08,272,2025-06-22
Sep08,256,2025-06-22
Oct08,202,2025-06-22
Nov08,183,2025-06-22
Dic08,195,2025-06-22
Ene09,197,2025-06-22
Feb09,180,2025-06-22
Mar09,194,2025-06-22
Abr09,191,2025-06-22
May09,209,2025-06-22
Jun09,197,2025-06-22
Jul09,180,2025-06-22
Ago09,181,2025-06-22
Sep09,185,2025-06-22
Oct09,203,2025-06-22
Nov09,202,2025-06-22
Dic09,207,2025-06-22
Ene10,192,2025-06-22
Feb10,190,2025-06-22
Mar10,183,2025-06-22
Abr10,186,2025-06-22
May10,188,2025-06-22
Jun10,182,2025-06-22
Jul10,196,2025-06-22
Ago10,220,2025-06-22
Sep10,260,2025-06-22
Oct10,280,2025-06-22
Nov10,260,2025-06-22
Dic10,285,2025-06-22
Ene11,299,2025-06-22
Feb11,325,2025-06-22
Mar11,313,2025-06-22
Abr11,343,2025-06-22
May11,342,2025-06-22
Jun11,318,2025-06-22
Jul11,332,2025-06-22
Ago11,338,2025-06-22
Sep11,305,2025-06-22
Oct11,305,2025-06-22
Nov11,288,2025-06-22
Dic11,286,2025-06-22
Ene12,295,2025-06-22
Feb12,304,2025-06-22
Mar12,301,2025-06-22
Abr12,295,2025-06-22
May12,293,2025-06-22
Jun12,300,2025-06-22
Jul12,365,2025-06-22
Ago12,358,2025-06-22
Sep12,339,2025-06-22
Oct12,343,2025-06-22
Nov12,353,2025-06-22
Dic12,328,2025-06-22
Ene13,333,2025-06-22
Feb13,323,2025-06-22
Mar13,337,2025-06-22
Abr13,306,2025-06-22
May13,318,2025-06-22
Jun13,344,2025-06-22
Jul13,274,2025-06-22
Ago13,251,2025-06-22
Sep13,243,2025-06-22
Oct13,234,2025-06-22
Nov13,235,2025-06-22
Dic13,233,2025-06-22
Ene14,232,2025-06-22
Feb14,247,2025-06-22
Mar14,258,2025-06-22
Abr14,255,2025-06-22
May14,242,2025-06-22
Jun14,235,2025-06-22
Jul14,217,2025-06-22
Ago14,213,2025-06-22
Sep14,200,2025-06-22
Oct14,211,2025-06-22
Nov14,213,2025-06-22
Dic14,209,2025-06-22
Ene15,203,2025-06-22
Feb15,200,2025-06-22
Mar15,199,2025-06-22
Abr15,199,2025-06-22
May15,190,2025-06-22
Jun15,197,2025-06-22
Jul15,202,2025-06-22
Ago15,188,2025-06-22
Sep15,197,2025-06-22
Oct15,200,2025-06-22
Nov15,191,2025-06-22
Dic15,188,2025-06-22
Ene16,193,2025-06-22
Feb16,185,2025-06-22
Mar16,162,2025-06-22
Abr16,168,2025-06-22
May16,174,2025-06-22
Jun16,190,2025-06-22
Jul16,173,2025-06-22
Ago16,167,2025-06-22
Sep16,161,2025-06-22
Oct16,166,2025-06-22
Nov16,163,2025-06-22
Dic16,159,2025-06-22
Ene17,167,2025-06-22
Feb17,171,2025-06-22
Mar17,163,2025-06-22
Abr17,160,2025-06-22
May17,160,2025-06-22
Jun17,161,2025-06-22
Jul17,162,2025-06-22
Ago17,158,2025-06-22
Sep17,154,2025-06-22
Oct17,157,2025-06-22
Nov17,156,2025-06-22
Dic17,156,2025-06-22
Ene18,164,2025-06-22
Feb18,170,2025-06-22
Mar18,183,2025-06-22
Abr18,193,2025-06-22
May18,195,2025-06-22
Jun18,172,2025-06-22
Jul18,161,2025-06-22
Ago18,170,2025-06-22
Sep18,158,2025-06-22
Oct18,166,2025-06-22
Nov18,164,2025-06-22
Dic18,169,2025-06-22
Ene19,171,2025-06-22
Feb19,177,2025-06-22
Mar19,175,2025-06-22
Abr19,167,2025-06-22
May19,176,2025-06-22
Jun19,197,2025-06-22
Jul19,196,2025-06-22
Ago19,175,2025-06-22
Sep19,158,2025-06-22
Oct19,171,2025-06-22
Nov19,171,2025-06-22
Dic19,171,2025-06-22
Ene20,177,2025-06-22
Feb20,176,2025-06-22
Mar20,170,2025-06-22
Abr20,154,2025-06-22
May20,149,2025-06-22
Jun20,161,2025-06-22
Jul20,169,2025-06-22
Ago20,166,2025-06-22
Sep20,187,2025-06-22
Oct20,219,2025-06-22
Nov20,223,2025-06-22
Dic20,221,2025-06-22
Ene21,245,2025-06-22
Feb21,252,2025-06-22
Mar21,253,2025-06-22
Abr21,275,2025-06-22
May21,315,2025-06-22
Jun21,302,2025-06-22
Jul21,299,2025-06-22
Ago21,264,2025-06-22
Sep21,276,2025-06-22
Oct21,269,2025-06-22
Nov21,266,2025-06-22
Dic21,273,2025-06-22
Ene22,285,2025-06-22
Feb22,306,2025-06-22
Mar22,362,2025-06-22
Abr22,355,2025-06-22
May22,352,2025-06-22
Jun22,341,2025-06-22
Jul22,309,2025-06-22
Ago22,306,2025-06-22
Sep22,326,2025-06-22
Oct22,365,2025-06-22
Nov22,341,2025-06-22
Dic22,309,2025-06-22
Ene23,304,2025-06-22
Feb23,298,2025-06-22
Mar23,290,2025-06-22
Abr23,294,2025-06-22
May23,269,2025-06-22
Jun23,274,2025-06-22
Jul23,247,2025-06-22
Ago23,217,2025-06-22
Sep23,233,2025-06-22
Oct23,228,2025-06-22
Nov23,212,2025-06-22
Dic23,205,2025-06-22
Ene24,204,2025-06-22
Feb24,193,2025-06-22
Mar24,191,2025-06-22
Abr24,192,2025-06-22
May24,198,2025-06-22
Jun24,196,2025-06-22
Jul24,184,2025-06-22
Ago24,183,2025-06-22
Sep24,202,2025-06-22
Oct24,210,2025-06-22
Nov24,208,2025-06-22
Dic24,207,2025-06-22
Ene25,219,2025-06-22
Feb25,227,2025-06-22
Mar25,209,2025-06-22
Abr25,220,2025-06-22
Jul01,113,2025-06-23
Ago01,112,2025-06-23
Sep01,107,2025-06-23
Oct01,106,2025-06-23
Nov01,113,2025-06-23
Dic01,112,2025-06-23
Ene02,116,2025-06-23
Feb02,113,2025-06-23
Mar02,113,2025-06-23
Abr02,108,2025-06-23
May02,115,2025-06-23
Jun02,117,2025-06-23
Jul02,123,2025-06-23
Ago02,133,2025-06-23
Sep02,132,2025-06-23
Oct02,133,2025-06-23
Nov02,133,2025-06-23
Dic02,129,2025-06-23
Ene03,130,2025-06-23
Feb03,127,2025-06-23
Mar03,127,2025-06-23
Abr03,126,2025-06-23
May03,130,2025-06-23
Jun03,129,2025-06-23
Jul03,117,2025-06-23
Ago03,127,2025-06-23
Sep03,124,2025-06-23
Oct03,132,2025-06-23
Nov03,135,2025-06-23
Dic03,134,2025-06-23
Ene04,141,2025-06-23
Feb04,146,2025-06-23
Mar04,152,2025-06-23
Abr04,153,2025-06-23
May04,150,2025-06-23
Jun04,139,2025-06-23
Jul04,122,2025-06-23
Ago04,127,2025-06-23
Sep04,116,2025-06-23
Oct04,117,2025-06-23
Nov04,117,2025-06-23
Dic04,119,2025-06-23
Ene05,118,2025-06-23
Feb05,120,2025-06-23
Mar05,121,2025-06-23
Abr05,118,2025-06-23
May05,118,2025-06-23
Jun05,121,2025-06-23
Jul05,129,2025-06-23
Ago05,118,2025-06-23
Sep05,118,2025-06-23
Oct05,125,2025-06-23
Nov05,117,2025-06-23
Dic05,126,2025-06-23
Ene06,124,2025-06-23
Feb06,129,2025-06-23
Mar06,125,2025-06-23
Abr06,129,2025-06-23
May06,135,2025-06-23
Jun06,129,2025-06-23
Jul06,136,2025-06-23
Ago06,138,2025-06-23
Sep06,145,2025-06-23
Oct06,172,2025-06-23
Nov06,190,2025-06-23
Dic06,185,2025-06-23
Ene07,195,2025-06-23
Feb07,204,2025-06-23
Mar07,187,2025-06-23
Abr07,177,2025-06-23
May07,185,2025-06-23
Jun07,185,2025-06-23
Jul07,167,2025-06-23
Ago07,177,2025-06-23
Sep07,194,2025-06-23
Oct07,199,2025-06-23
Nov07,207,2025-06-23
Dic07,227,2025-06-23
Ene08,241,2025-06-23
Feb08,254,2025-06-23
Mar08,257,2025-06-23
Abr08,270,2025-06-23
May08,264,2025-06-23
Jun08,326,2025-06-23
Jul08,271,2025-06-23
Ago08,272,2025-06-23
Sep08,256,2025-06-23
Oct08,202,2025-06-23
Nov08,183,2025-06-23
Dic08,195,2025-06-23
Ene09,197,2025-06-23
Feb09,180,2025-06-23
Mar09,194,2025-06-23
Abr09,191,2025-06-23
May09,209,2025-06-23
Jun09,197,2025-06-23
Jul09,180,2025-06-23
Ago09,181,2025-06-23
Sep09,185,2025-06-23
Oct09,203,2025-06-23
Nov09,202,2025-06-23
Dic09,207,2025-06-23
Ene10,192,2025-06-23
Feb10,190,2025-06-23
Mar10,183,2025-06-23
Abr10,186,2025-06-23
May10,188,2025-06-23
Jun10,182,2025-06-23
Jul10,196,2025-06-23
Ago10,220,2025-06-23
Sep10,260,2025-06-23
Oct10,280,2025-06-23
Nov10,260,2025-06-23
Dic10,285,2025-06-23
Ene11,299,2025-06-23
Feb11,325,2025-06-23
Mar11,313,2025-06-23
Abr11,343,2025-06-23
May11,342,2025-06-23
Jun11,318,2025-06-23
Jul11,332,2025-06-23
Ago11,338,2025-06-23
Sep11,305,2025-06-23
Oct11,305,2025-06-23
Nov11,288,2025-06-23
Dic11,286,2025-06-23
Ene12,295,2025-06-23
Feb12,304,2025-06-23
Mar12,301,2025-06-23
Abr12,295,2025-06-23
May12,293,2025-06-23
Jun12,300,2025-06-23
Jul12,365,2025-06-23
Ago12,358,2025-06-23
Sep12,339,2025-06-23
Oct12,343,2025-06-23
Nov12,353,2025-06-23
Dic12,328,2025-06-23
Ene13,333,2025-06-23
Feb13,323,2025-06-23
Mar13,337,2025-06-23
Abr13,306,2025-06-23
May13,318,2025-06-23
Jun13,344,2025-06-23
Jul13,274,2025-06-23
Ago13,251,2025-06-23
Sep13,243,2025-06-23
Oct13,234,2025-06-23
Nov13,235,2025-06-23
Dic13,233,2025-06-23
Ene14,232,2025-06-23
Feb14,247,2025-06-23
Mar14,258,2025-06-23
Abr14,255,2025-06-23
May14,242,2025-06-23
Jun14,235,2025-06-23
Jul14,217,2025-06-23
Ago14,213,2025-06-23
Sep14,200,2025-06-23
Oct14,211,2025-06-23
Nov14,213,2025-06-23
Dic14,209,2025-06-23
Ene15,203,2025-06-23
Feb15,200,2025-06-23
Mar15,199,2025-06-23
Abr15,199,2025-06-23
May15,190,2025-06-23
Jun15,197,2025-06-23
Jul15,202,2025-06-23
Ago15,188,2025-06-23
Sep15,197,2025-06-23
Oct15,200,2025-06-23
Nov15,191,2025-06-23
Dic15,188,2025-06-23
Ene16,193,2025-06-23
Feb16,185,2025-06-23
Mar16,162,2025-06-23
Abr16,168,2025-06-23
May16,174,2025-06-23
Jun16,190,2025-06-23
Jul16,173,2025-06-23
Ago16,167,2025-06-23
Sep16,161,2025-06-23
Oct16,166,2025-06-23
Nov16,163,2025-06-23
Dic16,159,2025-06-23
Ene17,167,2025-06-23
Feb17,171,2025-06-23
Mar17,163,2025-06-23
Abr17,160,2025-06-23
May17,160,2025-06-23
Jun17,161,2025-06-23
Jul17,162,2025-06-23
Ago17,158,2025-06-23
Sep17,154,2025-06-23
Oct17,157,2025-06-23
Nov17,156,2025-06-23
Dic17,156,2025-06-23
Ene18,164,2025-06-23
Feb18,170,2025-06-23
Mar18,183,2025-06-23
Abr18,193,2025-06-23
May18,195,2025-06-23
Jun18,172,2025-06-23
Jul18,161,2025-06-23
Ago18,170,2025-06-23
Sep18,158,2025-06-23
Oct18,166,2025-06-23
Nov18,164,2025-06-23
Dic18,169,2025-06-23
Ene19,171,2025-06-23
Feb19,177,2025-06-23
Mar19,175,2025-06-23
Abr19,167,2025-06-23
May19,176,2025-06-23
Jun19,197,2025-06-23
Jul19,196,2025-06-23
Ago19,175,2025-06-23
Sep19,158,2025-06-23
Oct19,171,2025-06-23
Nov19,171,2025-06-23
Dic19,171,2025-06-23
Ene20,177,2025-06-23
Feb20,176,2025-06-23
Mar20,170,2025-06-23
Abr20,154,2025-06-23
May20,149,2025-06-23
Jun20,161,2025-06-23
Jul20,169,2025-06-23
Ago20,166,2025-06-23
Sep20,187,2025-06-23
Oct20,219,2025-06-23
Nov20,223,2025-06-23
Dic20,221,2025-06-23
Ene21,245,2025-06-23
Feb21,252,2025-06-23
Mar21,253,2025-06-23
Abr21,275,2025-06-23
May21,315,2025-06-23
Jun21,302,2025-06-23
Jul21,299,2025-06-23
Ago21,264,2025-06-23
Sep21,276,2025-06-23
Oct21,269,2025-06-23
Nov21,266,2025-06-23
Dic21,273,2025-06-23
Ene22,285,2025-06-23
Feb22,306,2025-06-23
Mar22,362,2025-06-23
Abr22,355,2025-06-23
May22,352,2025-06-23
Jun22,341,2025-06-23
Jul22,309,2025-06-23
Ago22,306,2025-06-23
Sep22,326,2025-06-23
Oct22,365,2025-06-23
Nov22,341,2025-06-23
Dic22,309,2025-06-23
Ene23,304,2025-06-23
Feb23,298,2025-06-23
Mar23,290,2025-06-23
Abr23,294,2025-06-23
May23,269,2025-06-23
Jun23,274,2025-06-23
Jul23,247,2025-06-23
Ago23,217,2025-06-23
Sep23,233,2025-06-23
Oct23,228,2025-06-23
Nov23,212,2025-06-23
Dic23,205,2025-06-23
Ene24,204,2025-06-23
Feb24,193,2025-06-23
Mar24,191,2025-06-23
Abr24,192,2025-06-23
May24,198,2025-06-23
Jun24,196,2025-06-23
Jul24,184,2025-06-23
Ago24,183,2025-06-23
Sep24,202,2025-06-23
Oct24,210,2025-06-23
Nov24,208,2025-06-23
Dic24,207,2025-06-23
Ene25,219,2025-06-23
Feb25,227,2025-06-23
Mar25,209,2025-06-23
Abr25,220,2025-06-23
