Entidad,"Tasa de Rendimiento Efectivo Anual (TREA)
(%)",DEPARTAMENTO,TIPO_DE_PRODUCTO,PRODUCTO,CONDICION,FECHA,TREA Mínima S/,TREA Máxima S/,TREA Mínima US$,TREA Máxima US$,"Tasa de Rendimiento
Efectivo Anual
(TREA) (%)",Tasa de Rendimiento Efectivo Anual (TREA) (%)
CMAC PAITA,0.25,AMAZONAS,DEPOSITOS,AHORRO PERSONAS NATURALES,CUENTA DE AHORRO EN DOLARES CON COBRO DE MANTENIMIENTO,29-07-2025,,,,,,
CMAC MAYNAS,0.25,AMAZONAS,DEPOSITOS,AHORRO PERSONAS NATURALES,CUENTA DE AHORRO EN DOLARES CON COBRO DE MANTENIMIENTO,29-07-2025,,,,,,
CMAC AREQUIPA,0.25,AMAZONAS,DEPOSITOS,AHORRO PERSONAS NATURALES,CUENTA DE AHORRO EN DOLARES CON COBRO DE MANTENIMIENTO,29-07-2025,,,,,,
MIBANCO,0.25,AMAZONAS,DEPOSITOS,AHORRO PERSONAS NATURALES,CUENTA DE AHORRO EN DOLARES CON COBRO DE MANTENIMIENTO,29-07-2025,,,,,,
INTERBANK,0.2,AMAZONAS,DEPOSITOS,AHORRO PERSONAS NATURALES,CUENTA DE AHORRO EN DOLARES CON COBRO DE MANTENIMIENTO,29-07-2025,,,,,,
BANCO DE CREDITO,0.1,AMAZONAS,DEPOSITOS,AHORRO PERSONAS NATURALES,CUENTA DE AHORRO EN DOLARES CON COBRO DE MANTENIMIENTO,29-07-2025,,,,,,
CMAC CUSCO,0.01,AMAZONAS,DEPOSITOS,AHORRO PERSONAS NATURALES,CUENTA DE AHORRO EN DOLARES CON COBRO DE MANTENIMIENTO,29-07-2025,,,,,,
CMAC PIURA,-1.03,AMAZONAS,DEPOSITOS,AHORRO PERSONAS NATURALES,CUENTA DE AHORRO EN DOLARES CON COBRO DE MANTENIMIENTO,29-07-2025,,,,,,
CMAC PAITA,0.3,AMAZONAS,DEPOSITOS,AHORRO PERSONAS NATURALES,CUENTA DE AHORRO EN DOLARES SIN COBRO DE MANTENIMIENTO,29-07-2025,,,,,,
CMAC MAYNAS,0.25,AMAZONAS,DEPOSITOS,AHORRO PERSONAS NATURALES,CUENTA DE AHORRO EN DOLARES SIN COBRO DE MANTENIMIENTO,29-07-2025,,,,,,
CMAC PIURA,0.15,AMAZONAS,DEPOSITOS,AHORRO PERSONAS NATURALES,CUENTA DE AHORRO EN DOLARES SIN COBRO DE MANTENIMIENTO,29-07-2025,,,,,,
CMAC AREQUIPA,0.15,AMAZONAS,DEPOSITOS,AHORRO PERSONAS NATURALES,CUENTA DE AHORRO EN DOLARES SIN COBRO DE MANTENIMIENTO,29-07-2025,,,,,,
CMAC TRUJILLO,0.1,AMAZONAS,DEPOSITOS,AHORRO PERSONAS NATURALES,CUENTA DE AHORRO EN DOLARES SIN COBRO DE MANTENIMIENTO,29-07-2025,,,,,,
CMAC HUANCAYO,0.1,AMAZONAS,DEPOSITOS,AHORRO PERSONAS NATURALES,CUENTA DE AHORRO EN DOLARES SIN COBRO DE MANTENIMIENTO,29-07-2025,,,,,,
CRAC LOS ANDES,0.08,AMAZONAS,DEPOSITOS,AHORRO PERSONAS NATURALES,CUENTA DE AHORRO EN DOLARES SIN COBRO DE MANTENIMIENTO,29-07-2025,,,,,,
FINANCIERA CONFIANZA,0.01,AMAZONAS,DEPOSITOS,AHORRO PERSONAS NATURALES,CUENTA DE AHORRO EN DOLARES SIN COBRO DE MANTENIMIENTO,29-07-2025,,,,,,
BANCO DE CREDITO,0,AMAZONAS,DEPOSITOS,AHORRO PERSONAS NATURALES,CUENTA DE AHORRO EN DOLARES SIN COBRO DE MANTENIMIENTO,29-07-2025,,,,,,
BBVA,0,AMAZONAS,DEPOSITOS,AHORRO PERSONAS NATURALES,CUENTA DE AHORRO EN DOLARES SIN COBRO DE MANTENIMIENTO,29-07-2025,,,,,,
MIBANCO,0,AMAZONAS,DEPOSITOS,AHORRO PERSONAS NATURALES,CUENTA DE AHORRO EN DOLARES SIN COBRO DE MANTENIMIENTO,29-07-2025,,,,,,
MIBANCO,1,AMAZONAS,DEPOSITOS,AHORRO PERSONAS NATURALES,CUENTA DE AHORRO EN NUEVOS SOLES CON COBRO DE MANTENIMIENTO,29-07-2025,,,,,,
CMAC PAITA,0.75,AMAZONAS,DEPOSITOS,AHORRO PERSONAS NATURALES,CUENTA DE AHORRO EN NUEVOS SOLES CON COBRO DE MANTENIMIENTO,29-07-2025,,,,,,
CMAC MAYNAS,0.5,AMAZONAS,DEPOSITOS,AHORRO PERSONAS NATURALES,CUENTA DE AHORRO EN NUEVOS SOLES CON COBRO DE MANTENIMIENTO,29-07-2025,,,,,,
CMAC AREQUIPA,0.3,AMAZONAS,DEPOSITOS,AHORRO PERSONAS NATURALES,CUENTA DE AHORRO EN NUEVOS SOLES CON COBRO DE MANTENIMIENTO,29-07-2025,,,,,,
CMAC CUSCO,0.3,AMAZONAS,DEPOSITOS,AHORRO PERSONAS NATURALES,CUENTA DE AHORRO EN NUEVOS SOLES CON COBRO DE MANTENIMIENTO,29-07-2025,,,,,,
BANCO DE CREDITO,0.25,AMAZONAS,DEPOSITOS,AHORRO PERSONAS NATURALES,CUENTA DE AHORRO EN NUEVOS SOLES CON COBRO DE MANTENIMIENTO,29-07-2025,,,,,,
CMAC PIURA,-3.79,AMAZONAS,DEPOSITOS,AHORRO PERSONAS NATURALES,CUENTA DE AHORRO EN NUEVOS SOLES CON COBRO DE MANTENIMIENTO,29-07-2025,,,,,,
FINANCIERA EFECTIVA,5,AMAZONAS,DEPOSITOS,AHORRO PERSONAS NATURALES,CUENTA DE AHORRO EN NUEVOS SOLES SIN COBRO DE MANTENIMIENTO,29-07-2025,,,,,,
BANCO PICHINCHA,4,AMAZONAS,DEPOSITOS,AHORRO PERSONAS NATURALES,CUENTA DE AHORRO EN NUEVOS SOLES SIN COBRO DE MANTENIMIENTO,29-07-2025,,,,,,
CRAC LOS ANDES,2,AMAZONAS,DEPOSITOS,AHORRO PERSONAS NATURALES,CUENTA DE AHORRO EN NUEVOS SOLES SIN COBRO DE MANTENIMIENTO,29-07-2025,,,,,,
CMAC PAITA,1.1,AMAZONAS,DEPOSITOS,AHORRO PERSONAS NATURALES,CUENTA DE AHORRO EN NUEVOS SOLES SIN COBRO DE MANTENIMIENTO,29-07-2025,,,,,,
FINANCIERA CONFIANZA,0.75,AMAZONAS,DEPOSITOS,AHORRO PERSONAS NATURALES,CUENTA DE AHORRO EN NUEVOS SOLES SIN COBRO DE MANTENIMIENTO,29-07-2025,,,,,,
CMAC TRUJILLO,0.6,AMAZONAS,DEPOSITOS,AHORRO PERSONAS NATURALES,CUENTA DE AHORRO EN NUEVOS SOLES SIN COBRO DE MANTENIMIENTO,29-07-2025,,,,,,
CMAC MAYNAS,0.5,AMAZONAS,DEPOSITOS,AHORRO PERSONAS NATURALES,CUENTA DE AHORRO EN NUEVOS SOLES SIN COBRO DE MANTENIMIENTO,29-07-2025,,,,,,
CMAC PIURA,0.35,AMAZONAS,DEPOSITOS,AHORRO PERSONAS NATURALES,CUENTA DE AHORRO EN NUEVOS SOLES SIN COBRO DE MANTENIMIENTO,29-07-2025,,,,,,
CMAC HUANCAYO,0.3,AMAZONAS,DEPOSITOS,AHORRO PERSONAS NATURALES,CUENTA DE AHORRO EN NUEVOS SOLES SIN COBRO DE MANTENIMIENTO,29-07-2025,,,,,,
CMAC AREQUIPA,0.3,AMAZONAS,DEPOSITOS,AHORRO PERSONAS NATURALES,CUENTA DE AHORRO EN NUEVOS SOLES SIN COBRO DE MANTENIMIENTO,29-07-2025,,,,,,
BANCO DE CREDITO,0,AMAZONAS,DEPOSITOS,AHORRO PERSONAS NATURALES,CUENTA DE AHORRO EN NUEVOS SOLES SIN COBRO DE MANTENIMIENTO,29-07-2025,,,,,,
BBVA,0,AMAZONAS,DEPOSITOS,AHORRO PERSONAS NATURALES,CUENTA DE AHORRO EN NUEVOS SOLES SIN COBRO DE MANTENIMIENTO,29-07-2025,,,,,,
MIBANCO,0,AMAZONAS,DEPOSITOS,AHORRO PERSONAS NATURALES,CUENTA DE AHORRO EN NUEVOS SOLES SIN COBRO DE MANTENIMIENTO,29-07-2025,,,,,,
CRAC LOS ANDES,,AMAZONAS,DEPOSITOS,CTS,RENDIMIENTO ASOCIADO A LOS DEPOSITOS CTS,29-07-2025,7,7,0.5,0.5,,
CMAC PIURA,,AMAZONAS,DEPOSITOS,CTS,RENDIMIENTO ASOCIADO A LOS DEPOSITOS CTS,29-07-2025,6.5,7,0.9,1,,
FINANCIERA OH,,AMAZONAS,DEPOSITOS,CTS,RENDIMIENTO ASOCIADO A LOS DEPOSITOS CTS,29-07-2025,6.5,6.5,0,0,,
CMAC PAITA,,AMAZONAS,DEPOSITOS,CTS,RENDIMIENTO ASOCIADO A LOS DEPOSITOS CTS,29-07-2025,6,6,1,1,,
FINANCIERA CONFIANZA,,AMAZONAS,DEPOSITOS,CTS,RENDIMIENTO ASOCIADO A LOS DEPOSITOS CTS,29-07-2025,5.5,6,0.01,0.01,,
CMAC TRUJILLO,,AMAZONAS,DEPOSITOS,CTS,RENDIMIENTO ASOCIADO A LOS DEPOSITOS CTS,29-07-2025,5.5,7.5,0.25,0.5,,
CMAC MAYNAS,,AMAZONAS,DEPOSITOS,CTS,RENDIMIENTO ASOCIADO A LOS DEPOSITOS CTS,29-07-2025,5,6.5,0.3,1,,
CMAC HUANCAYO,,AMAZONAS,DEPOSITOS,CTS,RENDIMIENTO ASOCIADO A LOS DEPOSITOS CTS,29-07-2025,5,6,1,1,,
CMAC CUSCO,,AMAZONAS,DEPOSITOS,CTS,RENDIMIENTO ASOCIADO A LOS DEPOSITOS CTS,29-07-2025,5,6.5,0.25,0.25,,
CMAC AREQUIPA,,AMAZONAS,DEPOSITOS,CTS,RENDIMIENTO ASOCIADO A LOS DEPOSITOS CTS,29-07-2025,4.75,5.75,0.25,0.4,,
MIBANCO,,AMAZONAS,DEPOSITOS,CTS,RENDIMIENTO ASOCIADO A LOS DEPOSITOS CTS,29-07-2025,3.75,5.75,1,1.3,,
BBVA,,AMAZONAS,DEPOSITOS,CTS,RENDIMIENTO ASOCIADO A LOS DEPOSITOS CTS,29-07-2025,1.1,2.6,0.6,1.1,,
BANCO DE CREDITO,,AMAZONAS,DEPOSITOS,CTS,RENDIMIENTO ASOCIADO A LOS DEPOSITOS CTS,29-07-2025,1,3,0.5,1.25,,
CRAC LOS ANDES,,AMAZONAS,DEPOSITOS,PLAZO FIJO EN DOLARES,DEPOSITOS A PLAZO POR US$. 1 500 A 360 DIAS,29-07-2025,,,,,0.5,
CMAC HUANCAYO,,AMAZONAS,DEPOSITOS,PLAZO FIJO EN DOLARES,DEPOSITOS A PLAZO POR US$. 1 500 A 360 DIAS,29-07-2025,,,,,0.35,
MIBANCO,,AMAZONAS,DEPOSITOS,PLAZO FIJO EN DOLARES,DEPOSITOS A PLAZO POR US$. 1 500 A 360 DIAS,29-07-2025,,,,,0.35,
CMAC PAITA,,AMAZONAS,DEPOSITOS,PLAZO FIJO EN DOLARES,DEPOSITOS A PLAZO POR US$. 1 500 A 360 DIAS,29-07-2025,,,,,0.3,
CMAC PIURA,,AMAZONAS,DEPOSITOS,PLAZO FIJO EN DOLARES,DEPOSITOS A PLAZO POR US$. 1 500 A 360 DIAS,29-07-2025,,,,,0.3,
CMAC AREQUIPA,,AMAZONAS,DEPOSITOS,PLAZO FIJO EN DOLARES,DEPOSITOS A PLAZO POR US$. 1 500 A 360 DIAS,29-07-2025,,,,,0.3,
BANCO DE CREDITO,,AMAZONAS,DEPOSITOS,PLAZO FIJO EN DOLARES,DEPOSITOS A PLAZO POR US$. 1 500 A 360 DIAS,29-07-2025,,,,,0.2,
CMAC MAYNAS,,AMAZONAS,DEPOSITOS,PLAZO FIJO EN DOLARES,DEPOSITOS A PLAZO POR US$. 1 500 A 360 DIAS,29-07-2025,,,,,0.2,
CMAC TRUJILLO,,AMAZONAS,DEPOSITOS,PLAZO FIJO EN DOLARES,DEPOSITOS A PLAZO POR US$. 1 500 A 360 DIAS,29-07-2025,,,,,0.11,
FINANCIERA CONFIANZA,,AMAZONAS,DEPOSITOS,PLAZO FIJO EN DOLARES,DEPOSITOS A PLAZO POR US$. 1 500 A 360 DIAS,29-07-2025,,,,,0.01,
CMAC CUSCO,,AMAZONAS,DEPOSITOS,PLAZO FIJO EN DOLARES,DEPOSITOS A PLAZO POR US$. 1 500 A 360 DIAS,29-07-2025,,,,,0.01,
CRAC LOS ANDES,,AMAZONAS,DEPOSITOS,PLAZO FIJO EN DOLARES,DEPOSITOS A PLAZO POR US$. 10 000 A 360 DIAS,29-07-2025,,,,,0.5,
CMAC HUANCAYO,,AMAZONAS,DEPOSITOS,PLAZO FIJO EN DOLARES,DEPOSITOS A PLAZO POR US$. 10 000 A 360 DIAS,29-07-2025,,,,,0.4,
CMAC AREQUIPA,,AMAZONAS,DEPOSITOS,PLAZO FIJO EN DOLARES,DEPOSITOS A PLAZO POR US$. 10 000 A 360 DIAS,29-07-2025,,,,,0.35,
MIBANCO,,AMAZONAS,DEPOSITOS,PLAZO FIJO EN DOLARES,DEPOSITOS A PLAZO POR US$. 10 000 A 360 DIAS,29-07-2025,,,,,0.35,
CMAC PAITA,,AMAZONAS,DEPOSITOS,PLAZO FIJO EN DOLARES,DEPOSITOS A PLAZO POR US$. 10 000 A 360 DIAS,29-07-2025,,,,,0.3,
CMAC PIURA,,AMAZONAS,DEPOSITOS,PLAZO FIJO EN DOLARES,DEPOSITOS A PLAZO POR US$. 10 000 A 360 DIAS,29-07-2025,,,,,0.3,
BANCO DE CREDITO,,AMAZONAS,DEPOSITOS,PLAZO FIJO EN DOLARES,DEPOSITOS A PLAZO POR US$. 10 000 A 360 DIAS,29-07-2025,,,,,0.25,
CMAC MAYNAS,,AMAZONAS,DEPOSITOS,PLAZO FIJO EN DOLARES,DEPOSITOS A PLAZO POR US$. 10 000 A 360 DIAS,29-07-2025,,,,,0.2,
CMAC TRUJILLO,,AMAZONAS,DEPOSITOS,PLAZO FIJO EN DOLARES,DEPOSITOS A PLAZO POR US$. 10 000 A 360 DIAS,29-07-2025,,,,,0.11,
CMAC CUSCO,,AMAZONAS,DEPOSITOS,PLAZO FIJO EN DOLARES,DEPOSITOS A PLAZO POR US$. 10 000 A 360 DIAS,29-07-2025,,,,,0.1,
FINANCIERA CONFIANZA,,AMAZONAS,DEPOSITOS,PLAZO FIJO EN DOLARES,DEPOSITOS A PLAZO POR US$. 10 000 A 360 DIAS,29-07-2025,,,,,0.01,
CRAC LOS ANDES,,AMAZONAS,DEPOSITOS,PLAZO FIJO EN DOLARES,DEPOSITOS A PLAZO POR US$. 3 000 A 360 DIAS,29-07-2025,,,,,0.5,
CMCP LIMA,,AMAZONAS,DEPOSITOS,PLAZO FIJO EN DOLARES,DEPOSITOS A PLAZO POR US$. 3 000 A 360 DIAS,29-07-2025,,,,,0.45,
CMAC HUANCAYO,,AMAZONAS,DEPOSITOS,PLAZO FIJO EN DOLARES,DEPOSITOS A PLAZO POR US$. 3 000 A 360 DIAS,29-07-2025,,,,,0.35,
MIBANCO,,AMAZONAS,DEPOSITOS,PLAZO FIJO EN DOLARES,DEPOSITOS A PLAZO POR US$. 3 000 A 360 DIAS,29-07-2025,,,,,0.35,
CMAC PAITA,,AMAZONAS,DEPOSITOS,PLAZO FIJO EN DOLARES,DEPOSITOS A PLAZO POR US$. 3 000 A 360 DIAS,29-07-2025,,,,,0.3,
CMAC PIURA,,AMAZONAS,DEPOSITOS,PLAZO FIJO EN DOLARES,DEPOSITOS A PLAZO POR US$. 3 000 A 360 DIAS,29-07-2025,,,,,0.3,
CMAC AREQUIPA,,AMAZONAS,DEPOSITOS,PLAZO FIJO EN DOLARES,DEPOSITOS A PLAZO POR US$. 3 000 A 360 DIAS,29-07-2025,,,,,0.3,
BANCO DE CREDITO,,AMAZONAS,DEPOSITOS,PLAZO FIJO EN DOLARES,DEPOSITOS A PLAZO POR US$. 3 000 A 360 DIAS,29-07-2025,,,,,0.2,
CMAC MAYNAS,,AMAZONAS,DEPOSITOS,PLAZO FIJO EN DOLARES,DEPOSITOS A PLAZO POR US$. 3 000 A 360 DIAS,29-07-2025,,,,,0.2,
CMAC TRUJILLO,,AMAZONAS,DEPOSITOS,PLAZO FIJO EN DOLARES,DEPOSITOS A PLAZO POR US$. 3 000 A 360 DIAS,29-07-2025,,,,,0.11,
FINANCIERA CONFIANZA,,AMAZONAS,DEPOSITOS,PLAZO FIJO EN DOLARES,DEPOSITOS A PLAZO POR US$. 3 000 A 360 DIAS,29-07-2025,,,,,0.01,
CMAC CUSCO,,AMAZONAS,DEPOSITOS,PLAZO FIJO EN DOLARES,DEPOSITOS A PLAZO POR US$. 3 000 A 360 DIAS,29-07-2025,,,,,0.01,
FINANCIERA EFECTIVA,,AMAZONAS,DEPOSITOS,PLAZO FIJO EN SOLES,DEPOSITOS A PLAZO POR S/. 5 000 A 360 DIAS,29-07-2025,,,,,5.25,
CRAC LOS ANDES,,AMAZONAS,DEPOSITOS,PLAZO FIJO EN SOLES,DEPOSITOS A PLAZO POR S/. 5 000 A 360 DIAS,29-07-2025,,,,,4,
CMAC TRUJILLO,,AMAZONAS,DEPOSITOS,PLAZO FIJO EN SOLES,DEPOSITOS A PLAZO POR S/. 5 000 A 360 DIAS,29-07-2025,,,,,3.55,
FINANCIERA CONFIANZA,,AMAZONAS,DEPOSITOS,PLAZO FIJO EN SOLES,DEPOSITOS A PLAZO POR S/. 5 000 A 360 DIAS,29-07-2025,,,,,3.5,
CMAC PAITA,,AMAZONAS,DEPOSITOS,PLAZO FIJO EN SOLES,DEPOSITOS A PLAZO POR S/. 5 000 A 360 DIAS,29-07-2025,,,,,3.1,
CMAC PIURA,,AMAZONAS,DEPOSITOS,PLAZO FIJO EN SOLES,DEPOSITOS A PLAZO POR S/. 5 000 A 360 DIAS,29-07-2025,,,,,3,
CMAC HUANCAYO,,AMAZONAS,DEPOSITOS,PLAZO FIJO EN SOLES,DEPOSITOS A PLAZO POR S/. 5 000 A 360 DIAS,29-07-2025,,,,,2.85,
CMAC CUSCO,,AMAZONAS,DEPOSITOS,PLAZO FIJO EN SOLES,DEPOSITOS A PLAZO POR S/. 5 000 A 360 DIAS,29-07-2025,,,,,2.6,
CMAC MAYNAS,,AMAZONAS,DEPOSITOS,PLAZO FIJO EN SOLES,DEPOSITOS A PLAZO POR S/. 5 000 A 360 DIAS,29-07-2025,,,,,1.75,
CMAC AREQUIPA,,AMAZONAS,DEPOSITOS,PLAZO FIJO EN SOLES,DEPOSITOS A PLAZO POR S/. 5 000 A 360 DIAS,29-07-2025,,,,,1.7,
MIBANCO,,AMAZONAS,DEPOSITOS,PLAZO FIJO EN SOLES,DEPOSITOS A PLAZO POR S/. 5 000 A 360 DIAS,29-07-2025,,,,,1.15,
BANCO PICHINCHA,,AMAZONAS,DEPOSITOS,PLAZO FIJO EN SOLES,DEPOSITOS A PLAZO POR S/. 5 000 A 360 DIAS,29-07-2025,,,,,1,
BANCO DE CREDITO,,AMAZONAS,DEPOSITOS,PLAZO FIJO EN SOLES,DEPOSITOS A PLAZO POR S/. 5 000 A 360 DIAS,29-07-2025,,,,,0.2,
FINANCIERA EFECTIVA,,AMAZONAS,DEPOSITOS,PLAZO FIJO EN SOLES,DEPOSITOS A PLAZO POR S/. 10 000 A 360 DIAS,29-07-2025,,,,,,5.25
CRAC LOS ANDES,,AMAZONAS,DEPOSITOS,PLAZO FIJO EN SOLES,DEPOSITOS A PLAZO POR S/. 10 000 A 360 DIAS,29-07-2025,,,,,,4
CMAC TRUJILLO,,AMAZONAS,DEPOSITOS,PLAZO FIJO EN SOLES,DEPOSITOS A PLAZO POR S/. 10 000 A 360 DIAS,29-07-2025,,,,,,3.55
FINANCIERA CONFIANZA,,AMAZONAS,DEPOSITOS,PLAZO FIJO EN SOLES,DEPOSITOS A PLAZO POR S/. 10 000 A 360 DIAS,29-07-2025,,,,,,3.5
CMAC PAITA,,AMAZONAS,DEPOSITOS,PLAZO FIJO EN SOLES,DEPOSITOS A PLAZO POR S/. 10 000 A 360 DIAS,29-07-2025,,,,,,3.1
CMAC PIURA,,AMAZONAS,DEPOSITOS,PLAZO FIJO EN SOLES,DEPOSITOS A PLAZO POR S/. 10 000 A 360 DIAS,29-07-2025,,,,,,3
CMAC HUANCAYO,,AMAZONAS,DEPOSITOS,PLAZO FIJO EN SOLES,DEPOSITOS A PLAZO POR S/. 10 000 A 360 DIAS,29-07-2025,,,,,,2.85
CMAC CUSCO,,AMAZONAS,DEPOSITOS,PLAZO FIJO EN SOLES,DEPOSITOS A PLAZO POR S/. 10 000 A 360 DIAS,29-07-2025,,,,,,2.6
CMAC MAYNAS,,AMAZONAS,DEPOSITOS,PLAZO FIJO EN SOLES,DEPOSITOS A PLAZO POR S/. 10 000 A 360 DIAS,29-07-2025,,,,,,1.75
CMAC AREQUIPA,,AMAZONAS,DEPOSITOS,PLAZO FIJO EN SOLES,DEPOSITOS A PLAZO POR S/. 10 000 A 360 DIAS,29-07-2025,,,,,,1.7
MIBANCO,,AMAZONAS,DEPOSITOS,PLAZO FIJO EN SOLES,DEPOSITOS A PLAZO POR S/. 10 000 A 360 DIAS,29-07-2025,,,,,,1.15
BANCO DE CREDITO,,AMAZONAS,DEPOSITOS,PLAZO FIJO EN SOLES,DEPOSITOS A PLAZO POR S/. 10 000 A 360 DIAS,29-07-2025,,,,,,0.25
FINANCIERA EFECTIVA,,AMAZONAS,DEPOSITOS,PLAZO FIJO EN SOLES,DEPOSITOS A PLAZO POR S/. 2 500 A 360 DIAS,29-07-2025,,,,,5.25,
CRAC LOS ANDES,,AMAZONAS,DEPOSITOS,PLAZO FIJO EN SOLES,DEPOSITOS A PLAZO POR S/. 2 500 A 360 DIAS,29-07-2025,,,,,4,
FINANCIERA CONFIANZA,,AMAZONAS,DEPOSITOS,PLAZO FIJO EN SOLES,DEPOSITOS A PLAZO POR S/. 2 500 A 360 DIAS,29-07-2025,,,,,3.5,
CMAC TRUJILLO,,AMAZONAS,DEPOSITOS,PLAZO FIJO EN SOLES,DEPOSITOS A PLAZO POR S/. 2 500 A 360 DIAS,29-07-2025,,,,,3.2,
CMAC PAITA,,AMAZONAS,DEPOSITOS,PLAZO FIJO EN SOLES,DEPOSITOS A PLAZO POR S/. 2 500 A 360 DIAS,29-07-2025,,,,,3.1,
CMAC PIURA,,AMAZONAS,DEPOSITOS,PLAZO FIJO EN SOLES,DEPOSITOS A PLAZO POR S/. 2 500 A 360 DIAS,29-07-2025,,,,,3,
CMAC HUANCAYO,,AMAZONAS,DEPOSITOS,PLAZO FIJO EN SOLES,DEPOSITOS A PLAZO POR S/. 2 500 A 360 DIAS,29-07-2025,,,,,2.85,
CMAC CUSCO,,AMAZONAS,DEPOSITOS,PLAZO FIJO EN SOLES,DEPOSITOS A PLAZO POR S/. 2 500 A 360 DIAS,29-07-2025,,,,,2.6,
CMAC MAYNAS,,AMAZONAS,DEPOSITOS,PLAZO FIJO EN SOLES,DEPOSITOS A PLAZO POR S/. 2 500 A 360 DIAS,29-07-2025,,,,,1.75,
CMAC AREQUIPA,,AMAZONAS,DEPOSITOS,PLAZO FIJO EN SOLES,DEPOSITOS A PLAZO POR S/. 2 500 A 360 DIAS,29-07-2025,,,,,1.7,
MIBANCO,,AMAZONAS,DEPOSITOS,PLAZO FIJO EN SOLES,DEPOSITOS A PLAZO POR S/. 2 500 A 360 DIAS,29-07-2025,,,,,1.15,
BANCO DE CREDITO,,AMAZONAS,DEPOSITOS,PLAZO FIJO EN SOLES,DEPOSITOS A PLAZO POR S/. 2 500 A 360 DIAS,29-07-2025,,,,,0.2,
FINANCIERA EFECTIVA,,AMAZONAS,DEPOSITOS,PLAZO FIJO EN SOLES,DEPOSITOS A PLAZO POR S/. 20 000 A 360 DIAS,29-07-2025,,,,,5.25,
CRAC LOS ANDES,,AMAZONAS,DEPOSITOS,PLAZO FIJO EN SOLES,DEPOSITOS A PLAZO POR S/. 20 000 A 360 DIAS,29-07-2025,,,,,4,
CMAC TRUJILLO,,AMAZONAS,DEPOSITOS,PLAZO FIJO EN SOLES,DEPOSITOS A PLAZO POR S/. 20 000 A 360 DIAS,29-07-2025,,,,,3.85,
FINANCIERA CONFIANZA,,AMAZONAS,DEPOSITOS,PLAZO FIJO EN SOLES,DEPOSITOS A PLAZO POR S/. 20 000 A 360 DIAS,29-07-2025,,,,,3.5,
CMAC PAITA,,AMAZONAS,DEPOSITOS,PLAZO FIJO EN SOLES,DEPOSITOS A PLAZO POR S/. 20 000 A 360 DIAS,29-07-2025,,,,,3.1,
CMAC PIURA,,AMAZONAS,DEPOSITOS,PLAZO FIJO EN SOLES,DEPOSITOS A PLAZO POR S/. 20 000 A 360 DIAS,29-07-2025,,,,,3,
CMAC HUANCAYO,,AMAZONAS,DEPOSITOS,PLAZO FIJO EN SOLES,DEPOSITOS A PLAZO POR S/. 20 000 A 360 DIAS,29-07-2025,,,,,2.95,
CMAC CUSCO,,AMAZONAS,DEPOSITOS,PLAZO FIJO EN SOLES,DEPOSITOS A PLAZO POR S/. 20 000 A 360 DIAS,29-07-2025,,,,,2.6,
CMAC MAYNAS,,AMAZONAS,DEPOSITOS,PLAZO FIJO EN SOLES,DEPOSITOS A PLAZO POR S/. 20 000 A 360 DIAS,29-07-2025,,,,,1.75,
CMAC AREQUIPA,,AMAZONAS,DEPOSITOS,PLAZO FIJO EN SOLES,DEPOSITOS A PLAZO POR S/. 20 000 A 360 DIAS,29-07-2025,,,,,1.7,
MIBANCO,,AMAZONAS,DEPOSITOS,PLAZO FIJO EN SOLES,DEPOSITOS A PLAZO POR S/. 20 000 A 360 DIAS,29-07-2025,,,,,1.15,
BANCO DE CREDITO,,AMAZONAS,DEPOSITOS,PLAZO FIJO EN SOLES,DEPOSITOS A PLAZO POR S/. 20 000 A 360 DIAS,29-07-2025,,,,,0.25,
BANCO FALABELLA,1.5,ANCASH,DEPOSITOS,AHORRO PERSONAS NATURALES,CUENTA DE AHORRO EN DOLARES CON COBRO DE MANTENIMIENTO,29-07-2025,,,,,,
CMAC AREQUIPA,0.25,ANCASH,DEPOSITOS,AHORRO PERSONAS NATURALES,CUENTA DE AHORRO EN DOLARES CON COBRO DE MANTENIMIENTO,29-07-2025,,,,,,
MIBANCO,0.25,ANCASH,DEPOSITOS,AHORRO PERSONAS NATURALES,CUENTA DE AHORRO EN DOLARES CON COBRO DE MANTENIMIENTO,29-07-2025,,,,,,
BANBIF,0.2,ANCASH,DEPOSITOS,AHORRO PERSONAS NATURALES,CUENTA DE AHORRO EN DOLARES CON COBRO DE MANTENIMIENTO,29-07-2025,,,,,,
INTERBANK,0.2,ANCASH,DEPOSITOS,AHORRO PERSONAS NATURALES,CUENTA DE AHORRO EN DOLARES CON COBRO DE MANTENIMIENTO,29-07-2025,,,,,,
SCOTIABANK PERU,0.15,ANCASH,DEPOSITOS,AHORRO PERSONAS NATURALES,CUENTA DE AHORRO EN DOLARES CON COBRO DE MANTENIMIENTO,29-07-2025,,,,,,
BANCO DE CREDITO,0.1,ANCASH,DEPOSITOS,AHORRO PERSONAS NATURALES,CUENTA DE AHORRO EN DOLARES CON COBRO DE MANTENIMIENTO,29-07-2025,,,,,,
CMAC CUSCO,0.01,ANCASH,DEPOSITOS,AHORRO PERSONAS NATURALES,CUENTA DE AHORRO EN DOLARES CON COBRO DE MANTENIMIENTO,29-07-2025,,,,,,
ALFIN BANCO,0,ANCASH,DEPOSITOS,AHORRO PERSONAS NATURALES,CUENTA DE AHORRO EN DOLARES CON COBRO DE MANTENIMIENTO,29-07-2025,,,,,,
BBVA,0,ANCASH,DEPOSITOS,AHORRO PERSONAS NATURALES,CUENTA DE AHORRO EN DOLARES CON COBRO DE MANTENIMIENTO,29-07-2025,,,,,,
CMAC PIURA,-1.03,ANCASH,DEPOSITOS,AHORRO PERSONAS NATURALES,CUENTA DE AHORRO EN DOLARES CON COBRO DE MANTENIMIENTO,29-07-2025,,,,,,
BANCO PICHINCHA,2.25,ANCASH,DEPOSITOS,AHORRO PERSONAS NATURALES,CUENTA DE AHORRO EN DOLARES SIN COBRO DE MANTENIMIENTO,29-07-2025,,,,,,
CMAC DEL SANTA,0.2,ANCASH,DEPOSITOS,AHORRO PERSONAS NATURALES,CUENTA DE AHORRO EN DOLARES SIN COBRO DE MANTENIMIENTO,29-07-2025,,,,,,
CMAC PIURA,0.15,ANCASH,DEPOSITOS,AHORRO PERSONAS NATURALES,CUENTA DE AHORRO EN DOLARES SIN COBRO DE MANTENIMIENTO,29-07-2025,,,,,,
CMCP LIMA,0.15,ANCASH,DEPOSITOS,AHORRO PERSONAS NATURALES,CUENTA DE AHORRO EN DOLARES SIN COBRO DE MANTENIMIENTO,29-07-2025,,,,,,
CMAC AREQUIPA,0.15,ANCASH,DEPOSITOS,AHORRO PERSONAS NATURALES,CUENTA DE AHORRO EN DOLARES SIN COBRO DE MANTENIMIENTO,29-07-2025,,,,,,
BANCO RIPLEY,0.1,ANCASH,DEPOSITOS,AHORRO PERSONAS NATURALES,CUENTA DE AHORRO EN DOLARES SIN COBRO DE MANTENIMIENTO,29-07-2025,,,,,,
CMAC TRUJILLO,0.1,ANCASH,DEPOSITOS,AHORRO PERSONAS NATURALES,CUENTA DE AHORRO EN DOLARES SIN COBRO DE MANTENIMIENTO,29-07-2025,,,,,,
CMAC HUANCAYO,0.1,ANCASH,DEPOSITOS,AHORRO PERSONAS NATURALES,CUENTA DE AHORRO EN DOLARES SIN COBRO DE MANTENIMIENTO,29-07-2025,,,,,,
FINANCIERA CONFIANZA,0.01,ANCASH,DEPOSITOS,AHORRO PERSONAS NATURALES,CUENTA DE AHORRO EN DOLARES SIN COBRO DE MANTENIMIENTO,29-07-2025,,,,,,
COMPARTAMOS BANCO,0.01,ANCASH,DEPOSITOS,AHORRO PERSONAS NATURALES,CUENTA DE AHORRO EN DOLARES SIN COBRO DE MANTENIMIENTO,29-07-2025,,,,,,
BANBIF,0,ANCASH,DEPOSITOS,AHORRO PERSONAS NATURALES,CUENTA DE AHORRO EN DOLARES SIN COBRO DE MANTENIMIENTO,29-07-2025,,,,,,
BANCO DE CREDITO,0,ANCASH,DEPOSITOS,AHORRO PERSONAS NATURALES,CUENTA DE AHORRO EN DOLARES SIN COBRO DE MANTENIMIENTO,29-07-2025,,,,,,
BBVA,0,ANCASH,DEPOSITOS,AHORRO PERSONAS NATURALES,CUENTA DE AHORRO EN DOLARES SIN COBRO DE MANTENIMIENTO,29-07-2025,,,,,,
BANCO FALABELLA,0,ANCASH,DEPOSITOS,AHORRO PERSONAS NATURALES,CUENTA DE AHORRO EN DOLARES SIN COBRO DE MANTENIMIENTO,29-07-2025,,,,,,
BN. SANTANDER CONS.,0,ANCASH,DEPOSITOS,AHORRO PERSONAS NATURALES,CUENTA DE AHORRO EN DOLARES SIN COBRO DE MANTENIMIENTO,29-07-2025,,,,,,
INTERBANK,0,ANCASH,DEPOSITOS,AHORRO PERSONAS NATURALES,CUENTA DE AHORRO EN DOLARES SIN COBRO DE MANTENIMIENTO,29-07-2025,,,,,,
SCOTIABANK PERU,0,ANCASH,DEPOSITOS,AHORRO PERSONAS NATURALES,CUENTA DE AHORRO EN DOLARES SIN COBRO DE MANTENIMIENTO,29-07-2025,,,,,,
MIBANCO,0,ANCASH,DEPOSITOS,AHORRO PERSONAS NATURALES,CUENTA DE AHORRO EN DOLARES SIN COBRO DE MANTENIMIENTO,29-07-2025,,,,,,
BANCO RIPLEY,4.8,ANCASH,DEPOSITOS,AHORRO PERSONAS NATURALES,CUENTA DE AHORRO EN NUEVOS SOLES CON COBRO DE MANTENIMIENTO,29-07-2025,,,,,,
BANCO FALABELLA,4,ANCASH,DEPOSITOS,AHORRO PERSONAS NATURALES,CUENTA DE AHORRO EN NUEVOS SOLES CON COBRO DE MANTENIMIENTO,29-07-2025,,,,,,
MIBANCO,1,ANCASH,DEPOSITOS,AHORRO PERSONAS NATURALES,CUENTA DE AHORRO EN NUEVOS SOLES CON COBRO DE MANTENIMIENTO,29-07-2025,,,,,,
BANBIF,0.8,ANCASH,DEPOSITOS,AHORRO PERSONAS NATURALES,CUENTA DE AHORRO EN NUEVOS SOLES CON COBRO DE MANTENIMIENTO,29-07-2025,,,,,,
INTERBANK,0.5,ANCASH,DEPOSITOS,AHORRO PERSONAS NATURALES,CUENTA DE AHORRO EN NUEVOS SOLES CON COBRO DE MANTENIMIENTO,29-07-2025,,,,,,
CMAC AREQUIPA,0.3,ANCASH,DEPOSITOS,AHORRO PERSONAS NATURALES,CUENTA DE AHORRO EN NUEVOS SOLES CON COBRO DE MANTENIMIENTO,29-07-2025,,,,,,
CMAC CUSCO,0.3,ANCASH,DEPOSITOS,AHORRO PERSONAS NATURALES,CUENTA DE AHORRO EN NUEVOS SOLES CON COBRO DE MANTENIMIENTO,29-07-2025,,,,,,
BANCO DE CREDITO,0.25,ANCASH,DEPOSITOS,AHORRO PERSONAS NATURALES,CUENTA DE AHORRO EN NUEVOS SOLES CON COBRO DE MANTENIMIENTO,29-07-2025,,,,,,
SCOTIABANK PERU,0.25,ANCASH,DEPOSITOS,AHORRO PERSONAS NATURALES,CUENTA DE AHORRO EN NUEVOS SOLES CON COBRO DE MANTENIMIENTO,29-07-2025,,,,,,
ALFIN BANCO,0,ANCASH,DEPOSITOS,AHORRO PERSONAS NATURALES,CUENTA DE AHORRO EN NUEVOS SOLES CON COBRO DE MANTENIMIENTO,29-07-2025,,,,,,
BN. SANTANDER CONS.,0,ANCASH,DEPOSITOS,AHORRO PERSONAS NATURALES,CUENTA DE AHORRO EN NUEVOS SOLES CON COBRO DE MANTENIMIENTO,29-07-2025,,,,,,
CMAC PIURA,-3.79,ANCASH,DEPOSITOS,AHORRO PERSONAS NATURALES,CUENTA DE AHORRO EN NUEVOS SOLES CON COBRO DE MANTENIMIENTO,29-07-2025,,,,,,
BBVA,-9.6,ANCASH,DEPOSITOS,AHORRO PERSONAS NATURALES,CUENTA DE AHORRO EN NUEVOS SOLES CON COBRO DE MANTENIMIENTO,29-07-2025,,,,,,
FINANCIERA EFECTIVA,5,ANCASH,DEPOSITOS,AHORRO PERSONAS NATURALES,CUENTA DE AHORRO EN NUEVOS SOLES SIN COBRO DE MANTENIMIENTO,29-07-2025,,,,,,
BANCO PICHINCHA,4,ANCASH,DEPOSITOS,AHORRO PERSONAS NATURALES,CUENTA DE AHORRO EN NUEVOS SOLES SIN COBRO DE MANTENIMIENTO,29-07-2025,,,,,,
COMPARTAMOS BANCO,3.5,ANCASH,DEPOSITOS,AHORRO PERSONAS NATURALES,CUENTA DE AHORRO EN NUEVOS SOLES SIN COBRO DE MANTENIMIENTO,29-07-2025,,,,,,
CMCP LIMA,1,ANCASH,DEPOSITOS,AHORRO PERSONAS NATURALES,CUENTA DE AHORRO EN NUEVOS SOLES SIN COBRO DE MANTENIMIENTO,29-07-2025,,,,,,
FINANCIERA CONFIANZA,0.75,ANCASH,DEPOSITOS,AHORRO PERSONAS NATURALES,CUENTA DE AHORRO EN NUEVOS SOLES SIN COBRO DE MANTENIMIENTO,29-07-2025,,,,,,
CMAC DEL SANTA,0.6,ANCASH,DEPOSITOS,AHORRO PERSONAS NATURALES,CUENTA DE AHORRO EN NUEVOS SOLES SIN COBRO DE MANTENIMIENTO,29-07-2025,,,,,,
CMAC TRUJILLO,0.6,ANCASH,DEPOSITOS,AHORRO PERSONAS NATURALES,CUENTA DE AHORRO EN NUEVOS SOLES SIN COBRO DE MANTENIMIENTO,29-07-2025,,,,,,
CMAC PIURA,0.35,ANCASH,DEPOSITOS,AHORRO PERSONAS NATURALES,CUENTA DE AHORRO EN NUEVOS SOLES SIN COBRO DE MANTENIMIENTO,29-07-2025,,,,,,
CMAC HUANCAYO,0.3,ANCASH,DEPOSITOS,AHORRO PERSONAS NATURALES,CUENTA DE AHORRO EN NUEVOS SOLES SIN COBRO DE MANTENIMIENTO,29-07-2025,,,,,,
CMAC AREQUIPA,0.3,ANCASH,DEPOSITOS,AHORRO PERSONAS NATURALES,CUENTA DE AHORRO EN NUEVOS SOLES SIN COBRO DE MANTENIMIENTO,29-07-2025,,,,,,
BANCO RIPLEY,0.15,ANCASH,DEPOSITOS,AHORRO PERSONAS NATURALES,CUENTA DE AHORRO EN NUEVOS SOLES SIN COBRO DE MANTENIMIENTO,29-07-2025,,,,,,
BANBIF,0,ANCASH,DEPOSITOS,AHORRO PERSONAS NATURALES,CUENTA DE AHORRO EN NUEVOS SOLES SIN COBRO DE MANTENIMIENTO,29-07-2025,,,,,,
BANCO DE CREDITO,0,ANCASH,DEPOSITOS,AHORRO PERSONAS NATURALES,CUENTA DE AHORRO EN NUEVOS SOLES SIN COBRO DE MANTENIMIENTO,29-07-2025,,,,,,
BBVA,0,ANCASH,DEPOSITOS,AHORRO PERSONAS NATURALES,CUENTA DE AHORRO EN NUEVOS SOLES SIN COBRO DE MANTENIMIENTO,29-07-2025,,,,,,
BANCO FALABELLA,0,ANCASH,DEPOSITOS,AHORRO PERSONAS NATURALES,CUENTA DE AHORRO EN NUEVOS SOLES SIN COBRO DE MANTENIMIENTO,29-07-2025,,,,,,
BN. SANTANDER CONS.,0,ANCASH,DEPOSITOS,AHORRO PERSONAS NATURALES,CUENTA DE AHORRO EN NUEVOS SOLES SIN COBRO DE MANTENIMIENTO,29-07-2025,,,,,,
INTERBANK,0,ANCASH,DEPOSITOS,AHORRO PERSONAS NATURALES,CUENTA DE AHORRO EN NUEVOS SOLES SIN COBRO DE MANTENIMIENTO,29-07-2025,,,,,,
SCOTIABANK PERU,0,ANCASH,DEPOSITOS,AHORRO PERSONAS NATURALES,CUENTA DE AHORRO EN NUEVOS SOLES SIN COBRO DE MANTENIMIENTO,29-07-2025,,,,,,
MIBANCO,0,ANCASH,DEPOSITOS,AHORRO PERSONAS NATURALES,CUENTA DE AHORRO EN NUEVOS SOLES SIN COBRO DE MANTENIMIENTO,29-07-2025,,,,,,
CMAC PIURA,,ANCASH,DEPOSITOS,CTS,RENDIMIENTO ASOCIADO A LOS DEPOSITOS CTS,29-07-2025,6.5,7,0.9,1,,
CMAC DEL SANTA,,ANCASH,DEPOSITOS,CTS,RENDIMIENTO ASOCIADO A LOS DEPOSITOS CTS,29-07-2025,6.5,6.5,0.25,0.25,,
FINANCIERA OH,,ANCASH,DEPOSITOS,CTS,RENDIMIENTO ASOCIADO A LOS DEPOSITOS CTS,29-07-2025,6.5,6.5,0,0,,
CMCP LIMA,,ANCASH,DEPOSITOS,CTS,RENDIMIENTO ASOCIADO A LOS DEPOSITOS CTS,29-07-2025,6.3,6.5,1,1,,
CRAC CENCOSUD SCOTIA,,ANCASH,DEPOSITOS,CTS,RENDIMIENTO ASOCIADO A LOS DEPOSITOS CTS,29-07-2025,5.75,5.75,0,0,,
FINANCIERA CONFIANZA,,ANCASH,DEPOSITOS,CTS,RENDIMIENTO ASOCIADO A LOS DEPOSITOS CTS,29-07-2025,5.5,6,0.01,0.01,,
BN. SANTANDER CONS.,,ANCASH,DEPOSITOS,CTS,RENDIMIENTO ASOCIADO A LOS DEPOSITOS CTS,29-07-2025,5.5,5.5,0.8,0.8,,
CMAC TRUJILLO,,ANCASH,DEPOSITOS,CTS,RENDIMIENTO ASOCIADO A LOS DEPOSITOS CTS,29-07-2025,5.5,7.5,0.25,0.5,,
COMPARTAMOS BANCO,,ANCASH,DEPOSITOS,CTS,RENDIMIENTO ASOCIADO A LOS DEPOSITOS CTS,29-07-2025,5.5,6,0.2,0.2,,
BANCO RIPLEY,,ANCASH,DEPOSITOS,CTS,RENDIMIENTO ASOCIADO A LOS DEPOSITOS CTS,29-07-2025,5.25,5.25,1,1,,
BANCO FALABELLA,,ANCASH,DEPOSITOS,CTS,RENDIMIENTO ASOCIADO A LOS DEPOSITOS CTS,29-07-2025,5,6,1.5,1.75,,
CMAC HUANCAYO,,ANCASH,DEPOSITOS,CTS,RENDIMIENTO ASOCIADO A LOS DEPOSITOS CTS,29-07-2025,5,6,1,1,,
CMAC CUSCO,,ANCASH,DEPOSITOS,CTS,RENDIMIENTO ASOCIADO A LOS DEPOSITOS CTS,29-07-2025,5,6.5,0.25,0.25,,
CMAC AREQUIPA,,ANCASH,DEPOSITOS,CTS,RENDIMIENTO ASOCIADO A LOS DEPOSITOS CTS,29-07-2025,4.75,5.75,0.25,0.4,,
MIBANCO,,ANCASH,DEPOSITOS,CTS,RENDIMIENTO ASOCIADO A LOS DEPOSITOS CTS,29-07-2025,3.75,5.75,1,1.3,,
BANBIF,,ANCASH,DEPOSITOS,CTS,RENDIMIENTO ASOCIADO A LOS DEPOSITOS CTS,29-07-2025,1.75,3,0.8,1.3,,
BBVA,,ANCASH,DEPOSITOS,CTS,RENDIMIENTO ASOCIADO A LOS DEPOSITOS CTS,29-07-2025,1.1,2.6,0.6,1.1,,
BANCO DE CREDITO,,ANCASH,DEPOSITOS,CTS,RENDIMIENTO ASOCIADO A LOS DEPOSITOS CTS,29-07-2025,1,3,0.5,1.25,,
SCOTIABANK PERU,,ANCASH,DEPOSITOS,CTS,RENDIMIENTO ASOCIADO A LOS DEPOSITOS CTS,29-07-2025,0.3,2.6,0.15,1.1,,
INTERBANK,,ANCASH,DEPOSITOS,CTS,RENDIMIENTO ASOCIADO A LOS DEPOSITOS CTS,29-07-2025,0.25,1.5,0.1,0.7,,
BANCO FALABELLA,,ANCASH,DEPOSITOS,PLAZO FIJO EN DOLARES,DEPOSITOS A PLAZO POR US$. 1 500 A 360 DIAS,29-07-2025,,,,,2,
BANCO PICHINCHA,,ANCASH,DEPOSITOS,PLAZO FIJO EN DOLARES,DEPOSITOS A PLAZO POR US$. 1 500 A 360 DIAS,29-07-2025,,,,,1,
SCOTIABANK PERU,,ANCASH,DEPOSITOS,PLAZO FIJO EN DOLARES,DEPOSITOS A PLAZO POR US$. 1 500 A 360 DIAS,29-07-2025,,,,,0.95,
BN. SANTANDER CONS.,,ANCASH,DEPOSITOS,PLAZO FIJO EN DOLARES,DEPOSITOS A PLAZO POR US$. 1 500 A 360 DIAS,29-07-2025,,,,,0.8,
BBVA,,ANCASH,DEPOSITOS,PLAZO FIJO EN DOLARES,DEPOSITOS A PLAZO POR US$. 1 500 A 360 DIAS,29-07-2025,,,,,0.75,
CMCP LIMA,,ANCASH,DEPOSITOS,PLAZO FIJO EN DOLARES,DEPOSITOS A PLAZO POR US$. 1 500 A 360 DIAS,29-07-2025,,,,,0.45,
ALFIN BANCO,,ANCASH,DEPOSITOS,PLAZO FIJO EN DOLARES,DEPOSITOS A PLAZO POR US$. 1 500 A 360 DIAS,29-07-2025,,,,,0.4,
BANBIF,,ANCASH,DEPOSITOS,PLAZO FIJO EN DOLARES,DEPOSITOS A PLAZO POR US$. 1 500 A 360 DIAS,29-07-2025,,,,,0.4,
CMAC HUANCAYO,,ANCASH,DEPOSITOS,PLAZO FIJO EN DOLARES,DEPOSITOS A PLAZO POR US$. 1 500 A 360 DIAS,29-07-2025,,,,,0.35,
MIBANCO,,ANCASH,DEPOSITOS,PLAZO FIJO EN DOLARES,DEPOSITOS A PLAZO POR US$. 1 500 A 360 DIAS,29-07-2025,,,,,0.35,
CMAC PIURA,,ANCASH,DEPOSITOS,PLAZO FIJO EN DOLARES,DEPOSITOS A PLAZO POR US$. 1 500 A 360 DIAS,29-07-2025,,,,,0.3,
INTERBANK,,ANCASH,DEPOSITOS,PLAZO FIJO EN DOLARES,DEPOSITOS A PLAZO POR US$. 1 500 A 360 DIAS,29-07-2025,,,,,0.3,
CMAC AREQUIPA,,ANCASH,DEPOSITOS,PLAZO FIJO EN DOLARES,DEPOSITOS A PLAZO POR US$. 1 500 A 360 DIAS,29-07-2025,,,,,0.3,
BANCO RIPLEY,,ANCASH,DEPOSITOS,PLAZO FIJO EN DOLARES,DEPOSITOS A PLAZO POR US$. 1 500 A 360 DIAS,29-07-2025,,,,,0.25,
BANCO DE CREDITO,,ANCASH,DEPOSITOS,PLAZO FIJO EN DOLARES,DEPOSITOS A PLAZO POR US$. 1 500 A 360 DIAS,29-07-2025,,,,,0.2,
CMAC DEL SANTA,,ANCASH,DEPOSITOS,PLAZO FIJO EN DOLARES,DEPOSITOS A PLAZO POR US$. 1 500 A 360 DIAS,29-07-2025,,,,,0.2,
CRAC CENCOSUD SCOTIA,,ANCASH,DEPOSITOS,PLAZO FIJO EN DOLARES,DEPOSITOS A PLAZO POR US$. 1 500 A 360 DIAS,29-07-2025,,,,,0.2,
CMAC TRUJILLO,,ANCASH,DEPOSITOS,PLAZO FIJO EN DOLARES,DEPOSITOS A PLAZO POR US$. 1 500 A 360 DIAS,29-07-2025,,,,,0.11,
FINANCIERA CONFIANZA,,ANCASH,DEPOSITOS,PLAZO FIJO EN DOLARES,DEPOSITOS A PLAZO POR US$. 1 500 A 360 DIAS,29-07-2025,,,,,0.01,
CMAC CUSCO,,ANCASH,DEPOSITOS,PLAZO FIJO EN DOLARES,DEPOSITOS A PLAZO POR US$. 1 500 A 360 DIAS,29-07-2025,,,,,0.01,
BANCO FALABELLA,,ANCASH,DEPOSITOS,PLAZO FIJO EN DOLARES,DEPOSITOS A PLAZO POR US$. 10 000 A 360 DIAS,29-07-2025,,,,,2,
BANCO PICHINCHA,,ANCASH,DEPOSITOS,PLAZO FIJO EN DOLARES,DEPOSITOS A PLAZO POR US$. 10 000 A 360 DIAS,29-07-2025,,,,,1,
SCOTIABANK PERU,,ANCASH,DEPOSITOS,PLAZO FIJO EN DOLARES,DEPOSITOS A PLAZO POR US$. 10 000 A 360 DIAS,29-07-2025,,,,,0.95,
BN. SANTANDER CONS.,,ANCASH,DEPOSITOS,PLAZO FIJO EN DOLARES,DEPOSITOS A PLAZO POR US$. 10 000 A 360 DIAS,29-07-2025,,,,,0.8,
BBVA,,ANCASH,DEPOSITOS,PLAZO FIJO EN DOLARES,DEPOSITOS A PLAZO POR US$. 10 000 A 360 DIAS,29-07-2025,,,,,0.75,
BANBIF,,ANCASH,DEPOSITOS,PLAZO FIJO EN DOLARES,DEPOSITOS A PLAZO POR US$. 10 000 A 360 DIAS,29-07-2025,,,,,0.5,
CMCP LIMA,,ANCASH,DEPOSITOS,PLAZO FIJO EN DOLARES,DEPOSITOS A PLAZO POR US$. 10 000 A 360 DIAS,29-07-2025,,,,,0.45,
ALFIN BANCO,,ANCASH,DEPOSITOS,PLAZO FIJO EN DOLARES,DEPOSITOS A PLAZO POR US$. 10 000 A 360 DIAS,29-07-2025,,,,,0.4,
CMAC HUANCAYO,,ANCASH,DEPOSITOS,PLAZO FIJO EN DOLARES,DEPOSITOS A PLAZO POR US$. 10 000 A 360 DIAS,29-07-2025,,,,,0.4,
CMAC AREQUIPA,,ANCASH,DEPOSITOS,PLAZO FIJO EN DOLARES,DEPOSITOS A PLAZO POR US$. 10 000 A 360 DIAS,29-07-2025,,,,,0.35,
MIBANCO,,ANCASH,DEPOSITOS,PLAZO FIJO EN DOLARES,DEPOSITOS A PLAZO POR US$. 10 000 A 360 DIAS,29-07-2025,,,,,0.35,
CMAC PIURA,,ANCASH,DEPOSITOS,PLAZO FIJO EN DOLARES,DEPOSITOS A PLAZO POR US$. 10 000 A 360 DIAS,29-07-2025,,,,,0.3,
INTERBANK,,ANCASH,DEPOSITOS,PLAZO FIJO EN DOLARES,DEPOSITOS A PLAZO POR US$. 10 000 A 360 DIAS,29-07-2025,,,,,0.3,
BANCO DE CREDITO,,ANCASH,DEPOSITOS,PLAZO FIJO EN DOLARES,DEPOSITOS A PLAZO POR US$. 10 000 A 360 DIAS,29-07-2025,,,,,0.25,
BANCO RIPLEY,,ANCASH,DEPOSITOS,PLAZO FIJO EN DOLARES,DEPOSITOS A PLAZO POR US$. 10 000 A 360 DIAS,29-07-2025,,,,,0.25,
CMAC DEL SANTA,,ANCASH,DEPOSITOS,PLAZO FIJO EN DOLARES,DEPOSITOS A PLAZO POR US$. 10 000 A 360 DIAS,29-07-2025,,,,,0.25,
CRAC CENCOSUD SCOTIA,,ANCASH,DEPOSITOS,PLAZO FIJO EN DOLARES,DEPOSITOS A PLAZO POR US$. 10 000 A 360 DIAS,29-07-2025,,,,,0.2,
CMAC TRUJILLO,,ANCASH,DEPOSITOS,PLAZO FIJO EN DOLARES,DEPOSITOS A PLAZO POR US$. 10 000 A 360 DIAS,29-07-2025,,,,,0.11,
CMAC CUSCO,,ANCASH,DEPOSITOS,PLAZO FIJO EN DOLARES,DEPOSITOS A PLAZO POR US$. 10 000 A 360 DIAS,29-07-2025,,,,,0.1,
FINANCIERA CONFIANZA,,ANCASH,DEPOSITOS,PLAZO FIJO EN DOLARES,DEPOSITOS A PLAZO POR US$. 10 000 A 360 DIAS,29-07-2025,,,,,0.01,
COMPARTAMOS BANCO,,ANCASH,DEPOSITOS,PLAZO FIJO EN DOLARES,DEPOSITOS A PLAZO POR US$. 10 000 A 360 DIAS,29-07-2025,,,,,0.01,
BANCO FALABELLA,,ANCASH,DEPOSITOS,PLAZO FIJO EN DOLARES,DEPOSITOS A PLAZO POR US$. 3 000 A 360 DIAS,29-07-2025,,,,,2,
BANCO PICHINCHA,,ANCASH,DEPOSITOS,PLAZO FIJO EN DOLARES,DEPOSITOS A PLAZO POR US$. 3 000 A 360 DIAS,29-07-2025,,,,,1,
SCOTIABANK PERU,,ANCASH,DEPOSITOS,PLAZO FIJO EN DOLARES,DEPOSITOS A PLAZO POR US$. 3 000 A 360 DIAS,29-07-2025,,,,,0.95,
BN. SANTANDER CONS.,,ANCASH,DEPOSITOS,PLAZO FIJO EN DOLARES,DEPOSITOS A PLAZO POR US$. 3 000 A 360 DIAS,29-07-2025,,,,,0.8,
BBVA,,ANCASH,DEPOSITOS,PLAZO FIJO EN DOLARES,DEPOSITOS A PLAZO POR US$. 3 000 A 360 DIAS,29-07-2025,,,,,0.75,
ALFIN BANCO,,ANCASH,DEPOSITOS,PLAZO FIJO EN DOLARES,DEPOSITOS A PLAZO POR US$. 3 000 A 360 DIAS,29-07-2025,,,,,0.4,
BANBIF,,ANCASH,DEPOSITOS,PLAZO FIJO EN DOLARES,DEPOSITOS A PLAZO POR US$. 3 000 A 360 DIAS,29-07-2025,,,,,0.4,
CMAC HUANCAYO,,ANCASH,DEPOSITOS,PLAZO FIJO EN DOLARES,DEPOSITOS A PLAZO POR US$. 3 000 A 360 DIAS,29-07-2025,,,,,0.35,
MIBANCO,,ANCASH,DEPOSITOS,PLAZO FIJO EN DOLARES,DEPOSITOS A PLAZO POR US$. 3 000 A 360 DIAS,29-07-2025,,,,,0.35,
CMAC PIURA,,ANCASH,DEPOSITOS,PLAZO FIJO EN DOLARES,DEPOSITOS A PLAZO POR US$. 3 000 A 360 DIAS,29-07-2025,,,,,0.3,
INTERBANK,,ANCASH,DEPOSITOS,PLAZO FIJO EN DOLARES,DEPOSITOS A PLAZO POR US$. 3 000 A 360 DIAS,29-07-2025,,,,,0.3,
CMAC AREQUIPA,,ANCASH,DEPOSITOS,PLAZO FIJO EN DOLARES,DEPOSITOS A PLAZO POR US$. 3 000 A 360 DIAS,29-07-2025,,,,,0.3,
BANCO RIPLEY,,ANCASH,DEPOSITOS,PLAZO FIJO EN DOLARES,DEPOSITOS A PLAZO POR US$. 3 000 A 360 DIAS,29-07-2025,,,,,0.25,
BANCO DE CREDITO,,ANCASH,DEPOSITOS,PLAZO FIJO EN DOLARES,DEPOSITOS A PLAZO POR US$. 3 000 A 360 DIAS,29-07-2025,,,,,0.2,
CMAC DEL SANTA,,ANCASH,DEPOSITOS,PLAZO FIJO EN DOLARES,DEPOSITOS A PLAZO POR US$. 3 000 A 360 DIAS,29-07-2025,,,,,0.2,
CRAC CENCOSUD SCOTIA,,ANCASH,DEPOSITOS,PLAZO FIJO EN DOLARES,DEPOSITOS A PLAZO POR US$. 3 000 A 360 DIAS,29-07-2025,,,,,0.2,
CMAC TRUJILLO,,ANCASH,DEPOSITOS,PLAZO FIJO EN DOLARES,DEPOSITOS A PLAZO POR US$. 3 000 A 360 DIAS,29-07-2025,,,,,0.11,
FINANCIERA CONFIANZA,,ANCASH,DEPOSITOS,PLAZO FIJO EN DOLARES,DEPOSITOS A PLAZO POR US$. 3 000 A 360 DIAS,29-07-2025,,,,,0.01,
CMAC CUSCO,,ANCASH,DEPOSITOS,PLAZO FIJO EN DOLARES,DEPOSITOS A PLAZO POR US$. 3 000 A 360 DIAS,29-07-2025,,,,,0.01,
FINANCIERA EFECTIVA,,ANCASH,DEPOSITOS,PLAZO FIJO EN SOLES,DEPOSITOS A PLAZO POR S/. 5 000 A 360 DIAS,29-07-2025,,,,,5.25,
BANCO RIPLEY,,ANCASH,DEPOSITOS,PLAZO FIJO EN SOLES,DEPOSITOS A PLAZO POR S/. 5 000 A 360 DIAS,29-07-2025,,,,,4.25,
BANCO FALABELLA,,ANCASH,DEPOSITOS,PLAZO FIJO EN SOLES,DEPOSITOS A PLAZO POR S/. 5 000 A 360 DIAS,29-07-2025,,,,,4,
CRAC LOS ANDES,,ANCASH,DEPOSITOS,PLAZO FIJO EN SOLES,DEPOSITOS A PLAZO POR S/. 5 000 A 360 DIAS,29-07-2025,,,,,4,
CRAC CENCOSUD SCOTIA,,ANCASH,DEPOSITOS,PLAZO FIJO EN SOLES,DEPOSITOS A PLAZO POR S/. 5 000 A 360 DIAS,29-07-2025,,,,,4,
CMAC TRUJILLO,,ANCASH,DEPOSITOS,PLAZO FIJO EN SOLES,DEPOSITOS A PLAZO POR S/. 5 000 A 360 DIAS,29-07-2025,,,,,3.55,
FINANCIERA CONFIANZA,,ANCASH,DEPOSITOS,PLAZO FIJO EN SOLES,DEPOSITOS A PLAZO POR S/. 5 000 A 360 DIAS,29-07-2025,,,,,3.5,
BBVA,,ANCASH,DEPOSITOS,PLAZO FIJO EN SOLES,DEPOSITOS A PLAZO POR S/. 5 000 A 360 DIAS,29-07-2025,,,,,3.5,
CMCP LIMA,,ANCASH,DEPOSITOS,PLAZO FIJO EN SOLES,DEPOSITOS A PLAZO POR S/. 5 000 A 360 DIAS,29-07-2025,,,,,3.4,
COMPARTAMOS BANCO,,ANCASH,DEPOSITOS,PLAZO FIJO EN SOLES,DEPOSITOS A PLAZO POR S/. 5 000 A 360 DIAS,29-07-2025,,,,,3.3,
CMAC PIURA,,ANCASH,DEPOSITOS,PLAZO FIJO EN SOLES,DEPOSITOS A PLAZO POR S/. 5 000 A 360 DIAS,29-07-2025,,,,,3,
CMAC HUANCAYO,,ANCASH,DEPOSITOS,PLAZO FIJO EN SOLES,DEPOSITOS A PLAZO POR S/. 5 000 A 360 DIAS,29-07-2025,,,,,2.85,
BN. SANTANDER CONS.,,ANCASH,DEPOSITOS,PLAZO FIJO EN SOLES,DEPOSITOS A PLAZO POR S/. 5 000 A 360 DIAS,29-07-2025,,,,,2.8,
CMAC DEL SANTA,,ANCASH,DEPOSITOS,PLAZO FIJO EN SOLES,DEPOSITOS A PLAZO POR S/. 5 000 A 360 DIAS,29-07-2025,,,,,2.6,
CMAC CUSCO,,ANCASH,DEPOSITOS,PLAZO FIJO EN SOLES,DEPOSITOS A PLAZO POR S/. 5 000 A 360 DIAS,29-07-2025,,,,,2.6,
ALFIN BANCO,,ANCASH,DEPOSITOS,PLAZO FIJO EN SOLES,DEPOSITOS A PLAZO POR S/. 5 000 A 360 DIAS,29-07-2025,,,,,2.5,
CMAC AREQUIPA,,ANCASH,DEPOSITOS,PLAZO FIJO EN SOLES,DEPOSITOS A PLAZO POR S/. 5 000 A 360 DIAS,29-07-2025,,,,,1.7,
BANBIF,,ANCASH,DEPOSITOS,PLAZO FIJO EN SOLES,DEPOSITOS A PLAZO POR S/. 5 000 A 360 DIAS,29-07-2025,,,,,1.4,
MIBANCO,,ANCASH,DEPOSITOS,PLAZO FIJO EN SOLES,DEPOSITOS A PLAZO POR S/. 5 000 A 360 DIAS,29-07-2025,,,,,1.15,
BANCO PICHINCHA,,ANCASH,DEPOSITOS,PLAZO FIJO EN SOLES,DEPOSITOS A PLAZO POR S/. 5 000 A 360 DIAS,29-07-2025,,,,,1,
SCOTIABANK PERU,,ANCASH,DEPOSITOS,PLAZO FIJO EN SOLES,DEPOSITOS A PLAZO POR S/. 5 000 A 360 DIAS,29-07-2025,,,,,0.75,
INTERBANK,,ANCASH,DEPOSITOS,PLAZO FIJO EN SOLES,DEPOSITOS A PLAZO POR S/. 5 000 A 360 DIAS,29-07-2025,,,,,0.5,
BANCO DE CREDITO,,ANCASH,DEPOSITOS,PLAZO FIJO EN SOLES,DEPOSITOS A PLAZO POR S/. 5 000 A 360 DIAS,29-07-2025,,,,,0.2,
FINANCIERA EFECTIVA,,ANCASH,DEPOSITOS,PLAZO FIJO EN SOLES,DEPOSITOS A PLAZO POR S/. 10 000 A 360 DIAS,29-07-2025,,,,,,5.25
BANCO RIPLEY,,ANCASH,DEPOSITOS,PLAZO FIJO EN SOLES,DEPOSITOS A PLAZO POR S/. 10 000 A 360 DIAS,29-07-2025,,,,,,4.25
BANCO FALABELLA,,ANCASH,DEPOSITOS,PLAZO FIJO EN SOLES,DEPOSITOS A PLAZO POR S/. 10 000 A 360 DIAS,29-07-2025,,,,,,4
CRAC CENCOSUD SCOTIA,,ANCASH,DEPOSITOS,PLAZO FIJO EN SOLES,DEPOSITOS A PLAZO POR S/. 10 000 A 360 DIAS,29-07-2025,,,,,,4
CMAC TRUJILLO,,ANCASH,DEPOSITOS,PLAZO FIJO EN SOLES,DEPOSITOS A PLAZO POR S/. 10 000 A 360 DIAS,29-07-2025,,,,,,3.55
FINANCIERA CONFIANZA,,ANCASH,DEPOSITOS,PLAZO FIJO EN SOLES,DEPOSITOS A PLAZO POR S/. 10 000 A 360 DIAS,29-07-2025,,,,,,3.5
BBVA,,ANCASH,DEPOSITOS,PLAZO FIJO EN SOLES,DEPOSITOS A PLAZO POR S/. 10 000 A 360 DIAS,29-07-2025,,,,,,3.5
CMCP LIMA,,ANCASH,DEPOSITOS,PLAZO FIJO EN SOLES,DEPOSITOS A PLAZO POR S/. 10 000 A 360 DIAS,29-07-2025,,,,,,3.4
COMPARTAMOS BANCO,,ANCASH,DEPOSITOS,PLAZO FIJO EN SOLES,DEPOSITOS A PLAZO POR S/. 10 000 A 360 DIAS,29-07-2025,,,,,,3.3
CMAC PIURA,,ANCASH,DEPOSITOS,PLAZO FIJO EN SOLES,DEPOSITOS A PLAZO POR S/. 10 000 A 360 DIAS,29-07-2025,,,,,,3
CMAC HUANCAYO,,ANCASH,DEPOSITOS,PLAZO FIJO EN SOLES,DEPOSITOS A PLAZO POR S/. 10 000 A 360 DIAS,29-07-2025,,,,,,2.85
BN. SANTANDER CONS.,,ANCASH,DEPOSITOS,PLAZO FIJO EN SOLES,DEPOSITOS A PLAZO POR S/. 10 000 A 360 DIAS,29-07-2025,,,,,,2.8
CMAC DEL SANTA,,ANCASH,DEPOSITOS,PLAZO FIJO EN SOLES,DEPOSITOS A PLAZO POR S/. 10 000 A 360 DIAS,29-07-2025,,,,,,2.6
CMAC CUSCO,,ANCASH,DEPOSITOS,PLAZO FIJO EN SOLES,DEPOSITOS A PLAZO POR S/. 10 000 A 360 DIAS,29-07-2025,,,,,,2.6
ALFIN BANCO,,ANCASH,DEPOSITOS,PLAZO FIJO EN SOLES,DEPOSITOS A PLAZO POR S/. 10 000 A 360 DIAS,29-07-2025,,,,,,2.5
CMAC AREQUIPA,,ANCASH,DEPOSITOS,PLAZO FIJO EN SOLES,DEPOSITOS A PLAZO POR S/. 10 000 A 360 DIAS,29-07-2025,,,,,,1.7
BANBIF,,ANCASH,DEPOSITOS,PLAZO FIJO EN SOLES,DEPOSITOS A PLAZO POR S/. 10 000 A 360 DIAS,29-07-2025,,,,,,1.4
MIBANCO,,ANCASH,DEPOSITOS,PLAZO FIJO EN SOLES,DEPOSITOS A PLAZO POR S/. 10 000 A 360 DIAS,29-07-2025,,,,,,1.15
BANCO PICHINCHA,,ANCASH,DEPOSITOS,PLAZO FIJO EN SOLES,DEPOSITOS A PLAZO POR S/. 10 000 A 360 DIAS,29-07-2025,,,,,,1
SCOTIABANK PERU,,ANCASH,DEPOSITOS,PLAZO FIJO EN SOLES,DEPOSITOS A PLAZO POR S/. 10 000 A 360 DIAS,29-07-2025,,,,,,0.75
INTERBANK,,ANCASH,DEPOSITOS,PLAZO FIJO EN SOLES,DEPOSITOS A PLAZO POR S/. 10 000 A 360 DIAS,29-07-2025,,,,,,0.5
BANCO DE CREDITO,,ANCASH,DEPOSITOS,PLAZO FIJO EN SOLES,DEPOSITOS A PLAZO POR S/. 10 000 A 360 DIAS,29-07-2025,,,,,,0.25
FINANCIERA EFECTIVA,,ANCASH,DEPOSITOS,PLAZO FIJO EN SOLES,DEPOSITOS A PLAZO POR S/. 2 500 A 360 DIAS,29-07-2025,,,,,5.25,
BANCO RIPLEY,,ANCASH,DEPOSITOS,PLAZO FIJO EN SOLES,DEPOSITOS A PLAZO POR S/. 2 500 A 360 DIAS,29-07-2025,,,,,4.25,
BANCO FALABELLA,,ANCASH,DEPOSITOS,PLAZO FIJO EN SOLES,DEPOSITOS A PLAZO POR S/. 2 500 A 360 DIAS,29-07-2025,,,,,4,
CRAC CENCOSUD SCOTIA,,ANCASH,DEPOSITOS,PLAZO FIJO EN SOLES,DEPOSITOS A PLAZO POR S/. 2 500 A 360 DIAS,29-07-2025,,,,,4,
FINANCIERA CONFIANZA,,ANCASH,DEPOSITOS,PLAZO FIJO EN SOLES,DEPOSITOS A PLAZO POR S/. 2 500 A 360 DIAS,29-07-2025,,,,,3.5,
BBVA,,ANCASH,DEPOSITOS,PLAZO FIJO EN SOLES,DEPOSITOS A PLAZO POR S/. 2 500 A 360 DIAS,29-07-2025,,,,,3.5,
CMCP LIMA,,ANCASH,DEPOSITOS,PLAZO FIJO EN SOLES,DEPOSITOS A PLAZO POR S/. 2 500 A 360 DIAS,29-07-2025,,,,,3.4,
COMPARTAMOS BANCO,,ANCASH,DEPOSITOS,PLAZO FIJO EN SOLES,DEPOSITOS A PLAZO POR S/. 2 500 A 360 DIAS,29-07-2025,,,,,3.3,
CMAC TRUJILLO,,ANCASH,DEPOSITOS,PLAZO FIJO EN SOLES,DEPOSITOS A PLAZO POR S/. 2 500 A 360 DIAS,29-07-2025,,,,,3.2,
CMAC PIURA,,ANCASH,DEPOSITOS,PLAZO FIJO EN SOLES,DEPOSITOS A PLAZO POR S/. 2 500 A 360 DIAS,29-07-2025,,,,,3,
CMAC HUANCAYO,,ANCASH,DEPOSITOS,PLAZO FIJO EN SOLES,DEPOSITOS A PLAZO POR S/. 2 500 A 360 DIAS,29-07-2025,,,,,2.85,
BN. SANTANDER CONS.,,ANCASH,DEPOSITOS,PLAZO FIJO EN SOLES,DEPOSITOS A PLAZO POR S/. 2 500 A 360 DIAS,29-07-2025,,,,,2.8,
CMAC DEL SANTA,,ANCASH,DEPOSITOS,PLAZO FIJO EN SOLES,DEPOSITOS A PLAZO POR S/. 2 500 A 360 DIAS,29-07-2025,,,,,2.6,
CMAC CUSCO,,ANCASH,DEPOSITOS,PLAZO FIJO EN SOLES,DEPOSITOS A PLAZO POR S/. 2 500 A 360 DIAS,29-07-2025,,,,,2.6,
ALFIN BANCO,,ANCASH,DEPOSITOS,PLAZO FIJO EN SOLES,DEPOSITOS A PLAZO POR S/. 2 500 A 360 DIAS,29-07-2025,,,,,2.5,
CMAC AREQUIPA,,ANCASH,DEPOSITOS,PLAZO FIJO EN SOLES,DEPOSITOS A PLAZO POR S/. 2 500 A 360 DIAS,29-07-2025,,,,,1.7,
BANBIF,,ANCASH,DEPOSITOS,PLAZO FIJO EN SOLES,DEPOSITOS A PLAZO POR S/. 2 500 A 360 DIAS,29-07-2025,,,,,1.4,
MIBANCO,,ANCASH,DEPOSITOS,PLAZO FIJO EN SOLES,DEPOSITOS A PLAZO POR S/. 2 500 A 360 DIAS,29-07-2025,,,,,1.15,
BANCO PICHINCHA,,ANCASH,DEPOSITOS,PLAZO FIJO EN SOLES,DEPOSITOS A PLAZO POR S/. 2 500 A 360 DIAS,29-07-2025,,,,,1,
SCOTIABANK PERU,,ANCASH,DEPOSITOS,PLAZO FIJO EN SOLES,DEPOSITOS A PLAZO POR S/. 2 500 A 360 DIAS,29-07-2025,,,,,0.75,
INTERBANK,,ANCASH,DEPOSITOS,PLAZO FIJO EN SOLES,DEPOSITOS A PLAZO POR S/. 2 500 A 360 DIAS,29-07-2025,,,,,0.5,
BANCO DE CREDITO,,ANCASH,DEPOSITOS,PLAZO FIJO EN SOLES,DEPOSITOS A PLAZO POR S/. 2 500 A 360 DIAS,29-07-2025,,,,,0.2,
FINANCIERA EFECTIVA,,ANCASH,DEPOSITOS,PLAZO FIJO EN SOLES,DEPOSITOS A PLAZO POR S/. 20 000 A 360 DIAS,29-07-2025,,,,,5.25,
BANCO RIPLEY,,ANCASH,DEPOSITOS,PLAZO FIJO EN SOLES,DEPOSITOS A PLAZO POR S/. 20 000 A 360 DIAS,29-07-2025,,,,,4.25,
BANCO FALABELLA,,ANCASH,DEPOSITOS,PLAZO FIJO EN SOLES,DEPOSITOS A PLAZO POR S/. 20 000 A 360 DIAS,29-07-2025,,,,,4,
CRAC CENCOSUD SCOTIA,,ANCASH,DEPOSITOS,PLAZO FIJO EN SOLES,DEPOSITOS A PLAZO POR S/. 20 000 A 360 DIAS,29-07-2025,,,,,4,
CMAC TRUJILLO,,ANCASH,DEPOSITOS,PLAZO FIJO EN SOLES,DEPOSITOS A PLAZO POR S/. 20 000 A 360 DIAS,29-07-2025,,,,,3.85,
FINANCIERA CONFIANZA,,ANCASH,DEPOSITOS,PLAZO FIJO EN SOLES,DEPOSITOS A PLAZO POR S/. 20 000 A 360 DIAS,29-07-2025,,,,,3.5,
BBVA,,ANCASH,DEPOSITOS,PLAZO FIJO EN SOLES,DEPOSITOS A PLAZO POR S/. 20 000 A 360 DIAS,29-07-2025,,,,,3.5,
CMCP LIMA,,ANCASH,DEPOSITOS,PLAZO FIJO EN SOLES,DEPOSITOS A PLAZO POR S/. 20 000 A 360 DIAS,29-07-2025,,,,,3.4,
COMPARTAMOS BANCO,,ANCASH,DEPOSITOS,PLAZO FIJO EN SOLES,DEPOSITOS A PLAZO POR S/. 20 000 A 360 DIAS,29-07-2025,,,,,3.4,
CMAC PIURA,,ANCASH,DEPOSITOS,PLAZO FIJO EN SOLES,DEPOSITOS A PLAZO POR S/. 20 000 A 360 DIAS,29-07-2025,,,,,3,
CMAC HUANCAYO,,ANCASH,DEPOSITOS,PLAZO FIJO EN SOLES,DEPOSITOS A PLAZO POR S/. 20 000 A 360 DIAS,29-07-2025,,,,,2.95,
CMAC DEL SANTA,,ANCASH,DEPOSITOS,PLAZO FIJO EN SOLES,DEPOSITOS A PLAZO POR S/. 20 000 A 360 DIAS,29-07-2025,,,,,2.8,
BN. SANTANDER CONS.,,ANCASH,DEPOSITOS,PLAZO FIJO EN SOLES,DEPOSITOS A PLAZO POR S/. 20 000 A 360 DIAS,29-07-2025,,,,,2.8,
CMAC CUSCO,,ANCASH,DEPOSITOS,PLAZO FIJO EN SOLES,DEPOSITOS A PLAZO POR S/. 20 000 A 360 DIAS,29-07-2025,,,,,2.6,
ALFIN BANCO,,ANCASH,DEPOSITOS,PLAZO FIJO EN SOLES,DEPOSITOS A PLAZO POR S/. 20 000 A 360 DIAS,29-07-2025,,,,,2.5,
CMAC AREQUIPA,,ANCASH,DEPOSITOS,PLAZO FIJO EN SOLES,DEPOSITOS A PLAZO POR S/. 20 000 A 360 DIAS,29-07-2025,,,,,1.7,
BANBIF,,ANCASH,DEPOSITOS,PLAZO FIJO EN SOLES,DEPOSITOS A PLAZO POR S/. 20 000 A 360 DIAS,29-07-2025,,,,,1.4,
MIBANCO,,ANCASH,DEPOSITOS,PLAZO FIJO EN SOLES,DEPOSITOS A PLAZO POR S/. 20 000 A 360 DIAS,29-07-2025,,,,,1.15,
BANCO PICHINCHA,,ANCASH,DEPOSITOS,PLAZO FIJO EN SOLES,DEPOSITOS A PLAZO POR S/. 20 000 A 360 DIAS,29-07-2025,,,,,1,
SCOTIABANK PERU,,ANCASH,DEPOSITOS,PLAZO FIJO EN SOLES,DEPOSITOS A PLAZO POR S/. 20 000 A 360 DIAS,29-07-2025,,,,,0.75,
INTERBANK,,ANCASH,DEPOSITOS,PLAZO FIJO EN SOLES,DEPOSITOS A PLAZO POR S/. 20 000 A 360 DIAS,29-07-2025,,,,,0.5,
BANCO DE CREDITO,,ANCASH,DEPOSITOS,PLAZO FIJO EN SOLES,DEPOSITOS A PLAZO POR S/. 20 000 A 360 DIAS,29-07-2025,,,,,0.25,
CMAC AREQUIPA,0.25,APURIMAC,DEPOSITOS,AHORRO PERSONAS NATURALES,CUENTA DE AHORRO EN DOLARES CON COBRO DE MANTENIMIENTO,29-07-2025,,,,,,
MIBANCO,0.25,APURIMAC,DEPOSITOS,AHORRO PERSONAS NATURALES,CUENTA DE AHORRO EN DOLARES CON COBRO DE MANTENIMIENTO,29-07-2025,,,,,,
INTERBANK,0.2,APURIMAC,DEPOSITOS,AHORRO PERSONAS NATURALES,CUENTA DE AHORRO EN DOLARES CON COBRO DE MANTENIMIENTO,29-07-2025,,,,,,
BANCO DE CREDITO,0.1,APURIMAC,DEPOSITOS,AHORRO PERSONAS NATURALES,CUENTA DE AHORRO EN DOLARES CON COBRO DE MANTENIMIENTO,29-07-2025,,,,,,
FINANC. PROEMPRESA,0.1,APURIMAC,DEPOSITOS,AHORRO PERSONAS NATURALES,CUENTA DE AHORRO EN DOLARES CON COBRO DE MANTENIMIENTO,29-07-2025,,,,,,
CMAC ICA,0.1,APURIMAC,DEPOSITOS,AHORRO PERSONAS NATURALES,CUENTA DE AHORRO EN DOLARES CON COBRO DE MANTENIMIENTO,29-07-2025,,,,,,
CMAC CUSCO,0.01,APURIMAC,DEPOSITOS,AHORRO PERSONAS NATURALES,CUENTA DE AHORRO EN DOLARES CON COBRO DE MANTENIMIENTO,29-07-2025,,,,,,
CMAC PIURA,-1.03,APURIMAC,DEPOSITOS,AHORRO PERSONAS NATURALES,CUENTA DE AHORRO EN DOLARES CON COBRO DE MANTENIMIENTO,29-07-2025,,,,,,
CMAC PIURA,0.15,APURIMAC,DEPOSITOS,AHORRO PERSONAS NATURALES,CUENTA DE AHORRO EN DOLARES SIN COBRO DE MANTENIMIENTO,29-07-2025,,,,,,
CMAC AREQUIPA,0.15,APURIMAC,DEPOSITOS,AHORRO PERSONAS NATURALES,CUENTA DE AHORRO EN DOLARES SIN COBRO DE MANTENIMIENTO,29-07-2025,,,,,,
FINANC. PROEMPRESA,0.1,APURIMAC,DEPOSITOS,AHORRO PERSONAS NATURALES,CUENTA DE AHORRO EN DOLARES SIN COBRO DE MANTENIMIENTO,29-07-2025,,,,,,
CMAC HUANCAYO,0.1,APURIMAC,DEPOSITOS,AHORRO PERSONAS NATURALES,CUENTA DE AHORRO EN DOLARES SIN COBRO DE MANTENIMIENTO,29-07-2025,,,,,,
CRAC LOS ANDES,0.08,APURIMAC,DEPOSITOS,AHORRO PERSONAS NATURALES,CUENTA DE AHORRO EN DOLARES SIN COBRO DE MANTENIMIENTO,29-07-2025,,,,,,
FINANCIERA CONFIANZA,0.01,APURIMAC,DEPOSITOS,AHORRO PERSONAS NATURALES,CUENTA DE AHORRO EN DOLARES SIN COBRO DE MANTENIMIENTO,29-07-2025,,,,,,
BANCO DE CREDITO,0,APURIMAC,DEPOSITOS,AHORRO PERSONAS NATURALES,CUENTA DE AHORRO EN DOLARES SIN COBRO DE MANTENIMIENTO,29-07-2025,,,,,,
BBVA,0,APURIMAC,DEPOSITOS,AHORRO PERSONAS NATURALES,CUENTA DE AHORRO EN DOLARES SIN COBRO DE MANTENIMIENTO,29-07-2025,,,,,,
BN. SANTANDER CONS.,0,APURIMAC,DEPOSITOS,AHORRO PERSONAS NATURALES,CUENTA DE AHORRO EN DOLARES SIN COBRO DE MANTENIMIENTO,29-07-2025,,,,,,
INTERBANK,0,APURIMAC,DEPOSITOS,AHORRO PERSONAS NATURALES,CUENTA DE AHORRO EN DOLARES SIN COBRO DE MANTENIMIENTO,29-07-2025,,,,,,
CMAC ICA,0,APURIMAC,DEPOSITOS,AHORRO PERSONAS NATURALES,CUENTA DE AHORRO EN DOLARES SIN COBRO DE MANTENIMIENTO,29-07-2025,,,,,,
MIBANCO,0,APURIMAC,DEPOSITOS,AHORRO PERSONAS NATURALES,CUENTA DE AHORRO EN DOLARES SIN COBRO DE MANTENIMIENTO,29-07-2025,,,,,,
FINANC. PROEMPRESA,1,APURIMAC,DEPOSITOS,AHORRO PERSONAS NATURALES,CUENTA DE AHORRO EN NUEVOS SOLES CON COBRO DE MANTENIMIENTO,29-07-2025,,,,,,
MIBANCO,1,APURIMAC,DEPOSITOS,AHORRO PERSONAS NATURALES,CUENTA DE AHORRO EN NUEVOS SOLES CON COBRO DE MANTENIMIENTO,29-07-2025,,,,,,
INTERBANK,0.5,APURIMAC,DEPOSITOS,AHORRO PERSONAS NATURALES,CUENTA DE AHORRO EN NUEVOS SOLES CON COBRO DE MANTENIMIENTO,29-07-2025,,,,,,
CMAC AREQUIPA,0.3,APURIMAC,DEPOSITOS,AHORRO PERSONAS NATURALES,CUENTA DE AHORRO EN NUEVOS SOLES CON COBRO DE MANTENIMIENTO,29-07-2025,,,,,,
CMAC CUSCO,0.3,APURIMAC,DEPOSITOS,AHORRO PERSONAS NATURALES,CUENTA DE AHORRO EN NUEVOS SOLES CON COBRO DE MANTENIMIENTO,29-07-2025,,,,,,
BANCO DE CREDITO,0.25,APURIMAC,DEPOSITOS,AHORRO PERSONAS NATURALES,CUENTA DE AHORRO EN NUEVOS SOLES CON COBRO DE MANTENIMIENTO,29-07-2025,,,,,,
CMAC ICA,0.2,APURIMAC,DEPOSITOS,AHORRO PERSONAS NATURALES,CUENTA DE AHORRO EN NUEVOS SOLES CON COBRO DE MANTENIMIENTO,29-07-2025,,,,,,
BN. SANTANDER CONS.,0,APURIMAC,DEPOSITOS,AHORRO PERSONAS NATURALES,CUENTA DE AHORRO EN NUEVOS SOLES CON COBRO DE MANTENIMIENTO,29-07-2025,,,,,,
CMAC PIURA,-3.79,APURIMAC,DEPOSITOS,AHORRO PERSONAS NATURALES,CUENTA DE AHORRO EN NUEVOS SOLES CON COBRO DE MANTENIMIENTO,29-07-2025,,,,,,
FINANCIERA EFECTIVA,5,APURIMAC,DEPOSITOS,AHORRO PERSONAS NATURALES,CUENTA DE AHORRO EN NUEVOS SOLES SIN COBRO DE MANTENIMIENTO,29-07-2025,,,,,,
BANCO PICHINCHA,4,APURIMAC,DEPOSITOS,AHORRO PERSONAS NATURALES,CUENTA DE AHORRO EN NUEVOS SOLES SIN COBRO DE MANTENIMIENTO,29-07-2025,,,,,,
CRAC LOS ANDES,2,APURIMAC,DEPOSITOS,AHORRO PERSONAS NATURALES,CUENTA DE AHORRO EN NUEVOS SOLES SIN COBRO DE MANTENIMIENTO,29-07-2025,,,,,,
FINANC. PROEMPRESA,1,APURIMAC,DEPOSITOS,AHORRO PERSONAS NATURALES,CUENTA DE AHORRO EN NUEVOS SOLES SIN COBRO DE MANTENIMIENTO,29-07-2025,,,,,,
FINANCIERA CONFIANZA,0.75,APURIMAC,DEPOSITOS,AHORRO PERSONAS NATURALES,CUENTA DE AHORRO EN NUEVOS SOLES SIN COBRO DE MANTENIMIENTO,29-07-2025,,,,,,
CMAC TRUJILLO,0.6,APURIMAC,DEPOSITOS,AHORRO PERSONAS NATURALES,CUENTA DE AHORRO EN NUEVOS SOLES SIN COBRO DE MANTENIMIENTO,29-07-2025,,,,,,
CMAC PIURA,0.35,APURIMAC,DEPOSITOS,AHORRO PERSONAS NATURALES,CUENTA DE AHORRO EN NUEVOS SOLES SIN COBRO DE MANTENIMIENTO,29-07-2025,,,,,,
CMAC HUANCAYO,0.3,APURIMAC,DEPOSITOS,AHORRO PERSONAS NATURALES,CUENTA DE AHORRO EN NUEVOS SOLES SIN COBRO DE MANTENIMIENTO,29-07-2025,,,,,,
CMAC AREQUIPA,0.3,APURIMAC,DEPOSITOS,AHORRO PERSONAS NATURALES,CUENTA DE AHORRO EN NUEVOS SOLES SIN COBRO DE MANTENIMIENTO,29-07-2025,,,,,,
BANCO DE CREDITO,0,APURIMAC,DEPOSITOS,AHORRO PERSONAS NATURALES,CUENTA DE AHORRO EN NUEVOS SOLES SIN COBRO DE MANTENIMIENTO,29-07-2025,,,,,,
BBVA,0,APURIMAC,DEPOSITOS,AHORRO PERSONAS NATURALES,CUENTA DE AHORRO EN NUEVOS SOLES SIN COBRO DE MANTENIMIENTO,29-07-2025,,,,,,
BN. SANTANDER CONS.,0,APURIMAC,DEPOSITOS,AHORRO PERSONAS NATURALES,CUENTA DE AHORRO EN NUEVOS SOLES SIN COBRO DE MANTENIMIENTO,29-07-2025,,,,,,
INTERBANK,0,APURIMAC,DEPOSITOS,AHORRO PERSONAS NATURALES,CUENTA DE AHORRO EN NUEVOS SOLES SIN COBRO DE MANTENIMIENTO,29-07-2025,,,,,,
CMAC ICA,0,APURIMAC,DEPOSITOS,AHORRO PERSONAS NATURALES,CUENTA DE AHORRO EN NUEVOS SOLES SIN COBRO DE MANTENIMIENTO,29-07-2025,,,,,,
MIBANCO,0,APURIMAC,DEPOSITOS,AHORRO PERSONAS NATURALES,CUENTA DE AHORRO EN NUEVOS SOLES SIN COBRO DE MANTENIMIENTO,29-07-2025,,,,,,
CRAC LOS ANDES,,APURIMAC,DEPOSITOS,CTS,RENDIMIENTO ASOCIADO A LOS DEPOSITOS CTS,29-07-2025,7,7,0.5,0.5,,
FINANC. PROEMPRESA,,APURIMAC,DEPOSITOS,CTS,RENDIMIENTO ASOCIADO A LOS DEPOSITOS CTS,29-07-2025,6.9,6.9,0.25,0.25,,
CMAC PIURA,,APURIMAC,DEPOSITOS,CTS,RENDIMIENTO ASOCIADO A LOS DEPOSITOS CTS,29-07-2025,6.5,7,0.9,1,,
FINANCIERA OH,,APURIMAC,DEPOSITOS,CTS,RENDIMIENTO ASOCIADO A LOS DEPOSITOS CTS,29-07-2025,6.5,6.5,0,0,,
FINANCIERA CONFIANZA,,APURIMAC,DEPOSITOS,CTS,RENDIMIENTO ASOCIADO A LOS DEPOSITOS CTS,29-07-2025,5.5,6,0.01,0.01,,
BN. SANTANDER CONS.,,APURIMAC,DEPOSITOS,CTS,RENDIMIENTO ASOCIADO A LOS DEPOSITOS CTS,29-07-2025,5.5,5.5,0.8,0.8,,
CMAC TRUJILLO,,APURIMAC,DEPOSITOS,CTS,RENDIMIENTO ASOCIADO A LOS DEPOSITOS CTS,29-07-2025,5.5,7.5,0.25,0.5,,
CMAC HUANCAYO,,APURIMAC,DEPOSITOS,CTS,RENDIMIENTO ASOCIADO A LOS DEPOSITOS CTS,29-07-2025,5,6,1,1,,
CMAC CUSCO,,APURIMAC,DEPOSITOS,CTS,RENDIMIENTO ASOCIADO A LOS DEPOSITOS CTS,29-07-2025,5,6.5,0.25,0.25,,
CMAC AREQUIPA,,APURIMAC,DEPOSITOS,CTS,RENDIMIENTO ASOCIADO A LOS DEPOSITOS CTS,29-07-2025,4.75,5.75,0.25,0.4,,
CMAC ICA,,APURIMAC,DEPOSITOS,CTS,RENDIMIENTO ASOCIADO A LOS DEPOSITOS CTS,29-07-2025,4,5.5,1,1.5,,
MIBANCO,,APURIMAC,DEPOSITOS,CTS,RENDIMIENTO ASOCIADO A LOS DEPOSITOS CTS,29-07-2025,3.75,5.75,1,1.3,,
BBVA,,APURIMAC,DEPOSITOS,CTS,RENDIMIENTO ASOCIADO A LOS DEPOSITOS CTS,29-07-2025,1.1,2.6,0.6,1.1,,
BANCO DE CREDITO,,APURIMAC,DEPOSITOS,CTS,RENDIMIENTO ASOCIADO A LOS DEPOSITOS CTS,29-07-2025,1,3,0.5,1.25,,
SCOTIABANK PERU,,APURIMAC,DEPOSITOS,CTS,RENDIMIENTO ASOCIADO A LOS DEPOSITOS CTS,29-07-2025,0.3,2.6,0.15,1.1,,
INTERBANK,,APURIMAC,DEPOSITOS,CTS,RENDIMIENTO ASOCIADO A LOS DEPOSITOS CTS,29-07-2025,0.25,1.5,0.1,0.7,,
CMAC TRUJILLO,,APURIMAC,DEPOSITOS,PLAZO FIJO EN DOLARES,DEPOSITOS A PLAZO POR US$. 1 500 A 360 DIAS,29-07-2025,,,,,2.1,
SCOTIABANK PERU,,APURIMAC,DEPOSITOS,PLAZO FIJO EN DOLARES,DEPOSITOS A PLAZO POR US$. 1 500 A 360 DIAS,29-07-2025,,,,,0.95,
BN. SANTANDER CONS.,,APURIMAC,DEPOSITOS,PLAZO FIJO EN DOLARES,DEPOSITOS A PLAZO POR US$. 1 500 A 360 DIAS,29-07-2025,,,,,0.8,
CRAC LOS ANDES,,APURIMAC,DEPOSITOS,PLAZO FIJO EN DOLARES,DEPOSITOS A PLAZO POR US$. 1 500 A 360 DIAS,29-07-2025,,,,,0.5,
CMAC HUANCAYO,,APURIMAC,DEPOSITOS,PLAZO FIJO EN DOLARES,DEPOSITOS A PLAZO POR US$. 1 500 A 360 DIAS,29-07-2025,,,,,0.35,
MIBANCO,,APURIMAC,DEPOSITOS,PLAZO FIJO EN DOLARES,DEPOSITOS A PLAZO POR US$. 1 500 A 360 DIAS,29-07-2025,,,,,0.35,
CMAC PIURA,,APURIMAC,DEPOSITOS,PLAZO FIJO EN DOLARES,DEPOSITOS A PLAZO POR US$. 1 500 A 360 DIAS,29-07-2025,,,,,0.3,
INTERBANK,,APURIMAC,DEPOSITOS,PLAZO FIJO EN DOLARES,DEPOSITOS A PLAZO POR US$. 1 500 A 360 DIAS,29-07-2025,,,,,0.3,
CMAC AREQUIPA,,APURIMAC,DEPOSITOS,PLAZO FIJO EN DOLARES,DEPOSITOS A PLAZO POR US$. 1 500 A 360 DIAS,29-07-2025,,,,,0.3,
FINANC. PROEMPRESA,,APURIMAC,DEPOSITOS,PLAZO FIJO EN DOLARES,DEPOSITOS A PLAZO POR US$. 1 500 A 360 DIAS,29-07-2025,,,,,0.25,
BANCO DE CREDITO,,APURIMAC,DEPOSITOS,PLAZO FIJO EN DOLARES,DEPOSITOS A PLAZO POR US$. 1 500 A 360 DIAS,29-07-2025,,,,,0.2,
CMAC ICA,,APURIMAC,DEPOSITOS,PLAZO FIJO EN DOLARES,DEPOSITOS A PLAZO POR US$. 1 500 A 360 DIAS,29-07-2025,,,,,0.15,
FINANCIERA CONFIANZA,,APURIMAC,DEPOSITOS,PLAZO FIJO EN DOLARES,DEPOSITOS A PLAZO POR US$. 1 500 A 360 DIAS,29-07-2025,,,,,0.01,
CMAC CUSCO,,APURIMAC,DEPOSITOS,PLAZO FIJO EN DOLARES,DEPOSITOS A PLAZO POR US$. 1 500 A 360 DIAS,29-07-2025,,,,,0.01,
SCOTIABANK PERU,,APURIMAC,DEPOSITOS,PLAZO FIJO EN DOLARES,DEPOSITOS A PLAZO POR US$. 10 000 A 360 DIAS,29-07-2025,,,,,0.95,
BN. SANTANDER CONS.,,APURIMAC,DEPOSITOS,PLAZO FIJO EN DOLARES,DEPOSITOS A PLAZO POR US$. 10 000 A 360 DIAS,29-07-2025,,,,,0.8,
CRAC LOS ANDES,,APURIMAC,DEPOSITOS,PLAZO FIJO EN DOLARES,DEPOSITOS A PLAZO POR US$. 10 000 A 360 DIAS,29-07-2025,,,,,0.5,
CMAC HUANCAYO,,APURIMAC,DEPOSITOS,PLAZO FIJO EN DOLARES,DEPOSITOS A PLAZO POR US$. 10 000 A 360 DIAS,29-07-2025,,,,,0.4,
CMAC AREQUIPA,,APURIMAC,DEPOSITOS,PLAZO FIJO EN DOLARES,DEPOSITOS A PLAZO POR US$. 10 000 A 360 DIAS,29-07-2025,,,,,0.35,
MIBANCO,,APURIMAC,DEPOSITOS,PLAZO FIJO EN DOLARES,DEPOSITOS A PLAZO POR US$. 10 000 A 360 DIAS,29-07-2025,,,,,0.35,
CMAC PIURA,,APURIMAC,DEPOSITOS,PLAZO FIJO EN DOLARES,DEPOSITOS A PLAZO POR US$. 10 000 A 360 DIAS,29-07-2025,,,,,0.3,
INTERBANK,,APURIMAC,DEPOSITOS,PLAZO FIJO EN DOLARES,DEPOSITOS A PLAZO POR US$. 10 000 A 360 DIAS,29-07-2025,,,,,0.3,
BANCO DE CREDITO,,APURIMAC,DEPOSITOS,PLAZO FIJO EN DOLARES,DEPOSITOS A PLAZO POR US$. 10 000 A 360 DIAS,29-07-2025,,,,,0.25,
FINANC. PROEMPRESA,,APURIMAC,DEPOSITOS,PLAZO FIJO EN DOLARES,DEPOSITOS A PLAZO POR US$. 10 000 A 360 DIAS,29-07-2025,,,,,0.25,
CMAC ICA,,APURIMAC,DEPOSITOS,PLAZO FIJO EN DOLARES,DEPOSITOS A PLAZO POR US$. 10 000 A 360 DIAS,29-07-2025,,,,,0.15,
CMAC TRUJILLO,,APURIMAC,DEPOSITOS,PLAZO FIJO EN DOLARES,DEPOSITOS A PLAZO POR US$. 10 000 A 360 DIAS,29-07-2025,,,,,0.11,
CMAC CUSCO,,APURIMAC,DEPOSITOS,PLAZO FIJO EN DOLARES,DEPOSITOS A PLAZO POR US$. 10 000 A 360 DIAS,29-07-2025,,,,,0.1,
FINANCIERA CONFIANZA,,APURIMAC,DEPOSITOS,PLAZO FIJO EN DOLARES,DEPOSITOS A PLAZO POR US$. 10 000 A 360 DIAS,29-07-2025,,,,,0.01,
SCOTIABANK PERU,,APURIMAC,DEPOSITOS,PLAZO FIJO EN DOLARES,DEPOSITOS A PLAZO POR US$. 3 000 A 360 DIAS,29-07-2025,,,,,0.95,
BN. SANTANDER CONS.,,APURIMAC,DEPOSITOS,PLAZO FIJO EN DOLARES,DEPOSITOS A PLAZO POR US$. 3 000 A 360 DIAS,29-07-2025,,,,,0.8,
CRAC LOS ANDES,,APURIMAC,DEPOSITOS,PLAZO FIJO EN DOLARES,DEPOSITOS A PLAZO POR US$. 3 000 A 360 DIAS,29-07-2025,,,,,0.5,
CMAC HUANCAYO,,APURIMAC,DEPOSITOS,PLAZO FIJO EN DOLARES,DEPOSITOS A PLAZO POR US$. 3 000 A 360 DIAS,29-07-2025,,,,,0.35,
MIBANCO,,APURIMAC,DEPOSITOS,PLAZO FIJO EN DOLARES,DEPOSITOS A PLAZO POR US$. 3 000 A 360 DIAS,29-07-2025,,,,,0.35,
CMAC PIURA,,APURIMAC,DEPOSITOS,PLAZO FIJO EN DOLARES,DEPOSITOS A PLAZO POR US$. 3 000 A 360 DIAS,29-07-2025,,,,,0.3,
INTERBANK,,APURIMAC,DEPOSITOS,PLAZO FIJO EN DOLARES,DEPOSITOS A PLAZO POR US$. 3 000 A 360 DIAS,29-07-2025,,,,,0.3,
CMAC AREQUIPA,,APURIMAC,DEPOSITOS,PLAZO FIJO EN DOLARES,DEPOSITOS A PLAZO POR US$. 3 000 A 360 DIAS,29-07-2025,,,,,0.3,
FINANC. PROEMPRESA,,APURIMAC,DEPOSITOS,PLAZO FIJO EN DOLARES,DEPOSITOS A PLAZO POR US$. 3 000 A 360 DIAS,29-07-2025,,,,,0.25,
BANCO DE CREDITO,,APURIMAC,DEPOSITOS,PLAZO FIJO EN DOLARES,DEPOSITOS A PLAZO POR US$. 3 000 A 360 DIAS,29-07-2025,,,,,0.2,
CMAC ICA,,APURIMAC,DEPOSITOS,PLAZO FIJO EN DOLARES,DEPOSITOS A PLAZO POR US$. 3 000 A 360 DIAS,29-07-2025,,,,,0.15,
CMAC TRUJILLO,,APURIMAC,DEPOSITOS,PLAZO FIJO EN DOLARES,DEPOSITOS A PLAZO POR US$. 3 000 A 360 DIAS,29-07-2025,,,,,0.11,
FINANCIERA CONFIANZA,,APURIMAC,DEPOSITOS,PLAZO FIJO EN DOLARES,DEPOSITOS A PLAZO POR US$. 3 000 A 360 DIAS,29-07-2025,,,,,0.01,
CMAC CUSCO,,APURIMAC,DEPOSITOS,PLAZO FIJO EN DOLARES,DEPOSITOS A PLAZO POR US$. 3 000 A 360 DIAS,29-07-2025,,,,,0.01,
FINANCIERA EFECTIVA,,APURIMAC,DEPOSITOS,PLAZO FIJO EN SOLES,DEPOSITOS A PLAZO POR S/. 5 000 A 360 DIAS,29-07-2025,,,,,5.25,
CRAC LOS ANDES,,APURIMAC,DEPOSITOS,PLAZO FIJO EN SOLES,DEPOSITOS A PLAZO POR S/. 5 000 A 360 DIAS,29-07-2025,,,,,4,
FINANCIERA CONFIANZA,,APURIMAC,DEPOSITOS,PLAZO FIJO EN SOLES,DEPOSITOS A PLAZO POR S/. 5 000 A 360 DIAS,29-07-2025,,,,,3.5,
CMAC TRUJILLO,,APURIMAC,DEPOSITOS,PLAZO FIJO EN SOLES,DEPOSITOS A PLAZO POR S/. 5 000 A 360 DIAS,29-07-2025,,,,,3.2,
CMAC PIURA,,APURIMAC,DEPOSITOS,PLAZO FIJO EN SOLES,DEPOSITOS A PLAZO POR S/. 5 000 A 360 DIAS,29-07-2025,,,,,3,
CMAC ICA,,APURIMAC,DEPOSITOS,PLAZO FIJO EN SOLES,DEPOSITOS A PLAZO POR S/. 5 000 A 360 DIAS,29-07-2025,,,,,3,
CMAC HUANCAYO,,APURIMAC,DEPOSITOS,PLAZO FIJO EN SOLES,DEPOSITOS A PLAZO POR S/. 5 000 A 360 DIAS,29-07-2025,,,,,2.85,
BN. SANTANDER CONS.,,APURIMAC,DEPOSITOS,PLAZO FIJO EN SOLES,DEPOSITOS A PLAZO POR S/. 5 000 A 360 DIAS,29-07-2025,,,,,2.8,
CMAC CUSCO,,APURIMAC,DEPOSITOS,PLAZO FIJO EN SOLES,DEPOSITOS A PLAZO POR S/. 5 000 A 360 DIAS,29-07-2025,,,,,2.6,
FINANC. PROEMPRESA,,APURIMAC,DEPOSITOS,PLAZO FIJO EN SOLES,DEPOSITOS A PLAZO POR S/. 5 000 A 360 DIAS,29-07-2025,,,,,1.8,
CMAC AREQUIPA,,APURIMAC,DEPOSITOS,PLAZO FIJO EN SOLES,DEPOSITOS A PLAZO POR S/. 5 000 A 360 DIAS,29-07-2025,,,,,1.7,
MIBANCO,,APURIMAC,DEPOSITOS,PLAZO FIJO EN SOLES,DEPOSITOS A PLAZO POR S/. 5 000 A 360 DIAS,29-07-2025,,,,,1.15,
BANCO PICHINCHA,,APURIMAC,DEPOSITOS,PLAZO FIJO EN SOLES,DEPOSITOS A PLAZO POR S/. 5 000 A 360 DIAS,29-07-2025,,,,,1,
SCOTIABANK PERU,,APURIMAC,DEPOSITOS,PLAZO FIJO EN SOLES,DEPOSITOS A PLAZO POR S/. 5 000 A 360 DIAS,29-07-2025,,,,,0.75,
INTERBANK,,APURIMAC,DEPOSITOS,PLAZO FIJO EN SOLES,DEPOSITOS A PLAZO POR S/. 5 000 A 360 DIAS,29-07-2025,,,,,0.5,
BANCO DE CREDITO,,APURIMAC,DEPOSITOS,PLAZO FIJO EN SOLES,DEPOSITOS A PLAZO POR S/. 5 000 A 360 DIAS,29-07-2025,,,,,0.2,
FINANCIERA EFECTIVA,,APURIMAC,DEPOSITOS,PLAZO FIJO EN SOLES,DEPOSITOS A PLAZO POR S/. 10 000 A 360 DIAS,29-07-2025,,,,,,5.25
CRAC LOS ANDES,,APURIMAC,DEPOSITOS,PLAZO FIJO EN SOLES,DEPOSITOS A PLAZO POR S/. 10 000 A 360 DIAS,29-07-2025,,,,,,4
FINANCIERA CONFIANZA,,APURIMAC,DEPOSITOS,PLAZO FIJO EN SOLES,DEPOSITOS A PLAZO POR S/. 10 000 A 360 DIAS,29-07-2025,,,,,,3.5
CMAC PIURA,,APURIMAC,DEPOSITOS,PLAZO FIJO EN SOLES,DEPOSITOS A PLAZO POR S/. 10 000 A 360 DIAS,29-07-2025,,,,,,3
CMAC ICA,,APURIMAC,DEPOSITOS,PLAZO FIJO EN SOLES,DEPOSITOS A PLAZO POR S/. 10 000 A 360 DIAS,29-07-2025,,,,,,3
CMAC HUANCAYO,,APURIMAC,DEPOSITOS,PLAZO FIJO EN SOLES,DEPOSITOS A PLAZO POR S/. 10 000 A 360 DIAS,29-07-2025,,,,,,2.85
BN. SANTANDER CONS.,,APURIMAC,DEPOSITOS,PLAZO FIJO EN SOLES,DEPOSITOS A PLAZO POR S/. 10 000 A 360 DIAS,29-07-2025,,,,,,2.8
CMAC CUSCO,,APURIMAC,DEPOSITOS,PLAZO FIJO EN SOLES,DEPOSITOS A PLAZO POR S/. 10 000 A 360 DIAS,29-07-2025,,,,,,2.6
FINANC. PROEMPRESA,,APURIMAC,DEPOSITOS,PLAZO FIJO EN SOLES,DEPOSITOS A PLAZO POR S/. 10 000 A 360 DIAS,29-07-2025,,,,,,1.8
CMAC AREQUIPA,,APURIMAC,DEPOSITOS,PLAZO FIJO EN SOLES,DEPOSITOS A PLAZO POR S/. 10 000 A 360 DIAS,29-07-2025,,,,,,1.7
MIBANCO,,APURIMAC,DEPOSITOS,PLAZO FIJO EN SOLES,DEPOSITOS A PLAZO POR S/. 10 000 A 360 DIAS,29-07-2025,,,,,,1.15
SCOTIABANK PERU,,APURIMAC,DEPOSITOS,PLAZO FIJO EN SOLES,DEPOSITOS A PLAZO POR S/. 10 000 A 360 DIAS,29-07-2025,,,,,,0.75
INTERBANK,,APURIMAC,DEPOSITOS,PLAZO FIJO EN SOLES,DEPOSITOS A PLAZO POR S/. 10 000 A 360 DIAS,29-07-2025,,,,,,0.5
BANCO DE CREDITO,,APURIMAC,DEPOSITOS,PLAZO FIJO EN SOLES,DEPOSITOS A PLAZO POR S/. 10 000 A 360 DIAS,29-07-2025,,,,,,0.25
FINANCIERA EFECTIVA,,APURIMAC,DEPOSITOS,PLAZO FIJO EN SOLES,DEPOSITOS A PLAZO POR S/. 2 500 A 360 DIAS,29-07-2025,,,,,5.25,
CRAC LOS ANDES,,APURIMAC,DEPOSITOS,PLAZO FIJO EN SOLES,DEPOSITOS A PLAZO POR S/. 2 500 A 360 DIAS,29-07-2025,,,,,4,
FINANCIERA CONFIANZA,,APURIMAC,DEPOSITOS,PLAZO FIJO EN SOLES,DEPOSITOS A PLAZO POR S/. 2 500 A 360 DIAS,29-07-2025,,,,,3.5,
CMAC TRUJILLO,,APURIMAC,DEPOSITOS,PLAZO FIJO EN SOLES,DEPOSITOS A PLAZO POR S/. 2 500 A 360 DIAS,29-07-2025,,,,,3.2,
CMAC PIURA,,APURIMAC,DEPOSITOS,PLAZO FIJO EN SOLES,DEPOSITOS A PLAZO POR S/. 2 500 A 360 DIAS,29-07-2025,,,,,3,
CMAC ICA,,APURIMAC,DEPOSITOS,PLAZO FIJO EN SOLES,DEPOSITOS A PLAZO POR S/. 2 500 A 360 DIAS,29-07-2025,,,,,3,
CMAC HUANCAYO,,APURIMAC,DEPOSITOS,PLAZO FIJO EN SOLES,DEPOSITOS A PLAZO POR S/. 2 500 A 360 DIAS,29-07-2025,,,,,2.85,
BN. SANTANDER CONS.,,APURIMAC,DEPOSITOS,PLAZO FIJO EN SOLES,DEPOSITOS A PLAZO POR S/. 2 500 A 360 DIAS,29-07-2025,,,,,2.8,
CMAC CUSCO,,APURIMAC,DEPOSITOS,PLAZO FIJO EN SOLES,DEPOSITOS A PLAZO POR S/. 2 500 A 360 DIAS,29-07-2025,,,,,2.6,
CMAC AREQUIPA,,APURIMAC,DEPOSITOS,PLAZO FIJO EN SOLES,DEPOSITOS A PLAZO POR S/. 2 500 A 360 DIAS,29-07-2025,,,,,1.7,
FINANC. PROEMPRESA,,APURIMAC,DEPOSITOS,PLAZO FIJO EN SOLES,DEPOSITOS A PLAZO POR S/. 2 500 A 360 DIAS,29-07-2025,,,,,1.6,
MIBANCO,,APURIMAC,DEPOSITOS,PLAZO FIJO EN SOLES,DEPOSITOS A PLAZO POR S/. 2 500 A 360 DIAS,29-07-2025,,,,,1.15,
SCOTIABANK PERU,,APURIMAC,DEPOSITOS,PLAZO FIJO EN SOLES,DEPOSITOS A PLAZO POR S/. 2 500 A 360 DIAS,29-07-2025,,,,,0.75,
INTERBANK,,APURIMAC,DEPOSITOS,PLAZO FIJO EN SOLES,DEPOSITOS A PLAZO POR S/. 2 500 A 360 DIAS,29-07-2025,,,,,0.5,
BANCO DE CREDITO,,APURIMAC,DEPOSITOS,PLAZO FIJO EN SOLES,DEPOSITOS A PLAZO POR S/. 2 500 A 360 DIAS,29-07-2025,,,,,0.2,
FINANCIERA EFECTIVA,,APURIMAC,DEPOSITOS,PLAZO FIJO EN SOLES,DEPOSITOS A PLAZO POR S/. 20 000 A 360 DIAS,29-07-2025,,,,,5.25,
FINANC. PROEMPRESA,,APURIMAC,DEPOSITOS,PLAZO FIJO EN SOLES,DEPOSITOS A PLAZO POR S/. 20 000 A 360 DIAS,29-07-2025,,,,,4.2,
CRAC LOS ANDES,,APURIMAC,DEPOSITOS,PLAZO FIJO EN SOLES,DEPOSITOS A PLAZO POR S/. 20 000 A 360 DIAS,29-07-2025,,,,,4,
FINANCIERA CONFIANZA,,APURIMAC,DEPOSITOS,PLAZO FIJO EN SOLES,DEPOSITOS A PLAZO POR S/. 20 000 A 360 DIAS,29-07-2025,,,,,3.5,
CMAC TRUJILLO,,APURIMAC,DEPOSITOS,PLAZO FIJO EN SOLES,DEPOSITOS A PLAZO POR S/. 20 000 A 360 DIAS,29-07-2025,,,,,3.5,
CMAC ICA,,APURIMAC,DEPOSITOS,PLAZO FIJO EN SOLES,DEPOSITOS A PLAZO POR S/. 20 000 A 360 DIAS,29-07-2025,,,,,3.1,
CMAC PIURA,,APURIMAC,DEPOSITOS,PLAZO FIJO EN SOLES,DEPOSITOS A PLAZO POR S/. 20 000 A 360 DIAS,29-07-2025,,,,,3,
CMAC HUANCAYO,,APURIMAC,DEPOSITOS,PLAZO FIJO EN SOLES,DEPOSITOS A PLAZO POR S/. 20 000 A 360 DIAS,29-07-2025,,,,,2.95,
BN. SANTANDER CONS.,,APURIMAC,DEPOSITOS,PLAZO FIJO EN SOLES,DEPOSITOS A PLAZO POR S/. 20 000 A 360 DIAS,29-07-2025,,,,,2.8,
CMAC CUSCO,,APURIMAC,DEPOSITOS,PLAZO FIJO EN SOLES,DEPOSITOS A PLAZO POR S/. 20 000 A 360 DIAS,29-07-2025,,,,,2.6,
CMAC AREQUIPA,,APURIMAC,DEPOSITOS,PLAZO FIJO EN SOLES,DEPOSITOS A PLAZO POR S/. 20 000 A 360 DIAS,29-07-2025,,,,,1.7,
MIBANCO,,APURIMAC,DEPOSITOS,PLAZO FIJO EN SOLES,DEPOSITOS A PLAZO POR S/. 20 000 A 360 DIAS,29-07-2025,,,,,1.15,
SCOTIABANK PERU,,APURIMAC,DEPOSITOS,PLAZO FIJO EN SOLES,DEPOSITOS A PLAZO POR S/. 20 000 A 360 DIAS,29-07-2025,,,,,0.75,
INTERBANK,,APURIMAC,DEPOSITOS,PLAZO FIJO EN SOLES,DEPOSITOS A PLAZO POR S/. 20 000 A 360 DIAS,29-07-2025,,,,,0.5,
BANCO DE CREDITO,,APURIMAC,DEPOSITOS,PLAZO FIJO EN SOLES,DEPOSITOS A PLAZO POR S/. 20 000 A 360 DIAS,29-07-2025,,,,,0.25,
BANCO FALABELLA,1.5,AREQUIPA,DEPOSITOS,AHORRO PERSONAS NATURALES,CUENTA DE AHORRO EN DOLARES CON COBRO DE MANTENIMIENTO,29-07-2025,,,,,,
CMAC AREQUIPA,0.25,AREQUIPA,DEPOSITOS,AHORRO PERSONAS NATURALES,CUENTA DE AHORRO EN DOLARES CON COBRO DE MANTENIMIENTO,29-07-2025,,,,,,
MIBANCO,0.25,AREQUIPA,DEPOSITOS,AHORRO PERSONAS NATURALES,CUENTA DE AHORRO EN DOLARES CON COBRO DE MANTENIMIENTO,29-07-2025,,,,,,
BANBIF,0.2,AREQUIPA,DEPOSITOS,AHORRO PERSONAS NATURALES,CUENTA DE AHORRO EN DOLARES CON COBRO DE MANTENIMIENTO,29-07-2025,,,,,,
INTERBANK,0.2,AREQUIPA,DEPOSITOS,AHORRO PERSONAS NATURALES,CUENTA DE AHORRO EN DOLARES CON COBRO DE MANTENIMIENTO,29-07-2025,,,,,,
SCOTIABANK PERU,0.15,AREQUIPA,DEPOSITOS,AHORRO PERSONAS NATURALES,CUENTA DE AHORRO EN DOLARES CON COBRO DE MANTENIMIENTO,29-07-2025,,,,,,
BANCO DE CREDITO,0.1,AREQUIPA,DEPOSITOS,AHORRO PERSONAS NATURALES,CUENTA DE AHORRO EN DOLARES CON COBRO DE MANTENIMIENTO,29-07-2025,,,,,,
FINANC. PROEMPRESA,0.1,AREQUIPA,DEPOSITOS,AHORRO PERSONAS NATURALES,CUENTA DE AHORRO EN DOLARES CON COBRO DE MANTENIMIENTO,29-07-2025,,,,,,
CMAC ICA,0.1,AREQUIPA,DEPOSITOS,AHORRO PERSONAS NATURALES,CUENTA DE AHORRO EN DOLARES CON COBRO DE MANTENIMIENTO,29-07-2025,,,,,,
CMAC TACNA,0.05,AREQUIPA,DEPOSITOS,AHORRO PERSONAS NATURALES,CUENTA DE AHORRO EN DOLARES CON COBRO DE MANTENIMIENTO,29-07-2025,,,,,,
CMAC CUSCO,0.01,AREQUIPA,DEPOSITOS,AHORRO PERSONAS NATURALES,CUENTA DE AHORRO EN DOLARES CON COBRO DE MANTENIMIENTO,29-07-2025,,,,,,
ALFIN BANCO,0,AREQUIPA,DEPOSITOS,AHORRO PERSONAS NATURALES,CUENTA DE AHORRO EN DOLARES CON COBRO DE MANTENIMIENTO,29-07-2025,,,,,,
BBVA,0,AREQUIPA,DEPOSITOS,AHORRO PERSONAS NATURALES,CUENTA DE AHORRO EN DOLARES CON COBRO DE MANTENIMIENTO,29-07-2025,,,,,,
CMAC PIURA,-1.03,AREQUIPA,DEPOSITOS,AHORRO PERSONAS NATURALES,CUENTA DE AHORRO EN DOLARES CON COBRO DE MANTENIMIENTO,29-07-2025,,,,,,
BANCOM,-1.31,AREQUIPA,DEPOSITOS,AHORRO PERSONAS NATURALES,CUENTA DE AHORRO EN DOLARES CON COBRO DE MANTENIMIENTO,29-07-2025,,,,,,
BANCO PICHINCHA,2.25,AREQUIPA,DEPOSITOS,AHORRO PERSONAS NATURALES,CUENTA DE AHORRO EN DOLARES SIN COBRO DE MANTENIMIENTO,29-07-2025,,,,,,
BANCOM,0.5,AREQUIPA,DEPOSITOS,AHORRO PERSONAS NATURALES,CUENTA DE AHORRO EN DOLARES SIN COBRO DE MANTENIMIENTO,29-07-2025,,,,,,
CMAC TACNA,0.2,AREQUIPA,DEPOSITOS,AHORRO PERSONAS NATURALES,CUENTA DE AHORRO EN DOLARES SIN COBRO DE MANTENIMIENTO,29-07-2025,,,,,,
BANCO GNB,0.2,AREQUIPA,DEPOSITOS,AHORRO PERSONAS NATURALES,CUENTA DE AHORRO EN DOLARES SIN COBRO DE MANTENIMIENTO,29-07-2025,,,,,,
CMAC PIURA,0.15,AREQUIPA,DEPOSITOS,AHORRO PERSONAS NATURALES,CUENTA DE AHORRO EN DOLARES SIN COBRO DE MANTENIMIENTO,29-07-2025,,,,,,
CMCP LIMA,0.15,AREQUIPA,DEPOSITOS,AHORRO PERSONAS NATURALES,CUENTA DE AHORRO EN DOLARES SIN COBRO DE MANTENIMIENTO,29-07-2025,,,,,,
CMAC AREQUIPA,0.15,AREQUIPA,DEPOSITOS,AHORRO PERSONAS NATURALES,CUENTA DE AHORRO EN DOLARES SIN COBRO DE MANTENIMIENTO,29-07-2025,,,,,,
BANCO RIPLEY,0.1,AREQUIPA,DEPOSITOS,AHORRO PERSONAS NATURALES,CUENTA DE AHORRO EN DOLARES SIN COBRO DE MANTENIMIENTO,29-07-2025,,,,,,
FINANC. PROEMPRESA,0.1,AREQUIPA,DEPOSITOS,AHORRO PERSONAS NATURALES,CUENTA DE AHORRO EN DOLARES SIN COBRO DE MANTENIMIENTO,29-07-2025,,,,,,
CMAC HUANCAYO,0.1,AREQUIPA,DEPOSITOS,AHORRO PERSONAS NATURALES,CUENTA DE AHORRO EN DOLARES SIN COBRO DE MANTENIMIENTO,29-07-2025,,,,,,
CRAC LOS ANDES,0.08,AREQUIPA,DEPOSITOS,AHORRO PERSONAS NATURALES,CUENTA DE AHORRO EN DOLARES SIN COBRO DE MANTENIMIENTO,29-07-2025,,,,,,
FINANCIERA CONFIANZA,0.01,AREQUIPA,DEPOSITOS,AHORRO PERSONAS NATURALES,CUENTA DE AHORRO EN DOLARES SIN COBRO DE MANTENIMIENTO,29-07-2025,,,,,,
COMPARTAMOS BANCO,0.01,AREQUIPA,DEPOSITOS,AHORRO PERSONAS NATURALES,CUENTA DE AHORRO EN DOLARES SIN COBRO DE MANTENIMIENTO,29-07-2025,,,,,,
BANBIF,0,AREQUIPA,DEPOSITOS,AHORRO PERSONAS NATURALES,CUENTA DE AHORRO EN DOLARES SIN COBRO DE MANTENIMIENTO,29-07-2025,,,,,,
CRAC INCASUR,0,AREQUIPA,DEPOSITOS,AHORRO PERSONAS NATURALES,CUENTA DE AHORRO EN DOLARES SIN COBRO DE MANTENIMIENTO,29-07-2025,,,,,,
BANCO DE CREDITO,0,AREQUIPA,DEPOSITOS,AHORRO PERSONAS NATURALES,CUENTA DE AHORRO EN DOLARES SIN COBRO DE MANTENIMIENTO,29-07-2025,,,,,,
BBVA,0,AREQUIPA,DEPOSITOS,AHORRO PERSONAS NATURALES,CUENTA DE AHORRO EN DOLARES SIN COBRO DE MANTENIMIENTO,29-07-2025,,,,,,
BANCO FALABELLA,0,AREQUIPA,DEPOSITOS,AHORRO PERSONAS NATURALES,CUENTA DE AHORRO EN DOLARES SIN COBRO DE MANTENIMIENTO,29-07-2025,,,,,,
BN. SANTANDER CONS.,0,AREQUIPA,DEPOSITOS,AHORRO PERSONAS NATURALES,CUENTA DE AHORRO EN DOLARES SIN COBRO DE MANTENIMIENTO,29-07-2025,,,,,,
INTERBANK,0,AREQUIPA,DEPOSITOS,AHORRO PERSONAS NATURALES,CUENTA DE AHORRO EN DOLARES SIN COBRO DE MANTENIMIENTO,29-07-2025,,,,,,
SCOTIABANK PERU,0,AREQUIPA,DEPOSITOS,AHORRO PERSONAS NATURALES,CUENTA DE AHORRO EN DOLARES SIN COBRO DE MANTENIMIENTO,29-07-2025,,,,,,
CMAC ICA,0,AREQUIPA,DEPOSITOS,AHORRO PERSONAS NATURALES,CUENTA DE AHORRO EN DOLARES SIN COBRO DE MANTENIMIENTO,29-07-2025,,,,,,
MIBANCO,0,AREQUIPA,DEPOSITOS,AHORRO PERSONAS NATURALES,CUENTA DE AHORRO EN DOLARES SIN COBRO DE MANTENIMIENTO,29-07-2025,,,,,,
BANCO RIPLEY,4.8,AREQUIPA,DEPOSITOS,AHORRO PERSONAS NATURALES,CUENTA DE AHORRO EN NUEVOS SOLES CON COBRO DE MANTENIMIENTO,29-07-2025,,,,,,
BANCO FALABELLA,4,AREQUIPA,DEPOSITOS,AHORRO PERSONAS NATURALES,CUENTA DE AHORRO EN NUEVOS SOLES CON COBRO DE MANTENIMIENTO,29-07-2025,,,,,,
FINANC. PROEMPRESA,1,AREQUIPA,DEPOSITOS,AHORRO PERSONAS NATURALES,CUENTA DE AHORRO EN NUEVOS SOLES CON COBRO DE MANTENIMIENTO,29-07-2025,,,,,,
MIBANCO,1,AREQUIPA,DEPOSITOS,AHORRO PERSONAS NATURALES,CUENTA DE AHORRO EN NUEVOS SOLES CON COBRO DE MANTENIMIENTO,29-07-2025,,,,,,
BANBIF,0.8,AREQUIPA,DEPOSITOS,AHORRO PERSONAS NATURALES,CUENTA DE AHORRO EN NUEVOS SOLES CON COBRO DE MANTENIMIENTO,29-07-2025,,,,,,
INTERBANK,0.5,AREQUIPA,DEPOSITOS,AHORRO PERSONAS NATURALES,CUENTA DE AHORRO EN NUEVOS SOLES CON COBRO DE MANTENIMIENTO,29-07-2025,,,,,,
CMAC AREQUIPA,0.3,AREQUIPA,DEPOSITOS,AHORRO PERSONAS NATURALES,CUENTA DE AHORRO EN NUEVOS SOLES CON COBRO DE MANTENIMIENTO,29-07-2025,,,,,,
CMAC CUSCO,0.3,AREQUIPA,DEPOSITOS,AHORRO PERSONAS NATURALES,CUENTA DE AHORRO EN NUEVOS SOLES CON COBRO DE MANTENIMIENTO,29-07-2025,,,,,,
BANCO DE CREDITO,0.25,AREQUIPA,DEPOSITOS,AHORRO PERSONAS NATURALES,CUENTA DE AHORRO EN NUEVOS SOLES CON COBRO DE MANTENIMIENTO,29-07-2025,,,,,,
SCOTIABANK PERU,0.25,AREQUIPA,DEPOSITOS,AHORRO PERSONAS NATURALES,CUENTA DE AHORRO EN NUEVOS SOLES CON COBRO DE MANTENIMIENTO,29-07-2025,,,,,,
CMAC ICA,0.2,AREQUIPA,DEPOSITOS,AHORRO PERSONAS NATURALES,CUENTA DE AHORRO EN NUEVOS SOLES CON COBRO DE MANTENIMIENTO,29-07-2025,,,,,,
CMAC TACNA,0.1,AREQUIPA,DEPOSITOS,AHORRO PERSONAS NATURALES,CUENTA DE AHORRO EN NUEVOS SOLES CON COBRO DE MANTENIMIENTO,29-07-2025,,,,,,
ALFIN BANCO,0,AREQUIPA,DEPOSITOS,AHORRO PERSONAS NATURALES,CUENTA DE AHORRO EN NUEVOS SOLES CON COBRO DE MANTENIMIENTO,29-07-2025,,,,,,
BN. SANTANDER CONS.,0,AREQUIPA,DEPOSITOS,AHORRO PERSONAS NATURALES,CUENTA DE AHORRO EN NUEVOS SOLES CON COBRO DE MANTENIMIENTO,29-07-2025,,,,,,
CMAC PIURA,-3.79,AREQUIPA,DEPOSITOS,AHORRO PERSONAS NATURALES,CUENTA DE AHORRO EN NUEVOS SOLES CON COBRO DE MANTENIMIENTO,29-07-2025,,,,,,
BANCOM,-7.44,AREQUIPA,DEPOSITOS,AHORRO PERSONAS NATURALES,CUENTA DE AHORRO EN NUEVOS SOLES CON COBRO DE MANTENIMIENTO,29-07-2025,,,,,,
BBVA,-9.6,AREQUIPA,DEPOSITOS,AHORRO PERSONAS NATURALES,CUENTA DE AHORRO EN NUEVOS SOLES CON COBRO DE MANTENIMIENTO,29-07-2025,,,,,,
FINANCIERA EFECTIVA,5,AREQUIPA,DEPOSITOS,AHORRO PERSONAS NATURALES,CUENTA DE AHORRO EN NUEVOS SOLES SIN COBRO DE MANTENIMIENTO,29-07-2025,,,,,,
BANCO PICHINCHA,4,AREQUIPA,DEPOSITOS,AHORRO PERSONAS NATURALES,CUENTA DE AHORRO EN NUEVOS SOLES SIN COBRO DE MANTENIMIENTO,29-07-2025,,,,,,
COMPARTAMOS BANCO,3.5,AREQUIPA,DEPOSITOS,AHORRO PERSONAS NATURALES,CUENTA DE AHORRO EN NUEVOS SOLES SIN COBRO DE MANTENIMIENTO,29-07-2025,,,,,,
CRAC LOS ANDES,2,AREQUIPA,DEPOSITOS,AHORRO PERSONAS NATURALES,CUENTA DE AHORRO EN NUEVOS SOLES SIN COBRO DE MANTENIMIENTO,29-07-2025,,,,,,
CRAC INCASUR,1.2,AREQUIPA,DEPOSITOS,AHORRO PERSONAS NATURALES,CUENTA DE AHORRO EN NUEVOS SOLES SIN COBRO DE MANTENIMIENTO,29-07-2025,,,,,,
FINANC. PROEMPRESA,1,AREQUIPA,DEPOSITOS,AHORRO PERSONAS NATURALES,CUENTA DE AHORRO EN NUEVOS SOLES SIN COBRO DE MANTENIMIENTO,29-07-2025,,,,,,
CMCP LIMA,1,AREQUIPA,DEPOSITOS,AHORRO PERSONAS NATURALES,CUENTA DE AHORRO EN NUEVOS SOLES SIN COBRO DE MANTENIMIENTO,29-07-2025,,,,,,
BANCO GNB,1,AREQUIPA,DEPOSITOS,AHORRO PERSONAS NATURALES,CUENTA DE AHORRO EN NUEVOS SOLES SIN COBRO DE MANTENIMIENTO,29-07-2025,,,,,,
BANCOM,1,AREQUIPA,DEPOSITOS,AHORRO PERSONAS NATURALES,CUENTA DE AHORRO EN NUEVOS SOLES SIN COBRO DE MANTENIMIENTO,29-07-2025,,,,,,
CMAC TACNA,0.8,AREQUIPA,DEPOSITOS,AHORRO PERSONAS NATURALES,CUENTA DE AHORRO EN NUEVOS SOLES SIN COBRO DE MANTENIMIENTO,29-07-2025,,,,,,
FINANCIERA CONFIANZA,0.75,AREQUIPA,DEPOSITOS,AHORRO PERSONAS NATURALES,CUENTA DE AHORRO EN NUEVOS SOLES SIN COBRO DE MANTENIMIENTO,29-07-2025,,,,,,
CMAC PIURA,0.35,AREQUIPA,DEPOSITOS,AHORRO PERSONAS NATURALES,CUENTA DE AHORRO EN NUEVOS SOLES SIN COBRO DE MANTENIMIENTO,29-07-2025,,,,,,
CMAC HUANCAYO,0.3,AREQUIPA,DEPOSITOS,AHORRO PERSONAS NATURALES,CUENTA DE AHORRO EN NUEVOS SOLES SIN COBRO DE MANTENIMIENTO,29-07-2025,,,,,,
CMAC AREQUIPA,0.3,AREQUIPA,DEPOSITOS,AHORRO PERSONAS NATURALES,CUENTA DE AHORRO EN NUEVOS SOLES SIN COBRO DE MANTENIMIENTO,29-07-2025,,,,,,
BANCO RIPLEY,0.15,AREQUIPA,DEPOSITOS,AHORRO PERSONAS NATURALES,CUENTA DE AHORRO EN NUEVOS SOLES SIN COBRO DE MANTENIMIENTO,29-07-2025,,,,,,
BANBIF,0,AREQUIPA,DEPOSITOS,AHORRO PERSONAS NATURALES,CUENTA DE AHORRO EN NUEVOS SOLES SIN COBRO DE MANTENIMIENTO,29-07-2025,,,,,,
BANCO DE CREDITO,0,AREQUIPA,DEPOSITOS,AHORRO PERSONAS NATURALES,CUENTA DE AHORRO EN NUEVOS SOLES SIN COBRO DE MANTENIMIENTO,29-07-2025,,,,,,
BBVA,0,AREQUIPA,DEPOSITOS,AHORRO PERSONAS NATURALES,CUENTA DE AHORRO EN NUEVOS SOLES SIN COBRO DE MANTENIMIENTO,29-07-2025,,,,,,
BANCO FALABELLA,0,AREQUIPA,DEPOSITOS,AHORRO PERSONAS NATURALES,CUENTA DE AHORRO EN NUEVOS SOLES SIN COBRO DE MANTENIMIENTO,29-07-2025,,,,,,
BN. SANTANDER CONS.,0,AREQUIPA,DEPOSITOS,AHORRO PERSONAS NATURALES,CUENTA DE AHORRO EN NUEVOS SOLES SIN COBRO DE MANTENIMIENTO,29-07-2025,,,,,,
INTERBANK,0,AREQUIPA,DEPOSITOS,AHORRO PERSONAS NATURALES,CUENTA DE AHORRO EN NUEVOS SOLES SIN COBRO DE MANTENIMIENTO,29-07-2025,,,,,,
SCOTIABANK PERU,0,AREQUIPA,DEPOSITOS,AHORRO PERSONAS NATURALES,CUENTA DE AHORRO EN NUEVOS SOLES SIN COBRO DE MANTENIMIENTO,29-07-2025,,,,,,
CMAC ICA,0,AREQUIPA,DEPOSITOS,AHORRO PERSONAS NATURALES,CUENTA DE AHORRO EN NUEVOS SOLES SIN COBRO DE MANTENIMIENTO,29-07-2025,,,,,,
MIBANCO,0,AREQUIPA,DEPOSITOS,AHORRO PERSONAS NATURALES,CUENTA DE AHORRO EN NUEVOS SOLES SIN COBRO DE MANTENIMIENTO,29-07-2025,,,,,,
CRAC LOS ANDES,,AREQUIPA,DEPOSITOS,CTS,RENDIMIENTO ASOCIADO A LOS DEPOSITOS CTS,29-07-2025,7,7,0.5,0.5,,
FINANC. PROEMPRESA,,AREQUIPA,DEPOSITOS,CTS,RENDIMIENTO ASOCIADO A LOS DEPOSITOS CTS,29-07-2025,6.9,6.9,0.25,0.25,,
CMAC PIURA,,AREQUIPA,DEPOSITOS,CTS,RENDIMIENTO ASOCIADO A LOS DEPOSITOS CTS,29-07-2025,6.5,7,0.9,1,,
FINANCIERA OH,,AREQUIPA,DEPOSITOS,CTS,RENDIMIENTO ASOCIADO A LOS DEPOSITOS CTS,29-07-2025,6.5,6.5,0,0,,
CMCP LIMA,,AREQUIPA,DEPOSITOS,CTS,RENDIMIENTO ASOCIADO A LOS DEPOSITOS CTS,29-07-2025,6.3,6.5,1,1,,
CRAC INCASUR,,AREQUIPA,DEPOSITOS,CTS,RENDIMIENTO ASOCIADO A LOS DEPOSITOS CTS,29-07-2025,6,7,0,0,,
CRAC CENCOSUD SCOTIA,,AREQUIPA,DEPOSITOS,CTS,RENDIMIENTO ASOCIADO A LOS DEPOSITOS CTS,29-07-2025,5.75,5.75,0,0,,
FINANCIERA CONFIANZA,,AREQUIPA,DEPOSITOS,CTS,RENDIMIENTO ASOCIADO A LOS DEPOSITOS CTS,29-07-2025,5.5,6,0.01,0.01,,
BN. SANTANDER CONS.,,AREQUIPA,DEPOSITOS,CTS,RENDIMIENTO ASOCIADO A LOS DEPOSITOS CTS,29-07-2025,5.5,5.5,0.8,0.8,,
CMAC TRUJILLO,,AREQUIPA,DEPOSITOS,CTS,RENDIMIENTO ASOCIADO A LOS DEPOSITOS CTS,29-07-2025,5.5,7.5,0.25,0.5,,
COMPARTAMOS BANCO,,AREQUIPA,DEPOSITOS,CTS,RENDIMIENTO ASOCIADO A LOS DEPOSITOS CTS,29-07-2025,5.5,6,0.2,0.2,,
BANCO RIPLEY,,AREQUIPA,DEPOSITOS,CTS,RENDIMIENTO ASOCIADO A LOS DEPOSITOS CTS,29-07-2025,5.25,5.25,1,1,,
BANCO FALABELLA,,AREQUIPA,DEPOSITOS,CTS,RENDIMIENTO ASOCIADO A LOS DEPOSITOS CTS,29-07-2025,5,6,1.5,1.75,,
CMAC HUANCAYO,,AREQUIPA,DEPOSITOS,CTS,RENDIMIENTO ASOCIADO A LOS DEPOSITOS CTS,29-07-2025,5,6,1,1,,
BANCOM,,AREQUIPA,DEPOSITOS,CTS,RENDIMIENTO ASOCIADO A LOS DEPOSITOS CTS,29-07-2025,5,5,2,2,,
CMAC CUSCO,,AREQUIPA,DEPOSITOS,CTS,RENDIMIENTO ASOCIADO A LOS DEPOSITOS CTS,29-07-2025,5,6.5,0.25,0.25,,
CMAC AREQUIPA,,AREQUIPA,DEPOSITOS,CTS,RENDIMIENTO ASOCIADO A LOS DEPOSITOS CTS,29-07-2025,4.75,5.75,0.25,0.4,,
CMAC TACNA,,AREQUIPA,DEPOSITOS,CTS,RENDIMIENTO ASOCIADO A LOS DEPOSITOS CTS,29-07-2025,4.5,6.5,0.25,0.6,,
CMAC ICA,,AREQUIPA,DEPOSITOS,CTS,RENDIMIENTO ASOCIADO A LOS DEPOSITOS CTS,29-07-2025,4,5.5,1,1.5,,
BANCO GNB,,AREQUIPA,DEPOSITOS,CTS,RENDIMIENTO ASOCIADO A LOS DEPOSITOS CTS,29-07-2025,3.75,5.5,1.3,2,,
MIBANCO,,AREQUIPA,DEPOSITOS,CTS,RENDIMIENTO ASOCIADO A LOS DEPOSITOS CTS,29-07-2025,3.75,5.75,1,1.3,,
BANBIF,,AREQUIPA,DEPOSITOS,CTS,RENDIMIENTO ASOCIADO A LOS DEPOSITOS CTS,29-07-2025,1.75,3,0.8,1.3,,
BBVA,,AREQUIPA,DEPOSITOS,CTS,RENDIMIENTO ASOCIADO A LOS DEPOSITOS CTS,29-07-2025,1.1,2.6,0.6,1.1,,
BANCO DE CREDITO,,AREQUIPA,DEPOSITOS,CTS,RENDIMIENTO ASOCIADO A LOS DEPOSITOS CTS,29-07-2025,1,3,0.5,1.25,,
BANCO PICHINCHA,,AREQUIPA,DEPOSITOS,CTS,RENDIMIENTO ASOCIADO A LOS DEPOSITOS CTS,29-07-2025,1,1,0.5,0.5,,
SCOTIABANK PERU,,AREQUIPA,DEPOSITOS,CTS,RENDIMIENTO ASOCIADO A LOS DEPOSITOS CTS,29-07-2025,0.3,2.6,0.15,1.1,,
INTERBANK,,AREQUIPA,DEPOSITOS,CTS,RENDIMIENTO ASOCIADO A LOS DEPOSITOS CTS,29-07-2025,0.25,1.5,0.1,0.7,,
BANCO FALABELLA,,AREQUIPA,DEPOSITOS,PLAZO FIJO EN DOLARES,DEPOSITOS A PLAZO POR US$. 1 500 A 360 DIAS,29-07-2025,,,,,2,
BANCO PICHINCHA,,AREQUIPA,DEPOSITOS,PLAZO FIJO EN DOLARES,DEPOSITOS A PLAZO POR US$. 1 500 A 360 DIAS,29-07-2025,,,,,1,
SCOTIABANK PERU,,AREQUIPA,DEPOSITOS,PLAZO FIJO EN DOLARES,DEPOSITOS A PLAZO POR US$. 1 500 A 360 DIAS,29-07-2025,,,,,0.95,
BN. SANTANDER CONS.,,AREQUIPA,DEPOSITOS,PLAZO FIJO EN DOLARES,DEPOSITOS A PLAZO POR US$. 1 500 A 360 DIAS,29-07-2025,,,,,0.8,
BBVA,,AREQUIPA,DEPOSITOS,PLAZO FIJO EN DOLARES,DEPOSITOS A PLAZO POR US$. 1 500 A 360 DIAS,29-07-2025,,,,,0.75,
BANCOM,,AREQUIPA,DEPOSITOS,PLAZO FIJO EN DOLARES,DEPOSITOS A PLAZO POR US$. 1 500 A 360 DIAS,29-07-2025,,,,,0.65,
CRAC LOS ANDES,,AREQUIPA,DEPOSITOS,PLAZO FIJO EN DOLARES,DEPOSITOS A PLAZO POR US$. 1 500 A 360 DIAS,29-07-2025,,,,,0.5,
BANCO GNB,,AREQUIPA,DEPOSITOS,PLAZO FIJO EN DOLARES,DEPOSITOS A PLAZO POR US$. 1 500 A 360 DIAS,29-07-2025,,,,,0.5,
CMCP LIMA,,AREQUIPA,DEPOSITOS,PLAZO FIJO EN DOLARES,DEPOSITOS A PLAZO POR US$. 1 500 A 360 DIAS,29-07-2025,,,,,0.45,
ALFIN BANCO,,AREQUIPA,DEPOSITOS,PLAZO FIJO EN DOLARES,DEPOSITOS A PLAZO POR US$. 1 500 A 360 DIAS,29-07-2025,,,,,0.4,
BANBIF,,AREQUIPA,DEPOSITOS,PLAZO FIJO EN DOLARES,DEPOSITOS A PLAZO POR US$. 1 500 A 360 DIAS,29-07-2025,,,,,0.4,
CMAC TACNA,,AREQUIPA,DEPOSITOS,PLAZO FIJO EN DOLARES,DEPOSITOS A PLAZO POR US$. 1 500 A 360 DIAS,29-07-2025,,,,,0.35,
CMAC HUANCAYO,,AREQUIPA,DEPOSITOS,PLAZO FIJO EN DOLARES,DEPOSITOS A PLAZO POR US$. 1 500 A 360 DIAS,29-07-2025,,,,,0.35,
MIBANCO,,AREQUIPA,DEPOSITOS,PLAZO FIJO EN DOLARES,DEPOSITOS A PLAZO POR US$. 1 500 A 360 DIAS,29-07-2025,,,,,0.35,
CMAC PIURA,,AREQUIPA,DEPOSITOS,PLAZO FIJO EN DOLARES,DEPOSITOS A PLAZO POR US$. 1 500 A 360 DIAS,29-07-2025,,,,,0.3,
INTERBANK,,AREQUIPA,DEPOSITOS,PLAZO FIJO EN DOLARES,DEPOSITOS A PLAZO POR US$. 1 500 A 360 DIAS,29-07-2025,,,,,0.3,
CMAC AREQUIPA,,AREQUIPA,DEPOSITOS,PLAZO FIJO EN DOLARES,DEPOSITOS A PLAZO POR US$. 1 500 A 360 DIAS,29-07-2025,,,,,0.3,
BANCO RIPLEY,,AREQUIPA,DEPOSITOS,PLAZO FIJO EN DOLARES,DEPOSITOS A PLAZO POR US$. 1 500 A 360 DIAS,29-07-2025,,,,,0.25,
FINANC. PROEMPRESA,,AREQUIPA,DEPOSITOS,PLAZO FIJO EN DOLARES,DEPOSITOS A PLAZO POR US$. 1 500 A 360 DIAS,29-07-2025,,,,,0.25,
BANCO DE CREDITO,,AREQUIPA,DEPOSITOS,PLAZO FIJO EN DOLARES,DEPOSITOS A PLAZO POR US$. 1 500 A 360 DIAS,29-07-2025,,,,,0.2,
CRAC CENCOSUD SCOTIA,,AREQUIPA,DEPOSITOS,PLAZO FIJO EN DOLARES,DEPOSITOS A PLAZO POR US$. 1 500 A 360 DIAS,29-07-2025,,,,,0.2,
CMAC ICA,,AREQUIPA,DEPOSITOS,PLAZO FIJO EN DOLARES,DEPOSITOS A PLAZO POR US$. 1 500 A 360 DIAS,29-07-2025,,,,,0.15,
CMAC TRUJILLO,,AREQUIPA,DEPOSITOS,PLAZO FIJO EN DOLARES,DEPOSITOS A PLAZO POR US$. 1 500 A 360 DIAS,29-07-2025,,,,,0.11,
FINANCIERA CONFIANZA,,AREQUIPA,DEPOSITOS,PLAZO FIJO EN DOLARES,DEPOSITOS A PLAZO POR US$. 1 500 A 360 DIAS,29-07-2025,,,,,0.01,
CMAC CUSCO,,AREQUIPA,DEPOSITOS,PLAZO FIJO EN DOLARES,DEPOSITOS A PLAZO POR US$. 1 500 A 360 DIAS,29-07-2025,,,,,0.01,
BANCO FALABELLA,,AREQUIPA,DEPOSITOS,PLAZO FIJO EN DOLARES,DEPOSITOS A PLAZO POR US$. 10 000 A 360 DIAS,29-07-2025,,,,,2,
BANCO PICHINCHA,,AREQUIPA,DEPOSITOS,PLAZO FIJO EN DOLARES,DEPOSITOS A PLAZO POR US$. 10 000 A 360 DIAS,29-07-2025,,,,,1,
SCOTIABANK PERU,,AREQUIPA,DEPOSITOS,PLAZO FIJO EN DOLARES,DEPOSITOS A PLAZO POR US$. 10 000 A 360 DIAS,29-07-2025,,,,,0.95,
BN. SANTANDER CONS.,,AREQUIPA,DEPOSITOS,PLAZO FIJO EN DOLARES,DEPOSITOS A PLAZO POR US$. 10 000 A 360 DIAS,29-07-2025,,,,,0.8,
BBVA,,AREQUIPA,DEPOSITOS,PLAZO FIJO EN DOLARES,DEPOSITOS A PLAZO POR US$. 10 000 A 360 DIAS,29-07-2025,,,,,0.75,
BANCOM,,AREQUIPA,DEPOSITOS,PLAZO FIJO EN DOLARES,DEPOSITOS A PLAZO POR US$. 10 000 A 360 DIAS,29-07-2025,,,,,0.65,
BANBIF,,AREQUIPA,DEPOSITOS,PLAZO FIJO EN DOLARES,DEPOSITOS A PLAZO POR US$. 10 000 A 360 DIAS,29-07-2025,,,,,0.5,
CRAC LOS ANDES,,AREQUIPA,DEPOSITOS,PLAZO FIJO EN DOLARES,DEPOSITOS A PLAZO POR US$. 10 000 A 360 DIAS,29-07-2025,,,,,0.5,
BANCO GNB,,AREQUIPA,DEPOSITOS,PLAZO FIJO EN DOLARES,DEPOSITOS A PLAZO POR US$. 10 000 A 360 DIAS,29-07-2025,,,,,0.5,
CMCP LIMA,,AREQUIPA,DEPOSITOS,PLAZO FIJO EN DOLARES,DEPOSITOS A PLAZO POR US$. 10 000 A 360 DIAS,29-07-2025,,,,,0.45,
ALFIN BANCO,,AREQUIPA,DEPOSITOS,PLAZO FIJO EN DOLARES,DEPOSITOS A PLAZO POR US$. 10 000 A 360 DIAS,29-07-2025,,,,,0.4,
CMAC HUANCAYO,,AREQUIPA,DEPOSITOS,PLAZO FIJO EN DOLARES,DEPOSITOS A PLAZO POR US$. 10 000 A 360 DIAS,29-07-2025,,,,,0.4,
CMAC TACNA,,AREQUIPA,DEPOSITOS,PLAZO FIJO EN DOLARES,DEPOSITOS A PLAZO POR US$. 10 000 A 360 DIAS,29-07-2025,,,,,0.35,
CMAC AREQUIPA,,AREQUIPA,DEPOSITOS,PLAZO FIJO EN DOLARES,DEPOSITOS A PLAZO POR US$. 10 000 A 360 DIAS,29-07-2025,,,,,0.35,
MIBANCO,,AREQUIPA,DEPOSITOS,PLAZO FIJO EN DOLARES,DEPOSITOS A PLAZO POR US$. 10 000 A 360 DIAS,29-07-2025,,,,,0.35,
CMAC PIURA,,AREQUIPA,DEPOSITOS,PLAZO FIJO EN DOLARES,DEPOSITOS A PLAZO POR US$. 10 000 A 360 DIAS,29-07-2025,,,,,0.3,
INTERBANK,,AREQUIPA,DEPOSITOS,PLAZO FIJO EN DOLARES,DEPOSITOS A PLAZO POR US$. 10 000 A 360 DIAS,29-07-2025,,,,,0.3,
BANCO DE CREDITO,,AREQUIPA,DEPOSITOS,PLAZO FIJO EN DOLARES,DEPOSITOS A PLAZO POR US$. 10 000 A 360 DIAS,29-07-2025,,,,,0.25,
BANCO RIPLEY,,AREQUIPA,DEPOSITOS,PLAZO FIJO EN DOLARES,DEPOSITOS A PLAZO POR US$. 10 000 A 360 DIAS,29-07-2025,,,,,0.25,
FINANC. PROEMPRESA,,AREQUIPA,DEPOSITOS,PLAZO FIJO EN DOLARES,DEPOSITOS A PLAZO POR US$. 10 000 A 360 DIAS,29-07-2025,,,,,0.25,
CRAC CENCOSUD SCOTIA,,AREQUIPA,DEPOSITOS,PLAZO FIJO EN DOLARES,DEPOSITOS A PLAZO POR US$. 10 000 A 360 DIAS,29-07-2025,,,,,0.2,
CMAC ICA,,AREQUIPA,DEPOSITOS,PLAZO FIJO EN DOLARES,DEPOSITOS A PLAZO POR US$. 10 000 A 360 DIAS,29-07-2025,,,,,0.15,
CMAC TRUJILLO,,AREQUIPA,DEPOSITOS,PLAZO FIJO EN DOLARES,DEPOSITOS A PLAZO POR US$. 10 000 A 360 DIAS,29-07-2025,,,,,0.11,
CMAC CUSCO,,AREQUIPA,DEPOSITOS,PLAZO FIJO EN DOLARES,DEPOSITOS A PLAZO POR US$. 10 000 A 360 DIAS,29-07-2025,,,,,0.1,
FINANCIERA CONFIANZA,,AREQUIPA,DEPOSITOS,PLAZO FIJO EN DOLARES,DEPOSITOS A PLAZO POR US$. 10 000 A 360 DIAS,29-07-2025,,,,,0.01,
COMPARTAMOS BANCO,,AREQUIPA,DEPOSITOS,PLAZO FIJO EN DOLARES,DEPOSITOS A PLAZO POR US$. 10 000 A 360 DIAS,29-07-2025,,,,,0.01,
BANCO FALABELLA,,AREQUIPA,DEPOSITOS,PLAZO FIJO EN DOLARES,DEPOSITOS A PLAZO POR US$. 3 000 A 360 DIAS,29-07-2025,,,,,2,
BANCO PICHINCHA,,AREQUIPA,DEPOSITOS,PLAZO FIJO EN DOLARES,DEPOSITOS A PLAZO POR US$. 3 000 A 360 DIAS,29-07-2025,,,,,1,
SCOTIABANK PERU,,AREQUIPA,DEPOSITOS,PLAZO FIJO EN DOLARES,DEPOSITOS A PLAZO POR US$. 3 000 A 360 DIAS,29-07-2025,,,,,0.95,
BN. SANTANDER CONS.,,AREQUIPA,DEPOSITOS,PLAZO FIJO EN DOLARES,DEPOSITOS A PLAZO POR US$. 3 000 A 360 DIAS,29-07-2025,,,,,0.8,
BBVA,,AREQUIPA,DEPOSITOS,PLAZO FIJO EN DOLARES,DEPOSITOS A PLAZO POR US$. 3 000 A 360 DIAS,29-07-2025,,,,,0.75,
BANCOM,,AREQUIPA,DEPOSITOS,PLAZO FIJO EN DOLARES,DEPOSITOS A PLAZO POR US$. 3 000 A 360 DIAS,29-07-2025,,,,,0.65,
CRAC LOS ANDES,,AREQUIPA,DEPOSITOS,PLAZO FIJO EN DOLARES,DEPOSITOS A PLAZO POR US$. 3 000 A 360 DIAS,29-07-2025,,,,,0.5,
BANCO GNB,,AREQUIPA,DEPOSITOS,PLAZO FIJO EN DOLARES,DEPOSITOS A PLAZO POR US$. 3 000 A 360 DIAS,29-07-2025,,,,,0.5,
CMCP LIMA,,AREQUIPA,DEPOSITOS,PLAZO FIJO EN DOLARES,DEPOSITOS A PLAZO POR US$. 3 000 A 360 DIAS,29-07-2025,,,,,0.45,
ALFIN BANCO,,AREQUIPA,DEPOSITOS,PLAZO FIJO EN DOLARES,DEPOSITOS A PLAZO POR US$. 3 000 A 360 DIAS,29-07-2025,,,,,0.4,
BANBIF,,AREQUIPA,DEPOSITOS,PLAZO FIJO EN DOLARES,DEPOSITOS A PLAZO POR US$. 3 000 A 360 DIAS,29-07-2025,,,,,0.4,
CMAC TACNA,,AREQUIPA,DEPOSITOS,PLAZO FIJO EN DOLARES,DEPOSITOS A PLAZO POR US$. 3 000 A 360 DIAS,29-07-2025,,,,,0.35,
CMAC HUANCAYO,,AREQUIPA,DEPOSITOS,PLAZO FIJO EN DOLARES,DEPOSITOS A PLAZO POR US$. 3 000 A 360 DIAS,29-07-2025,,,,,0.35,
MIBANCO,,AREQUIPA,DEPOSITOS,PLAZO FIJO EN DOLARES,DEPOSITOS A PLAZO POR US$. 3 000 A 360 DIAS,29-07-2025,,,,,0.35,
CMAC PIURA,,AREQUIPA,DEPOSITOS,PLAZO FIJO EN DOLARES,DEPOSITOS A PLAZO POR US$. 3 000 A 360 DIAS,29-07-2025,,,,,0.3,
INTERBANK,,AREQUIPA,DEPOSITOS,PLAZO FIJO EN DOLARES,DEPOSITOS A PLAZO POR US$. 3 000 A 360 DIAS,29-07-2025,,,,,0.3,
CMAC AREQUIPA,,AREQUIPA,DEPOSITOS,PLAZO FIJO EN DOLARES,DEPOSITOS A PLAZO POR US$. 3 000 A 360 DIAS,29-07-2025,,,,,0.3,
BANCO RIPLEY,,AREQUIPA,DEPOSITOS,PLAZO FIJO EN DOLARES,DEPOSITOS A PLAZO POR US$. 3 000 A 360 DIAS,29-07-2025,,,,,0.25,
FINANC. PROEMPRESA,,AREQUIPA,DEPOSITOS,PLAZO FIJO EN DOLARES,DEPOSITOS A PLAZO POR US$. 3 000 A 360 DIAS,29-07-2025,,,,,0.25,
BANCO DE CREDITO,,AREQUIPA,DEPOSITOS,PLAZO FIJO EN DOLARES,DEPOSITOS A PLAZO POR US$. 3 000 A 360 DIAS,29-07-2025,,,,,0.2,
CRAC CENCOSUD SCOTIA,,AREQUIPA,DEPOSITOS,PLAZO FIJO EN DOLARES,DEPOSITOS A PLAZO POR US$. 3 000 A 360 DIAS,29-07-2025,,,,,0.2,
CMAC ICA,,AREQUIPA,DEPOSITOS,PLAZO FIJO EN DOLARES,DEPOSITOS A PLAZO POR US$. 3 000 A 360 DIAS,29-07-2025,,,,,0.15,
CMAC TRUJILLO,,AREQUIPA,DEPOSITOS,PLAZO FIJO EN DOLARES,DEPOSITOS A PLAZO POR US$. 3 000 A 360 DIAS,29-07-2025,,,,,0.11,
FINANCIERA CONFIANZA,,AREQUIPA,DEPOSITOS,PLAZO FIJO EN DOLARES,DEPOSITOS A PLAZO POR US$. 3 000 A 360 DIAS,29-07-2025,,,,,0.01,
CMAC CUSCO,,AREQUIPA,DEPOSITOS,PLAZO FIJO EN DOLARES,DEPOSITOS A PLAZO POR US$. 3 000 A 360 DIAS,29-07-2025,,,,,0.01,
FINANCIERA EFECTIVA,,AREQUIPA,DEPOSITOS,PLAZO FIJO EN SOLES,DEPOSITOS A PLAZO POR S/. 5 000 A 360 DIAS,29-07-2025,,,,,5.25,
BANCO RIPLEY,,AREQUIPA,DEPOSITOS,PLAZO FIJO EN SOLES,DEPOSITOS A PLAZO POR S/. 5 000 A 360 DIAS,29-07-2025,,,,,4.25,
BANCO FALABELLA,,AREQUIPA,DEPOSITOS,PLAZO FIJO EN SOLES,DEPOSITOS A PLAZO POR S/. 5 000 A 360 DIAS,29-07-2025,,,,,4,
CRAC LOS ANDES,,AREQUIPA,DEPOSITOS,PLAZO FIJO EN SOLES,DEPOSITOS A PLAZO POR S/. 5 000 A 360 DIAS,29-07-2025,,,,,4,
CRAC CENCOSUD SCOTIA,,AREQUIPA,DEPOSITOS,PLAZO FIJO EN SOLES,DEPOSITOS A PLAZO POR S/. 5 000 A 360 DIAS,29-07-2025,,,,,4,
FINANCIERA CONFIANZA,,AREQUIPA,DEPOSITOS,PLAZO FIJO EN SOLES,DEPOSITOS A PLAZO POR S/. 5 000 A 360 DIAS,29-07-2025,,,,,3.5,
BBVA,,AREQUIPA,DEPOSITOS,PLAZO FIJO EN SOLES,DEPOSITOS A PLAZO POR S/. 5 000 A 360 DIAS,29-07-2025,,,,,3.5,
CMCP LIMA,,AREQUIPA,DEPOSITOS,PLAZO FIJO EN SOLES,DEPOSITOS A PLAZO POR S/. 5 000 A 360 DIAS,29-07-2025,,,,,3.4,
COMPARTAMOS BANCO,,AREQUIPA,DEPOSITOS,PLAZO FIJO EN SOLES,DEPOSITOS A PLAZO POR S/. 5 000 A 360 DIAS,29-07-2025,,,,,3.3,
CMAC TRUJILLO,,AREQUIPA,DEPOSITOS,PLAZO FIJO EN SOLES,DEPOSITOS A PLAZO POR S/. 5 000 A 360 DIAS,29-07-2025,,,,,3.2,
CRAC INCASUR,,AREQUIPA,DEPOSITOS,PLAZO FIJO EN SOLES,DEPOSITOS A PLAZO POR S/. 5 000 A 360 DIAS,29-07-2025,,,,,3.1,
CMAC PIURA,,AREQUIPA,DEPOSITOS,PLAZO FIJO EN SOLES,DEPOSITOS A PLAZO POR S/. 5 000 A 360 DIAS,29-07-2025,,,,,3,
CMAC ICA,,AREQUIPA,DEPOSITOS,PLAZO FIJO EN SOLES,DEPOSITOS A PLAZO POR S/. 5 000 A 360 DIAS,29-07-2025,,,,,3,
CMAC HUANCAYO,,AREQUIPA,DEPOSITOS,PLAZO FIJO EN SOLES,DEPOSITOS A PLAZO POR S/. 5 000 A 360 DIAS,29-07-2025,,,,,2.85,
BN. SANTANDER CONS.,,AREQUIPA,DEPOSITOS,PLAZO FIJO EN SOLES,DEPOSITOS A PLAZO POR S/. 5 000 A 360 DIAS,29-07-2025,,,,,2.8,
BANCOM,,AREQUIPA,DEPOSITOS,PLAZO FIJO EN SOLES,DEPOSITOS A PLAZO POR S/. 5 000 A 360 DIAS,29-07-2025,,,,,2.75,
CMAC TACNA,,AREQUIPA,DEPOSITOS,PLAZO FIJO EN SOLES,DEPOSITOS A PLAZO POR S/. 5 000 A 360 DIAS,29-07-2025,,,,,2.7,
CMAC CUSCO,,AREQUIPA,DEPOSITOS,PLAZO FIJO EN SOLES,DEPOSITOS A PLAZO POR S/. 5 000 A 360 DIAS,29-07-2025,,,,,2.6,
ALFIN BANCO,,AREQUIPA,DEPOSITOS,PLAZO FIJO EN SOLES,DEPOSITOS A PLAZO POR S/. 5 000 A 360 DIAS,29-07-2025,,,,,2.5,
FINANC. PROEMPRESA,,AREQUIPA,DEPOSITOS,PLAZO FIJO EN SOLES,DEPOSITOS A PLAZO POR S/. 5 000 A 360 DIAS,29-07-2025,,,,,1.8,
CMAC AREQUIPA,,AREQUIPA,DEPOSITOS,PLAZO FIJO EN SOLES,DEPOSITOS A PLAZO POR S/. 5 000 A 360 DIAS,29-07-2025,,,,,1.7,
BANBIF,,AREQUIPA,DEPOSITOS,PLAZO FIJO EN SOLES,DEPOSITOS A PLAZO POR S/. 5 000 A 360 DIAS,29-07-2025,,,,,1.4,
BANCO GNB,,AREQUIPA,DEPOSITOS,PLAZO FIJO EN SOLES,DEPOSITOS A PLAZO POR S/. 5 000 A 360 DIAS,29-07-2025,,,,,1.25,
MIBANCO,,AREQUIPA,DEPOSITOS,PLAZO FIJO EN SOLES,DEPOSITOS A PLAZO POR S/. 5 000 A 360 DIAS,29-07-2025,,,,,1.15,
BANCO PICHINCHA,,AREQUIPA,DEPOSITOS,PLAZO FIJO EN SOLES,DEPOSITOS A PLAZO POR S/. 5 000 A 360 DIAS,29-07-2025,,,,,1,
SCOTIABANK PERU,,AREQUIPA,DEPOSITOS,PLAZO FIJO EN SOLES,DEPOSITOS A PLAZO POR S/. 5 000 A 360 DIAS,29-07-2025,,,,,0.75,
INTERBANK,,AREQUIPA,DEPOSITOS,PLAZO FIJO EN SOLES,DEPOSITOS A PLAZO POR S/. 5 000 A 360 DIAS,29-07-2025,,,,,0.5,
BANCO DE CREDITO,,AREQUIPA,DEPOSITOS,PLAZO FIJO EN SOLES,DEPOSITOS A PLAZO POR S/. 5 000 A 360 DIAS,29-07-2025,,,,,0.2,
FINANCIERA EFECTIVA,,AREQUIPA,DEPOSITOS,PLAZO FIJO EN SOLES,DEPOSITOS A PLAZO POR S/. 10 000 A 360 DIAS,29-07-2025,,,,,,5.25
BANCO RIPLEY,,AREQUIPA,DEPOSITOS,PLAZO FIJO EN SOLES,DEPOSITOS A PLAZO POR S/. 10 000 A 360 DIAS,29-07-2025,,,,,,4.25
BANCO FALABELLA,,AREQUIPA,DEPOSITOS,PLAZO FIJO EN SOLES,DEPOSITOS A PLAZO POR S/. 10 000 A 360 DIAS,29-07-2025,,,,,,4
CRAC LOS ANDES,,AREQUIPA,DEPOSITOS,PLAZO FIJO EN SOLES,DEPOSITOS A PLAZO POR S/. 10 000 A 360 DIAS,29-07-2025,,,,,,4
CRAC CENCOSUD SCOTIA,,AREQUIPA,DEPOSITOS,PLAZO FIJO EN SOLES,DEPOSITOS A PLAZO POR S/. 10 000 A 360 DIAS,29-07-2025,,,,,,4
FINANCIERA CONFIANZA,,AREQUIPA,DEPOSITOS,PLAZO FIJO EN SOLES,DEPOSITOS A PLAZO POR S/. 10 000 A 360 DIAS,29-07-2025,,,,,,3.5
BBVA,,AREQUIPA,DEPOSITOS,PLAZO FIJO EN SOLES,DEPOSITOS A PLAZO POR S/. 10 000 A 360 DIAS,29-07-2025,,,,,,3.5
CMCP LIMA,,AREQUIPA,DEPOSITOS,PLAZO FIJO EN SOLES,DEPOSITOS A PLAZO POR S/. 10 000 A 360 DIAS,29-07-2025,,,,,,3.4
COMPARTAMOS BANCO,,AREQUIPA,DEPOSITOS,PLAZO FIJO EN SOLES,DEPOSITOS A PLAZO POR S/. 10 000 A 360 DIAS,29-07-2025,,,,,,3.3
CRAC INCASUR,,AREQUIPA,DEPOSITOS,PLAZO FIJO EN SOLES,DEPOSITOS A PLAZO POR S/. 10 000 A 360 DIAS,29-07-2025,,,,,,3.1
CMAC PIURA,,AREQUIPA,DEPOSITOS,PLAZO FIJO EN SOLES,DEPOSITOS A PLAZO POR S/. 10 000 A 360 DIAS,29-07-2025,,,,,,3
CMAC ICA,,AREQUIPA,DEPOSITOS,PLAZO FIJO EN SOLES,DEPOSITOS A PLAZO POR S/. 10 000 A 360 DIAS,29-07-2025,,,,,,3
CMAC HUANCAYO,,AREQUIPA,DEPOSITOS,PLAZO FIJO EN SOLES,DEPOSITOS A PLAZO POR S/. 10 000 A 360 DIAS,29-07-2025,,,,,,2.85
BN. SANTANDER CONS.,,AREQUIPA,DEPOSITOS,PLAZO FIJO EN SOLES,DEPOSITOS A PLAZO POR S/. 10 000 A 360 DIAS,29-07-2025,,,,,,2.8
BANCOM,,AREQUIPA,DEPOSITOS,PLAZO FIJO EN SOLES,DEPOSITOS A PLAZO POR S/. 10 000 A 360 DIAS,29-07-2025,,,,,,2.75
CMAC TACNA,,AREQUIPA,DEPOSITOS,PLAZO FIJO EN SOLES,DEPOSITOS A PLAZO POR S/. 10 000 A 360 DIAS,29-07-2025,,,,,,2.7
CMAC CUSCO,,AREQUIPA,DEPOSITOS,PLAZO FIJO EN SOLES,DEPOSITOS A PLAZO POR S/. 10 000 A 360 DIAS,29-07-2025,,,,,,2.6
ALFIN BANCO,,AREQUIPA,DEPOSITOS,PLAZO FIJO EN SOLES,DEPOSITOS A PLAZO POR S/. 10 000 A 360 DIAS,29-07-2025,,,,,,2.5
FINANC. PROEMPRESA,,AREQUIPA,DEPOSITOS,PLAZO FIJO EN SOLES,DEPOSITOS A PLAZO POR S/. 10 000 A 360 DIAS,29-07-2025,,,,,,1.8
CMAC AREQUIPA,,AREQUIPA,DEPOSITOS,PLAZO FIJO EN SOLES,DEPOSITOS A PLAZO POR S/. 10 000 A 360 DIAS,29-07-2025,,,,,,1.7
BANBIF,,AREQUIPA,DEPOSITOS,PLAZO FIJO EN SOLES,DEPOSITOS A PLAZO POR S/. 10 000 A 360 DIAS,29-07-2025,,,,,,1.4
BANCO GNB,,AREQUIPA,DEPOSITOS,PLAZO FIJO EN SOLES,DEPOSITOS A PLAZO POR S/. 10 000 A 360 DIAS,29-07-2025,,,,,,1.25
MIBANCO,,AREQUIPA,DEPOSITOS,PLAZO FIJO EN SOLES,DEPOSITOS A PLAZO POR S/. 10 000 A 360 DIAS,29-07-2025,,,,,,1.15
BANCO PICHINCHA,,AREQUIPA,DEPOSITOS,PLAZO FIJO EN SOLES,DEPOSITOS A PLAZO POR S/. 10 000 A 360 DIAS,29-07-2025,,,,,,1
SCOTIABANK PERU,,AREQUIPA,DEPOSITOS,PLAZO FIJO EN SOLES,DEPOSITOS A PLAZO POR S/. 10 000 A 360 DIAS,29-07-2025,,,,,,0.75
INTERBANK,,AREQUIPA,DEPOSITOS,PLAZO FIJO EN SOLES,DEPOSITOS A PLAZO POR S/. 10 000 A 360 DIAS,29-07-2025,,,,,,0.5
BANCO DE CREDITO,,AREQUIPA,DEPOSITOS,PLAZO FIJO EN SOLES,DEPOSITOS A PLAZO POR S/. 10 000 A 360 DIAS,29-07-2025,,,,,,0.25
FINANCIERA EFECTIVA,,AREQUIPA,DEPOSITOS,PLAZO FIJO EN SOLES,DEPOSITOS A PLAZO POR S/. 2 500 A 360 DIAS,29-07-2025,,,,,5.25,
BANCO RIPLEY,,AREQUIPA,DEPOSITOS,PLAZO FIJO EN SOLES,DEPOSITOS A PLAZO POR S/. 2 500 A 360 DIAS,29-07-2025,,,,,4.25,
BANCO FALABELLA,,AREQUIPA,DEPOSITOS,PLAZO FIJO EN SOLES,DEPOSITOS A PLAZO POR S/. 2 500 A 360 DIAS,29-07-2025,,,,,4,
CRAC LOS ANDES,,AREQUIPA,DEPOSITOS,PLAZO FIJO EN SOLES,DEPOSITOS A PLAZO POR S/. 2 500 A 360 DIAS,29-07-2025,,,,,4,
CRAC CENCOSUD SCOTIA,,AREQUIPA,DEPOSITOS,PLAZO FIJO EN SOLES,DEPOSITOS A PLAZO POR S/. 2 500 A 360 DIAS,29-07-2025,,,,,4,
FINANCIERA CONFIANZA,,AREQUIPA,DEPOSITOS,PLAZO FIJO EN SOLES,DEPOSITOS A PLAZO POR S/. 2 500 A 360 DIAS,29-07-2025,,,,,3.5,
BBVA,,AREQUIPA,DEPOSITOS,PLAZO FIJO EN SOLES,DEPOSITOS A PLAZO POR S/. 2 500 A 360 DIAS,29-07-2025,,,,,3.5,
CMCP LIMA,,AREQUIPA,DEPOSITOS,PLAZO FIJO EN SOLES,DEPOSITOS A PLAZO POR S/. 2 500 A 360 DIAS,29-07-2025,,,,,3.4,
COMPARTAMOS BANCO,,AREQUIPA,DEPOSITOS,PLAZO FIJO EN SOLES,DEPOSITOS A PLAZO POR S/. 2 500 A 360 DIAS,29-07-2025,,,,,3.3,
CMAC TRUJILLO,,AREQUIPA,DEPOSITOS,PLAZO FIJO EN SOLES,DEPOSITOS A PLAZO POR S/. 2 500 A 360 DIAS,29-07-2025,,,,,3.2,
CRAC INCASUR,,AREQUIPA,DEPOSITOS,PLAZO FIJO EN SOLES,DEPOSITOS A PLAZO POR S/. 2 500 A 360 DIAS,29-07-2025,,,,,3.1,
CMAC PIURA,,AREQUIPA,DEPOSITOS,PLAZO FIJO EN SOLES,DEPOSITOS A PLAZO POR S/. 2 500 A 360 DIAS,29-07-2025,,,,,3,
CMAC ICA,,AREQUIPA,DEPOSITOS,PLAZO FIJO EN SOLES,DEPOSITOS A PLAZO POR S/. 2 500 A 360 DIAS,29-07-2025,,,,,3,
CMAC HUANCAYO,,AREQUIPA,DEPOSITOS,PLAZO FIJO EN SOLES,DEPOSITOS A PLAZO POR S/. 2 500 A 360 DIAS,29-07-2025,,,,,2.85,
BN. SANTANDER CONS.,,AREQUIPA,DEPOSITOS,PLAZO FIJO EN SOLES,DEPOSITOS A PLAZO POR S/. 2 500 A 360 DIAS,29-07-2025,,,,,2.8,
BANCOM,,AREQUIPA,DEPOSITOS,PLAZO FIJO EN SOLES,DEPOSITOS A PLAZO POR S/. 2 500 A 360 DIAS,29-07-2025,,,,,2.75,
CMAC TACNA,,AREQUIPA,DEPOSITOS,PLAZO FIJO EN SOLES,DEPOSITOS A PLAZO POR S/. 2 500 A 360 DIAS,29-07-2025,,,,,2.7,
CMAC CUSCO,,AREQUIPA,DEPOSITOS,PLAZO FIJO EN SOLES,DEPOSITOS A PLAZO POR S/. 2 500 A 360 DIAS,29-07-2025,,,,,2.6,
ALFIN BANCO,,AREQUIPA,DEPOSITOS,PLAZO FIJO EN SOLES,DEPOSITOS A PLAZO POR S/. 2 500 A 360 DIAS,29-07-2025,,,,,2.5,
CMAC AREQUIPA,,AREQUIPA,DEPOSITOS,PLAZO FIJO EN SOLES,DEPOSITOS A PLAZO POR S/. 2 500 A 360 DIAS,29-07-2025,,,,,1.7,
FINANC. PROEMPRESA,,AREQUIPA,DEPOSITOS,PLAZO FIJO EN SOLES,DEPOSITOS A PLAZO POR S/. 2 500 A 360 DIAS,29-07-2025,,,,,1.6,
BANBIF,,AREQUIPA,DEPOSITOS,PLAZO FIJO EN SOLES,DEPOSITOS A PLAZO POR S/. 2 500 A 360 DIAS,29-07-2025,,,,,1.4,
BANCO GNB,,AREQUIPA,DEPOSITOS,PLAZO FIJO EN SOLES,DEPOSITOS A PLAZO POR S/. 2 500 A 360 DIAS,29-07-2025,,,,,1.25,
MIBANCO,,AREQUIPA,DEPOSITOS,PLAZO FIJO EN SOLES,DEPOSITOS A PLAZO POR S/. 2 500 A 360 DIAS,29-07-2025,,,,,1.15,
BANCO PICHINCHA,,AREQUIPA,DEPOSITOS,PLAZO FIJO EN SOLES,DEPOSITOS A PLAZO POR S/. 2 500 A 360 DIAS,29-07-2025,,,,,1,
SCOTIABANK PERU,,AREQUIPA,DEPOSITOS,PLAZO FIJO EN SOLES,DEPOSITOS A PLAZO POR S/. 2 500 A 360 DIAS,29-07-2025,,,,,0.75,
INTERBANK,,AREQUIPA,DEPOSITOS,PLAZO FIJO EN SOLES,DEPOSITOS A PLAZO POR S/. 2 500 A 360 DIAS,29-07-2025,,,,,0.5,
BANCO DE CREDITO,,AREQUIPA,DEPOSITOS,PLAZO FIJO EN SOLES,DEPOSITOS A PLAZO POR S/. 2 500 A 360 DIAS,29-07-2025,,,,,0.2,
FINANCIERA EFECTIVA,,AREQUIPA,DEPOSITOS,PLAZO FIJO EN SOLES,DEPOSITOS A PLAZO POR S/. 20 000 A 360 DIAS,29-07-2025,,,,,5.25,
BANCO RIPLEY,,AREQUIPA,DEPOSITOS,PLAZO FIJO EN SOLES,DEPOSITOS A PLAZO POR S/. 20 000 A 360 DIAS,29-07-2025,,,,,4.25,
FINANC. PROEMPRESA,,AREQUIPA,DEPOSITOS,PLAZO FIJO EN SOLES,DEPOSITOS A PLAZO POR S/. 20 000 A 360 DIAS,29-07-2025,,,,,4.2,
BANCO FALABELLA,,AREQUIPA,DEPOSITOS,PLAZO FIJO EN SOLES,DEPOSITOS A PLAZO POR S/. 20 000 A 360 DIAS,29-07-2025,,,,,4,
CRAC LOS ANDES,,AREQUIPA,DEPOSITOS,PLAZO FIJO EN SOLES,DEPOSITOS A PLAZO POR S/. 20 000 A 360 DIAS,29-07-2025,,,,,4,
CRAC CENCOSUD SCOTIA,,AREQUIPA,DEPOSITOS,PLAZO FIJO EN SOLES,DEPOSITOS A PLAZO POR S/. 20 000 A 360 DIAS,29-07-2025,,,,,4,
FINANCIERA CONFIANZA,,AREQUIPA,DEPOSITOS,PLAZO FIJO EN SOLES,DEPOSITOS A PLAZO POR S/. 20 000 A 360 DIAS,29-07-2025,,,,,3.5,
BBVA,,AREQUIPA,DEPOSITOS,PLAZO FIJO EN SOLES,DEPOSITOS A PLAZO POR S/. 20 000 A 360 DIAS,29-07-2025,,,,,3.5,
CMAC TRUJILLO,,AREQUIPA,DEPOSITOS,PLAZO FIJO EN SOLES,DEPOSITOS A PLAZO POR S/. 20 000 A 360 DIAS,29-07-2025,,,,,3.5,
CMCP LIMA,,AREQUIPA,DEPOSITOS,PLAZO FIJO EN SOLES,DEPOSITOS A PLAZO POR S/. 20 000 A 360 DIAS,29-07-2025,,,,,3.4,
COMPARTAMOS BANCO,,AREQUIPA,DEPOSITOS,PLAZO FIJO EN SOLES,DEPOSITOS A PLAZO POR S/. 20 000 A 360 DIAS,29-07-2025,,,,,3.4,
CRAC INCASUR,,AREQUIPA,DEPOSITOS,PLAZO FIJO EN SOLES,DEPOSITOS A PLAZO POR S/. 20 000 A 360 DIAS,29-07-2025,,,,,3.2,
CMAC ICA,,AREQUIPA,DEPOSITOS,PLAZO FIJO EN SOLES,DEPOSITOS A PLAZO POR S/. 20 000 A 360 DIAS,29-07-2025,,,,,3.1,
CMAC PIURA,,AREQUIPA,DEPOSITOS,PLAZO FIJO EN SOLES,DEPOSITOS A PLAZO POR S/. 20 000 A 360 DIAS,29-07-2025,,,,,3,
CMAC HUANCAYO,,AREQUIPA,DEPOSITOS,PLAZO FIJO EN SOLES,DEPOSITOS A PLAZO POR S/. 20 000 A 360 DIAS,29-07-2025,,,,,2.95,
CMAC TACNA,,AREQUIPA,DEPOSITOS,PLAZO FIJO EN SOLES,DEPOSITOS A PLAZO POR S/. 20 000 A 360 DIAS,29-07-2025,,,,,2.8,
BN. SANTANDER CONS.,,AREQUIPA,DEPOSITOS,PLAZO FIJO EN SOLES,DEPOSITOS A PLAZO POR S/. 20 000 A 360 DIAS,29-07-2025,,,,,2.8,
BANCOM,,AREQUIPA,DEPOSITOS,PLAZO FIJO EN SOLES,DEPOSITOS A PLAZO POR S/. 20 000 A 360 DIAS,29-07-2025,,,,,2.75,
CMAC CUSCO,,AREQUIPA,DEPOSITOS,PLAZO FIJO EN SOLES,DEPOSITOS A PLAZO POR S/. 20 000 A 360 DIAS,29-07-2025,,,,,2.6,
ALFIN BANCO,,AREQUIPA,DEPOSITOS,PLAZO FIJO EN SOLES,DEPOSITOS A PLAZO POR S/. 20 000 A 360 DIAS,29-07-2025,,,,,2.5,
CMAC AREQUIPA,,AREQUIPA,DEPOSITOS,PLAZO FIJO EN SOLES,DEPOSITOS A PLAZO POR S/. 20 000 A 360 DIAS,29-07-2025,,,,,1.7,
BANBIF,,AREQUIPA,DEPOSITOS,PLAZO FIJO EN SOLES,DEPOSITOS A PLAZO POR S/. 20 000 A 360 DIAS,29-07-2025,,,,,1.4,
BANCO GNB,,AREQUIPA,DEPOSITOS,PLAZO FIJO EN SOLES,DEPOSITOS A PLAZO POR S/. 20 000 A 360 DIAS,29-07-2025,,,,,1.25,
MIBANCO,,AREQUIPA,DEPOSITOS,PLAZO FIJO EN SOLES,DEPOSITOS A PLAZO POR S/. 20 000 A 360 DIAS,29-07-2025,,,,,1.15,
BANCO PICHINCHA,,AREQUIPA,DEPOSITOS,PLAZO FIJO EN SOLES,DEPOSITOS A PLAZO POR S/. 20 000 A 360 DIAS,29-07-2025,,,,,1,
SCOTIABANK PERU,,AREQUIPA,DEPOSITOS,PLAZO FIJO EN SOLES,DEPOSITOS A PLAZO POR S/. 20 000 A 360 DIAS,29-07-2025,,,,,0.75,
INTERBANK,,AREQUIPA,DEPOSITOS,PLAZO FIJO EN SOLES,DEPOSITOS A PLAZO POR S/. 20 000 A 360 DIAS,29-07-2025,,,,,0.5,
BANCO DE CREDITO,,AREQUIPA,DEPOSITOS,PLAZO FIJO EN SOLES,DEPOSITOS A PLAZO POR S/. 20 000 A 360 DIAS,29-07-2025,,,,,0.25,
