fecha,tasa,fecha_carga
18-12-2024,4.5,2025-06-09
07-11-2024,4.75,2025-06-09
19-09-2024,5.0,2025-06-09
26-07-2023,5.5,2025-06-09
03-05-2023,5.25,2025-06-09
22-03-2023,5.0,2025-06-09
01-02-2023,4.75,2025-06-09
14-12-2022,4.5,2025-06-09
02-11-2022,4.0,2025-06-09
21-09-2022,3.25,2025-06-09
18-12-2024,4.5,2025-06-15
07-11-2024,4.75,2025-06-15
19-09-2024,5.0,2025-06-15
26-07-2023,5.5,2025-06-15
03-05-2023,5.25,2025-06-15
22-03-2023,5.0,2025-06-15
01-02-2023,4.75,2025-06-15
14-12-2022,4.5,2025-06-15
02-11-2022,4.0,2025-06-15
21-09-2022,3.25,2025-06-15
18-12-2024,4.5,2025-06-15
07-11-2024,4.75,2025-06-15
19-09-2024,5.0,2025-06-15
26-07-2023,5.5,2025-06-15
03-05-2023,5.25,2025-06-15
22-03-2023,5.0,2025-06-15
01-02-2023,4.75,2025-06-15
14-12-2022,4.5,2025-06-15
02-11-2022,4.0,2025-06-15
21-09-2022,3.25,2025-06-15
18-12-2024,4.5,2025-06-15
07-11-2024,4.75,2025-06-15
19-09-2024,5.0,2025-06-15
26-07-2023,5.5,2025-06-15
03-05-2023,5.25,2025-06-15
22-03-2023,5.0,2025-06-15
01-02-2023,4.75,2025-06-15
14-12-2022,4.5,2025-06-15
02-11-2022,4.0,2025-06-15
21-09-2022,3.25,2025-06-15
18-12-2024,4.5,2025-06-15
07-11-2024,4.75,2025-06-15
19-09-2024,5.0,2025-06-15
26-07-2023,5.5,2025-06-15
03-05-2023,5.25,2025-06-15
22-03-2023,5.0,2025-06-15
01-02-2023,4.75,2025-06-15
14-12-2022,4.5,2025-06-15
02-11-2022,4.0,2025-06-15
21-09-2022,3.25,2025-06-15
18-12-2024,4.5,2025-06-15
07-11-2024,4.75,2025-06-15
19-09-2024,5.0,2025-06-15
26-07-2023,5.5,2025-06-15
03-05-2023,5.25,2025-06-15
22-03-2023,5.0,2025-06-15
01-02-2023,4.75,2025-06-15
14-12-2022,4.5,2025-06-15
02-11-2022,4.0,2025-06-15
21-09-2022,3.25,2025-06-15
18-12-2024,4.5,2025-06-16
07-11-2024,4.75,2025-06-16
19-09-2024,5.0,2025-06-16
26-07-2023,5.5,2025-06-16
03-05-2023,5.25,2025-06-16
22-03-2023,5.0,2025-06-16
01-02-2023,4.75,2025-06-16
14-12-2022,4.5,2025-06-16
02-11-2022,4.0,2025-06-16
21-09-2022,3.25,2025-06-16
18-12-2024,4.5,2025-06-17
07-11-2024,4.75,2025-06-17
19-09-2024,5.0,2025-06-17
26-07-2023,5.5,2025-06-17
03-05-2023,5.25,2025-06-17
22-03-2023,5.0,2025-06-17
01-02-2023,4.75,2025-06-17
14-12-2022,4.5,2025-06-17
02-11-2022,4.0,2025-06-17
21-09-2022,3.25,2025-06-17
18-12-2024,4.5,2025-06-18
07-11-2024,4.75,2025-06-18
19-09-2024,5.0,2025-06-18
26-07-2023,5.5,2025-06-18
03-05-2023,5.25,2025-06-18
22-03-2023,5.0,2025-06-18
01-02-2023,4.75,2025-06-18
14-12-2022,4.5,2025-06-18
02-11-2022,4.0,2025-06-18
21-09-2022,3.25,2025-06-18
18-12-2024,4.5,2025-06-19
07-11-2024,4.75,2025-06-19
19-09-2024,5.0,2025-06-19
26-07-2023,5.5,2025-06-19
03-05-2023,5.25,2025-06-19
22-03-2023,5.0,2025-06-19
01-02-2023,4.75,2025-06-19
14-12-2022,4.5,2025-06-19
02-11-2022,4.0,2025-06-19
21-09-2022,3.25,2025-06-19
18-12-2024,4.5,2025-06-20
07-11-2024,4.75,2025-06-20
19-09-2024,5.0,2025-06-20
26-07-2023,5.5,2025-06-20
03-05-2023,5.25,2025-06-20
22-03-2023,5.0,2025-06-20
01-02-2023,4.75,2025-06-20
14-12-2022,4.5,2025-06-20
02-11-2022,4.0,2025-06-20
21-09-2022,3.25,2025-06-20
18-12-2024,4.5,2025-06-21
07-11-2024,4.75,2025-06-21
19-09-2024,5.0,2025-06-21
26-07-2023,5.5,2025-06-21
03-05-2023,5.25,2025-06-21
22-03-2023,5.0,2025-06-21
01-02-2023,4.75,2025-06-21
14-12-2022,4.5,2025-06-21
02-11-2022,4.0,2025-06-21
21-09-2022,3.25,2025-06-21
18-12-2024,4.5,2025-06-22
07-11-2024,4.75,2025-06-22
19-09-2024,5.0,2025-06-22
26-07-2023,5.5,2025-06-22
03-05-2023,5.25,2025-06-22
22-03-2023,5.0,2025-06-22
01-02-2023,4.75,2025-06-22
14-12-2022,4.5,2025-06-22
02-11-2022,4.0,2025-06-22
21-09-2022,3.25,2025-06-22
18-12-2024,4.5,2025-06-23
07-11-2024,4.75,2025-06-23
19-09-2024,5.0,2025-06-23
26-07-2023,5.5,2025-06-23
03-05-2023,5.25,2025-06-23
22-03-2023,5.0,2025-06-23
01-02-2023,4.75,2025-06-23
14-12-2022,4.5,2025-06-23
02-11-2022,4.0,2025-06-23
21-09-2022,3.25,2025-06-23
18-12-2024,4.5,2025-06-24
07-11-2024,4.75,2025-06-24
19-09-2024,5.0,2025-06-24
26-07-2023,5.5,2025-06-24
03-05-2023,5.25,2025-06-24
22-03-2023,5.0,2025-06-24
01-02-2023,4.75,2025-06-24
14-12-2022,4.5,2025-06-24
02-11-2022,4.0,2025-06-24
21-09-2022,3.25,2025-06-24
18-12-2024,4.5,2025-06-25
07-11-2024,4.75,2025-06-25
19-09-2024,5.0,2025-06-25
26-07-2023,5.5,2025-06-25
03-05-2023,5.25,2025-06-25
22-03-2023,5.0,2025-06-25
01-02-2023,4.75,2025-06-25
14-12-2022,4.5,2025-06-25
02-11-2022,4.0,2025-06-25
21-09-2022,3.25,2025-06-25
18-12-2024,4.5,2025-06-26
07-11-2024,4.75,2025-06-26
19-09-2024,5.0,2025-06-26
26-07-2023,5.5,2025-06-26
03-05-2023,5.25,2025-06-26
22-03-2023,5.0,2025-06-26
01-02-2023,4.75,2025-06-26
14-12-2022,4.5,2025-06-26
02-11-2022,4.0,2025-06-26
21-09-2022,3.25,2025-06-26
18-12-2024,4.5,2025-06-28
07-11-2024,4.75,2025-06-28
19-09-2024,5.0,2025-06-28
26-07-2023,5.5,2025-06-28
03-05-2023,5.25,2025-06-28
22-03-2023,5.0,2025-06-28
01-02-2023,4.75,2025-06-28
14-12-2022,4.5,2025-06-28
02-11-2022,4.0,2025-06-28
21-09-2022,3.25,2025-06-28
18-12-2024,4.5,2025-06-29
07-11-2024,4.75,2025-06-29
19-09-2024,5.0,2025-06-29
26-07-2023,5.5,2025-06-29
03-05-2023,5.25,2025-06-29
22-03-2023,5.0,2025-06-29
01-02-2023,4.75,2025-06-29
14-12-2022,4.5,2025-06-29
02-11-2022,4.0,2025-06-29
21-09-2022,3.25,2025-06-29
18-12-2024,4.5,2025-06-30
07-11-2024,4.75,2025-06-30
19-09-2024,5.0,2025-06-30
26-07-2023,5.5,2025-06-30
03-05-2023,5.25,2025-06-30
22-03-2023,5.0,2025-06-30
01-02-2023,4.75,2025-06-30
14-12-2022,4.5,2025-06-30
02-11-2022,4.0,2025-06-30
21-09-2022,3.25,2025-06-30
18-12-2024,4.5,2025-07-01
07-11-2024,4.75,2025-07-01
19-09-2024,5.0,2025-07-01
26-07-2023,5.5,2025-07-01
03-05-2023,5.25,2025-07-01
22-03-2023,5.0,2025-07-01
01-02-2023,4.75,2025-07-01
14-12-2022,4.5,2025-07-01
02-11-2022,4.0,2025-07-01
21-09-2022,3.25,2025-07-01
18-12-2024,4.5,2025-07-02
07-11-2024,4.75,2025-07-02
19-09-2024,5.0,2025-07-02
26-07-2023,5.5,2025-07-02
03-05-2023,5.25,2025-07-02
22-03-2023,5.0,2025-07-02
01-02-2023,4.75,2025-07-02
14-12-2022,4.5,2025-07-02
02-11-2022,4.0,2025-07-02
21-09-2022,3.25,2025-07-02
18-12-2024,4.5,2025-07-03
07-11-2024,4.75,2025-07-03
19-09-2024,5.0,2025-07-03
26-07-2023,5.5,2025-07-03
03-05-2023,5.25,2025-07-03
22-03-2023,5.0,2025-07-03
01-02-2023,4.75,2025-07-03
14-12-2022,4.5,2025-07-03
02-11-2022,4.0,2025-07-03
21-09-2022,3.25,2025-07-03
18-12-2024,4.5,2025-07-04
07-11-2024,4.75,2025-07-04
19-09-2024,5.0,2025-07-04
26-07-2023,5.5,2025-07-04
03-05-2023,5.25,2025-07-04
22-03-2023,5.0,2025-07-04
01-02-2023,4.75,2025-07-04
14-12-2022,4.5,2025-07-04
02-11-2022,4.0,2025-07-04
21-09-2022,3.25,2025-07-04
18-12-2024,4.5,2025-07-05
07-11-2024,4.75,2025-07-05
19-09-2024,5.0,2025-07-05
26-07-2023,5.5,2025-07-05
03-05-2023,5.25,2025-07-05
22-03-2023,5.0,2025-07-05
01-02-2023,4.75,2025-07-05
14-12-2022,4.5,2025-07-05
02-11-2022,4.0,2025-07-05
21-09-2022,3.25,2025-07-05
18-12-2024,4.5,2025-07-06
07-11-2024,4.75,2025-07-06
19-09-2024,5.0,2025-07-06
26-07-2023,5.5,2025-07-06
03-05-2023,5.25,2025-07-06
22-03-2023,5.0,2025-07-06
01-02-2023,4.75,2025-07-06
14-12-2022,4.5,2025-07-06
02-11-2022,4.0,2025-07-06
21-09-2022,3.25,2025-07-06
18-12-2024,4.5,2025-07-07
07-11-2024,4.75,2025-07-07
19-09-2024,5.0,2025-07-07
26-07-2023,5.5,2025-07-07
03-05-2023,5.25,2025-07-07
22-03-2023,5.0,2025-07-07
01-02-2023,4.75,2025-07-07
14-12-2022,4.5,2025-07-07
02-11-2022,4.0,2025-07-07
21-09-2022,3.25,2025-07-07
18-12-2024,4.5,2025-07-08
07-11-2024,4.75,2025-07-08
19-09-2024,5.0,2025-07-08
26-07-2023,5.5,2025-07-08
03-05-2023,5.25,2025-07-08
22-03-2023,5.0,2025-07-08
01-02-2023,4.75,2025-07-08
14-12-2022,4.5,2025-07-08
02-11-2022,4.0,2025-07-08
21-09-2022,3.25,2025-07-08
18-12-2024,4.5,2025-07-09
07-11-2024,4.75,2025-07-09
19-09-2024,5.0,2025-07-09
26-07-2023,5.5,2025-07-09
03-05-2023,5.25,2025-07-09
22-03-2023,5.0,2025-07-09
01-02-2023,4.75,2025-07-09
14-12-2022,4.5,2025-07-09
02-11-2022,4.0,2025-07-09
21-09-2022,3.25,2025-07-09
18-12-2024,4.5,2025-07-10
07-11-2024,4.75,2025-07-10
19-09-2024,5.0,2025-07-10
26-07-2023,5.5,2025-07-10
03-05-2023,5.25,2025-07-10
22-03-2023,5.0,2025-07-10
01-02-2023,4.75,2025-07-10
14-12-2022,4.5,2025-07-10
02-11-2022,4.0,2025-07-10
21-09-2022,3.25,2025-07-10
18-12-2024,4.5,2025-07-11
07-11-2024,4.75,2025-07-11
19-09-2024,5.0,2025-07-11
26-07-2023,5.5,2025-07-11
03-05-2023,5.25,2025-07-11
22-03-2023,5.0,2025-07-11
01-02-2023,4.75,2025-07-11
14-12-2022,4.5,2025-07-11
02-11-2022,4.0,2025-07-11
21-09-2022,3.25,2025-07-11
18-12-2024,4.50 ,2025-07-12
07-11-2024,4.75 ,2025-07-12
19-09-2024,5.00 ,2025-07-12
26-07-2023,5.50 ,2025-07-12
03-05-2023,5.25 ,2025-07-12
22-03-2023,5.00 ,2025-07-12
01-02-2023,4.75 ,2025-07-12
14-12-2022,4.50 ,2025-07-12
02-11-2022,4.00 ,2025-07-12
21-09-2022,3.25 ,2025-07-12
