fecha_consulta,Moneda,Tasa (%),Periodo
2025-06-08,Nacional (TIPMN),2.21,Anual
2025-06-08,Extranjera (TIPMEX),1.45,Anual
2025-06-15,Nacional (TIPMN),2.3,Anual
2025-06-15,Extranjera (TIPMEX),1.5,Anual
2025-06-15,Nacional (TIPMN),2.3,Anual
2025-06-15,Extranjera (TIPMEX),1.5,Anual
2025-06-15,Nacional (TIPMN),2.3,Anual
2025-06-15,Extranjera (TIPMEX),1.5,Anual
2025-06-16,Nacional (TIPMN),2.3,Anual
2025-06-16,Extranjera (TIPMEX),1.5,Anual
2025-06-17,Nacional (TIPMN),2.3,Anual
2025-06-17,Extranjera (TIPMEX),1.53,Anual
2025-06-18,Nacional (TIPMN),2.29,Anual
2025-06-18,Extranjera (TIPMEX),1.51,Anual
2025-06-19,Nacional (TIPMN),2.3,Anual
2025-06-19,Extranjera (TIPMEX),1.51,Anual
2025-06-20,Nacional (TIPMN),2.3,Anual
2025-06-20,Extranjera (TIPMEX),1.5,Anual
2025-06-21,Nacional (TIPMN),2.3,Anual
2025-06-21,Extranjera (TIPMEX),1.5,Anual
2025-06-22,Nacional (TIPMN),2.3,Anual
2025-06-22,Extranjera (TIPMEX),1.5,Anual
2025-06-23,Nacional (TIPMN),2.3,Anual
2025-06-23,Extranjera (TIPMEX),1.5,Anual
2025-06-24,Nacional (TIPMN),2.31,Anual
2025-06-24,Extranjera (TIPMEX),1.5,Anual
2025-06-25,Nacional (TIPMN),2.3,Anual
2025-06-25,Extranjera (TIPMEX),1.48,Anual
2025-06-26,Nacional (TIPMN),2.3,Anual
2025-06-26,Extranjera (TIPMEX),1.51,Anual
2025-06-27,Nacional (TIPMN),2.29,Anual
2025-06-27,Extranjera (TIPMEX),1.49,Anual
2025-06-28,Nacional (TIPMN),2.31,Anual
2025-06-28,Extranjera (TIPMEX),1.52,Anual
2025-06-29,Nacional (TIPMN),2.31,Anual
2025-06-29,Extranjera (TIPMEX),1.52,Anual
2025-06-30,Nacional (TIPMN),2.31,Anual
2025-06-30,Extranjera (TIPMEX),1.52,Anual
2025-07-01,Nacional (TIPMN),2.31,Anual
2025-07-01,Extranjera (TIPMEX),1.52,Anual
2025-07-02,Nacional (TIPMN),2.88,Anual
2025-07-02,Extranjera (TIPMEX),1.93,Anual
2025-07-03,Nacional (TIPMN),2.19,Anual
2025-07-03,Extranjera (TIPMEX),1.37,Anual
2025-07-04,Nacional (TIPMN),2.09,Anual
2025-07-04,Extranjera (TIPMEX),1.28,Anual
2025-07-05,Nacional (TIPMN),2.11,Anual
2025-07-05,Extranjera (TIPMEX),1.28,Anual
2025-07-06,Nacional (TIPMN),2.11,Anual
2025-07-06,Extranjera (TIPMEX),1.28,Anual
2025-07-07,Nacional (TIPMN),2.11,Anual
2025-07-07,Extranjera (TIPMEX),1.28,Anual
2025-07-08,Nacional (TIPMN),2.11,Anual
2025-07-08,Extranjera (TIPMEX),1.33,Anual
2025-07-09,Nacional (TIPMN),2.12,Anual
2025-07-09,Extranjera (TIPMEX),1.32,Anual
2025-07-10,Nacional (TIPMN),2.12,Anual
2025-07-10,Extranjera (TIPMEX),1.36,Anual
2025-07-11,Nacional (TIPMN),2.12,Anual
2025-07-11,Extranjera (TIPMEX),1.34,Anual
2025-07-12,Nacional (TIPMN),2.14,Anual
2025-07-12,Extranjera (TIPMEX),1.39,Anual
2025-07-13,Nacional (TIPMN),2.14,Anual
2025-07-13,Extranjera (TIPMEX),1.39,Anual
2025-07-14,Nacional (TIPMN),2.14,Anual
2025-07-14,Extranjera (TIPMEX),1.39,Anual
2025-07-15,Nacional (TIPMN),2.16,Anual
2025-07-15,Extranjera (TIPMEX),1.42,Anual
2025-07-16,Nacional (TIPMN),2.13,Anual
2025-07-16,Extranjera (TIPMEX),1.38,Anual
2025-07-17,Nacional (TIPMN),2.13,Anual
2025-07-17,Extranjera (TIPMEX),1.38,Anual
2025-07-18,Nacional (TIPMN),2.13,Anual
2025-07-18,Extranjera (TIPMEX),1.34,Anual
2025-07-19,Nacional (TIPMN),2.15,Anual
2025-07-19,Extranjera (TIPMEX),1.35,Anual
2025-07-20,Nacional (TIPMN),2.15,Anual
2025-07-20,Extranjera (TIPMEX),1.35,Anual
2025-07-21,Nacional (TIPMN),2.15,Anual
2025-07-21,Extranjera (TIPMEX),1.35,Anual
2025-07-22,Nacional (TIPMN),2.15,Anual
2025-07-22,Extranjera (TIPMEX),1.39,Anual
2025-07-23,Nacional (TIPMN),2.16,Anual
2025-07-23,Extranjera (TIPMEX),1.38,Anual
2025-07-24,Nacional (TIPMN),2.16,Anual
2025-07-24,Extranjera (TIPMEX),1.38,Anual
2025-07-25,Nacional (TIPMN),2.16,Anual
2025-07-25,Extranjera (TIPMEX),1.39,Anual
2025-07-26,Nacional (TIPMN),2.15,Anual
2025-07-26,Extranjera (TIPMEX),1.38,Anual
2025-07-27,Nacional (TIPMN),2.15,Anual
2025-07-27,Extranjera (TIPMEX),1.38,Anual
2025-07-28,Nacional (TIPMN),2.15,Anual
2025-07-28,Extranjera (TIPMEX),1.38,Anual
2025-07-29,Nacional (TIPMN),2.15,Anual
2025-07-29,Extranjera (TIPMEX),1.38,Anual
2025-07-30,Nacional (TIPMN),2.15,Anual
2025-07-30,Extranjera (TIPMEX),1.38,Anual
2025-07-31,Nacional (TIPMN),2.15,Anual
2025-07-31,Extranjera (TIPMEX),1.38,Anual
2025-08-01,Nacional (TIPMN),2.13,Anual
2025-08-01,Extranjera (TIPMEX),1.34,Anual
2025-08-02,Nacional (TIPMN),2.1,Anual
2025-08-02,Extranjera (TIPMEX),1.38,Anual
2025-08-03,Nacional (TIPMN),2.1,Anual
2025-08-03,Extranjera (TIPMEX),1.38,Anual
2025-08-04,Nacional (TIPMN),2.1,Anual
2025-08-04,Extranjera (TIPMEX),1.38,Anual
2025-08-05,Nacional (TIPMN),2.02,Anual
2025-08-05,Extranjera (TIPMEX),1.3,Anual
2025-08-06,Nacional (TIPMN),2.06,Anual
2025-08-06,Extranjera (TIPMEX),1.27,Anual
2025-08-07,Nacional (TIPMN),2.06,Anual
2025-08-07,Extranjera (TIPMEX),1.27,Anual
2025-08-08,Nacional (TIPMN),2.07,Anual
2025-08-08,Extranjera (TIPMEX),1.31,Anual
2025-08-09,Nacional (TIPMN),2.06,Anual
2025-08-09,Extranjera (TIPMEX),1.28,Anual
2025-08-10,Nacional (TIPMN),2.06,Anual
2025-08-10,Extranjera (TIPMEX),1.28,Anual
2025-08-11,Nacional (TIPMN),2.06,Anual
2025-08-11,Extranjera (TIPMEX),1.28,Anual
2025-08-12,Nacional (TIPMN),2.12,Anual
2025-08-12,Extranjera (TIPMEX),1.39,Anual
2025-08-13,Nacional (TIPMN),2.19,Anual
2025-08-13,Extranjera (TIPMEX),1.39,Anual
2025-08-14,Nacional (TIPMN),2.16,Anual
2025-08-14,Extranjera (TIPMEX),1.4,Anual
2025-08-15,Nacional (TIPMN),2.1,Anual
2025-08-15,Extranjera (TIPMEX),1.34,Anual
2025-08-16,Nacional (TIPMN),2.17,Anual
2025-08-16,Extranjera (TIPMEX),1.4,Anual
2025-08-17,Nacional (TIPMN),2.17,Anual
2025-08-17,Extranjera (TIPMEX),1.4,Anual
2025-08-18,Nacional (TIPMN),2.17,Anual
2025-08-18,Extranjera (TIPMEX),1.4,Anual
2025-08-19,Nacional (TIPMN),2.17,Anual
2025-08-19,Extranjera (TIPMEX),1.4,Anual
2025-08-20,Nacional (TIPMN),2.17,Anual
2025-08-20,Extranjera (TIPMEX),1.38,Anual
2025-08-21,Nacional (TIPMN),2.17,Anual
2025-08-21,Extranjera (TIPMEX),1.38,Anual
2025-08-22,Nacional (TIPMN),2.17,Anual
2025-08-22,Extranjera (TIPMEX),1.37,Anual
2025-08-23,Nacional (TIPMN),2.16,Anual
2025-08-23,Extranjera (TIPMEX),1.36,Anual
2025-08-24,Nacional (TIPMN),2.16,Anual
2025-08-24,Extranjera (TIPMEX),1.36,Anual
2025-08-25,Nacional (TIPMN),2.16,Anual
2025-08-25,Extranjera (TIPMEX),1.36,Anual
2025-08-26,Nacional (TIPMN),2.17,Anual
2025-08-26,Extranjera (TIPMEX),1.42,Anual
2025-08-27,Nacional (TIPMN),2.18,Anual
2025-08-27,Extranjera (TIPMEX),1.38,Anual
2025-08-28,Nacional (TIPMN),2.17,Anual
2025-08-28,Extranjera (TIPMEX),1.39,Anual
2025-08-29,Nacional (TIPMN),2.16,Anual
2025-08-29,Extranjera (TIPMEX),1.4,Anual
2025-08-30,Nacional (TIPMN),2.14,Anual
2025-08-30,Extranjera (TIPMEX),1.38,Anual
2025-08-31,Nacional (TIPMN),2.14,Anual
2025-08-31,Extranjera (TIPMEX),1.38,Anual
2025-09-01,Nacional (TIPMN),2.14,Anual
2025-09-01,Extranjera (TIPMEX),1.38,Anual
2025-09-02,Nacional (TIPMN),2.12,Anual
2025-09-02,Extranjera (TIPMEX),1.42,Anual
2025-09-03,Nacional (TIPMN),2.03,Anual
2025-09-03,Extranjera (TIPMEX),1.28,Anual
2025-09-04,Nacional (TIPMN),2.05,Anual
2025-09-04,Extranjera (TIPMEX),1.27,Anual
2025-09-05,Nacional (TIPMN),2.07,Anual
2025-09-05,Extranjera (TIPMEX),1.29,Anual
2025-09-06,Nacional (TIPMN),2.06,Anual
2025-09-06,Extranjera (TIPMEX),1.26,Anual
2025-09-07,Nacional (TIPMN),2.06,Anual
2025-09-07,Extranjera (TIPMEX),1.26,Anual
2025-09-08,Nacional (TIPMN),2.06,Anual
2025-09-08,Extranjera (TIPMEX),1.26,Anual
2025-09-09,Nacional (TIPMN),2.08,Anual
2025-09-09,Extranjera (TIPMEX),1.32,Anual
2025-09-10,Nacional (TIPMN),2.08,Anual
2025-09-10,Extranjera (TIPMEX),1.31,Anual
2025-09-11,Nacional (TIPMN),2.12,Anual
2025-09-11,Extranjera (TIPMEX),1.31,Anual
2025-09-12,Nacional (TIPMN),2.13,Anual
2025-09-12,Extranjera (TIPMEX),1.35,Anual
2025-09-13,Nacional (TIPMN),2.17,Anual
2025-09-13,Extranjera (TIPMEX),1.35,Anual
2025-09-14,Nacional (TIPMN),2.17,Anual
2025-09-14,Extranjera (TIPMEX),1.35,Anual
2025-09-15,Nacional (TIPMN),2.17,Anual
2025-09-15,Extranjera (TIPMEX),1.35,Anual
2025-09-16,Nacional (TIPMN),2.17,Anual
2025-09-16,Extranjera (TIPMEX),1.37,Anual
2025-09-17,Nacional (TIPMN),2.16,Anual
2025-09-17,Extranjera (TIPMEX),1.31,Anual
2025-09-18,Nacional (TIPMN),2.17,Anual
2025-09-18,Extranjera (TIPMEX),1.35,Anual
2025-09-19,Nacional (TIPMN),2.17,Anual
2025-09-19,Extranjera (TIPMEX),1.38,Anual
2025-09-20,Nacional (TIPMN),2.16,Anual
2025-09-20,Extranjera (TIPMEX),1.39,Anual
2025-09-21,Nacional (TIPMN),2.16,Anual
2025-09-21,Extranjera (TIPMEX),1.39,Anual
2025-09-22,Nacional (TIPMN),2.16,Anual
2025-09-22,Extranjera (TIPMEX),1.39,Anual
2025-09-23,Nacional (TIPMN),2.17,Anual
2025-09-23,Extranjera (TIPMEX),1.41,Anual
2025-09-24,Nacional (TIPMN),2.19,Anual
2025-09-24,Extranjera (TIPMEX),1.4,Anual
2025-09-25,Nacional (TIPMN),2.18,Anual
2025-09-25,Extranjera (TIPMEX),1.39,Anual
2025-09-26,Nacional (TIPMN),2.18,Anual
2025-09-26,Extranjera (TIPMEX),1.42,Anual
2025-09-27,Nacional (TIPMN),2.18,Anual
2025-09-27,Extranjera (TIPMEX),1.4,Anual
2025-09-28,Nacional (TIPMN),2.18,Anual
2025-09-28,Extranjera (TIPMEX),1.4,Anual
2025-09-29,Nacional (TIPMN),2.18,Anual
2025-09-29,Extranjera (TIPMEX),1.4,Anual
2025-09-30,Nacional (TIPMN),2.19,Anual
2025-09-30,Extranjera (TIPMEX),1.41,Anual
2025-10-01,Nacional (TIPMN),2.18,Anual
2025-10-01,Extranjera (TIPMEX),1.38,Anual
2025-10-02,Nacional (TIPMN),2.12,Anual
2025-10-02,Extranjera (TIPMEX),1.35,Anual
2025-10-03,Nacional (TIPMN),2.05,Anual
2025-10-03,Extranjera (TIPMEX),1.22,Anual
2025-10-04,Nacional (TIPMN),2.07,Anual
2025-10-04,Extranjera (TIPMEX),1.22,Anual
2025-10-05,Nacional (TIPMN),2.07,Anual
2025-10-05,Extranjera (TIPMEX),1.22,Anual
2025-10-06,Nacional (TIPMN),2.07,Anual
2025-10-06,Extranjera (TIPMEX),1.22,Anual
2025-10-07,Nacional (TIPMN),2.07,Anual
2025-10-07,Extranjera (TIPMEX),1.25,Anual
2025-10-08,Nacional (TIPMN),2.09,Anual
2025-10-08,Extranjera (TIPMEX),1.23,Anual
2025-10-09,Nacional (TIPMN),2.09,Anual
2025-10-09,Extranjera (TIPMEX),1.23,Anual
2025-10-10,Nacional (TIPMN),2.11,Anual
2025-10-10,Extranjera (TIPMEX),1.26,Anual
2025-10-11,Nacional (TIPMN),2.11,Anual
2025-10-11,Extranjera (TIPMEX),1.23,Anual
2025-10-12,Nacional (TIPMN),2.11,Anual
2025-10-12,Extranjera (TIPMEX),1.23,Anual
2025-10-13,Nacional (TIPMN),2.11,Anual
2025-10-13,Extranjera (TIPMEX),1.23,Anual
2025-10-14,Nacional (TIPMN),2.12,Anual
2025-10-14,Extranjera (TIPMEX),1.25,Anual
2025-10-15,Nacional (TIPMN),2.13,Anual
2025-10-15,Extranjera (TIPMEX),1.26,Anual
2025-10-16,Nacional (TIPMN),2.12,Anual
2025-10-16,Extranjera (TIPMEX),1.26,Anual
2025-10-17,Nacional (TIPMN),2.14,Anual
2025-10-17,Extranjera (TIPMEX),1.28,Anual
2025-10-18,Nacional (TIPMN),2.14,Anual
2025-10-18,Extranjera (TIPMEX),1.29,Anual
2025-10-19,Nacional (TIPMN),2.14,Anual
2025-10-19,Extranjera (TIPMEX),1.29,Anual
2025-10-20,Nacional (TIPMN),2.14,Anual
2025-10-20,Extranjera (TIPMEX),1.29,Anual
2025-10-21,Nacional (TIPMN),2.16,Anual
2025-10-21,Extranjera (TIPMEX),1.33,Anual
2025-10-22,Nacional (TIPMN),2.16,Anual
2025-10-22,Extranjera (TIPMEX),1.29,Anual
2025-10-23,Nacional (TIPMN),2.15,Anual
2025-10-23,Extranjera (TIPMEX),1.29,Anual
2025-10-24,Nacional (TIPMN),2.15,Anual
2025-10-24,Extranjera (TIPMEX),1.3,Anual
2025-10-25,Nacional (TIPMN),2.13,Anual
2025-10-25,Extranjera (TIPMEX),1.28,Anual
2025-10-26,Nacional (TIPMN),2.13,Anual
2025-10-26,Extranjera (TIPMEX),1.28,Anual
2025-10-27,Nacional (TIPMN),2.13,Anual
2025-10-27,Extranjera (TIPMEX),1.28,Anual
2025-10-28,Nacional (TIPMN),2.13,Anual
2025-10-28,Extranjera (TIPMEX),1.31,Anual
2025-10-29,Nacional (TIPMN),2.13,Anual
2025-10-29,Extranjera (TIPMEX),1.32,Anual
2025-10-30,Nacional (TIPMN),2.14,Anual
2025-10-30,Extranjera (TIPMEX),1.31,Anual
2025-10-31,Nacional (TIPMN),2.16,Anual
2025-10-31,Extranjera (TIPMEX),1.32,Anual
2025-11-01,Nacional (TIPMN),2.15,Anual
2025-11-01,Extranjera (TIPMEX),1.32,Anual
2025-11-02,Nacional (TIPMN),2.15,Anual
2025-11-02,Extranjera (TIPMEX),1.32,Anual
2025-11-03,Nacional (TIPMN),2.15,Anual
2025-11-03,Extranjera (TIPMEX),1.32,Anual
2025-11-04,Nacional (TIPMN),2.12,Anual
2025-11-04,Extranjera (TIPMEX),1.32,Anual
2025-11-05,Nacional (TIPMN),2.03,Anual
2025-11-05,Extranjera (TIPMEX),1.18,Anual
2025-11-06,Nacional (TIPMN),2.06,Anual
2025-11-06,Extranjera (TIPMEX),1.18,Anual
2025-11-07,Nacional (TIPMN),2.06,Anual
2025-11-07,Extranjera (TIPMEX),1.2,Anual
2025-11-08,Nacional (TIPMN),2.07,Anual
2025-11-08,Extranjera (TIPMEX),1.19,Anual
2025-11-09,Nacional (TIPMN),2.07,Anual
2025-11-09,Extranjera (TIPMEX),1.19,Anual
2025-11-10,Nacional (TIPMN),2.07,Anual
2025-11-10,Extranjera (TIPMEX),1.19,Anual
2025-11-11,Nacional (TIPMN),2.06,Anual
2025-11-11,Extranjera (TIPMEX),1.23,Anual
2025-11-12,Nacional (TIPMN),2.1,Anual
2025-11-12,Extranjera (TIPMEX),1.21,Anual
2025-11-13,Nacional (TIPMN),2.1,Anual
2025-11-13,Extranjera (TIPMEX),1.24,Anual
2025-11-14,Nacional (TIPMN),2.09,Anual
2025-11-14,Extranjera (TIPMEX),1.23,Anual
2025-11-15,Nacional (TIPMN),2.11,Anual
2025-11-15,Extranjera (TIPMEX),1.26,Anual
2025-11-16,Nacional (TIPMN),2.11,Anual
2025-11-16,Extranjera (TIPMEX),1.26,Anual
2025-11-17,Nacional (TIPMN),2.11,Anual
2025-11-17,Extranjera (TIPMEX),1.26,Anual
2025-11-18,Nacional (TIPMN),2.12,Anual
2025-11-18,Extranjera (TIPMEX),1.28,Anual
2025-11-19,Nacional (TIPMN),2.11,Anual
2025-11-19,Extranjera (TIPMEX),1.25,Anual
2025-11-20,Nacional (TIPMN),2.11,Anual
2025-11-20,Extranjera (TIPMEX),1.25,Anual
2025-11-21,Nacional (TIPMN),2.1,Anual
2025-11-21,Extranjera (TIPMEX),1.26,Anual
2025-11-22,Nacional (TIPMN),2.11,Anual
2025-11-22,Extranjera (TIPMEX),1.25,Anual
2025-11-23,Nacional (TIPMN),2.11,Anual
2025-11-23,Extranjera (TIPMEX),1.25,Anual
2025-11-24,Nacional (TIPMN),2.11,Anual
2025-11-24,Extranjera (TIPMEX),1.25,Anual
2025-11-25,Nacional (TIPMN),2.11,Anual
2025-11-25,Extranjera (TIPMEX),1.28,Anual
2025-11-26,Nacional (TIPMN),2.1,Anual
2025-11-26,Extranjera (TIPMEX),1.27,Anual
2025-11-27,Nacional (TIPMN),2.1,Anual
2025-11-27,Extranjera (TIPMEX),1.25,Anual
2025-11-28,Nacional (TIPMN),2.11,Anual
2025-11-28,Extranjera (TIPMEX),1.24,Anual
2025-11-29,Nacional (TIPMN),2.08,Anual
2025-11-29,Extranjera (TIPMEX),1.25,Anual
2025-11-30,Nacional (TIPMN),2.08,Anual
2025-11-30,Extranjera (TIPMEX),1.25,Anual
2025-12-01,Nacional (TIPMN),2.08,Anual
2025-12-01,Extranjera (TIPMEX),1.25,Anual
2025-12-02,Nacional (TIPMN),2.06,Anual
2025-12-02,Extranjera (TIPMEX),1.27,Anual
2025-12-03,Nacional (TIPMN),1.94,Anual
2025-12-03,Extranjera (TIPMEX),1.09,Anual
2025-12-04,Nacional (TIPMN),1.98,Anual
2025-12-04,Extranjera (TIPMEX),1.11,Anual
2025-12-05,Nacional (TIPMN),2.0,Anual
2025-12-05,Extranjera (TIPMEX),1.11,Anual
2025-12-06,Nacional (TIPMN),1.98,Anual
2025-12-06,Extranjera (TIPMEX),1.11,Anual
2025-12-07,Nacional (TIPMN),1.98,Anual
2025-12-07,Extranjera (TIPMEX),1.11,Anual
2025-12-08,Nacional (TIPMN),1.98,Anual
2025-12-08,Extranjera (TIPMEX),1.11,Anual
2025-12-09,Nacional (TIPMN),1.98,Anual
2025-12-09,Extranjera (TIPMEX),1.11,Anual
2025-12-10,Nacional (TIPMN),1.98,Anual
2025-12-10,Extranjera (TIPMEX),1.11,Anual
2025-12-11,Nacional (TIPMN),1.99,Anual
2025-12-11,Extranjera (TIPMEX),1.14,Anual
2025-12-12,Nacional (TIPMN),1.98,Anual
2025-12-12,Extranjera (TIPMEX),1.11,Anual
2025-12-13,Nacional (TIPMN),1.97,Anual
2025-12-13,Extranjera (TIPMEX),1.1,Anual
2025-12-14,Nacional (TIPMN),1.97,Anual
2025-12-14,Extranjera (TIPMEX),1.1,Anual
2025-12-15,Nacional (TIPMN),1.97,Anual
2025-12-15,Extranjera (TIPMEX),1.1,Anual
2025-12-16,Nacional (TIPMN),1.98,Anual
2025-12-16,Extranjera (TIPMEX),1.13,Anual
2025-12-17,Nacional (TIPMN),1.99,Anual
2025-12-17,Extranjera (TIPMEX),1.1,Anual
2025-12-18,Nacional (TIPMN),1.98,Anual
2025-12-18,Extranjera (TIPMEX),1.13,Anual
2025-12-19,Nacional (TIPMN),1.99,Anual
2025-12-19,Extranjera (TIPMEX),1.11,Anual
2025-12-20,Nacional (TIPMN),1.97,Anual
2025-12-20,Extranjera (TIPMEX),1.14,Anual
2025-12-21,Nacional (TIPMN),1.97,Anual
2025-12-21,Extranjera (TIPMEX),1.14,Anual
2025-12-22,Nacional (TIPMN),1.97,Anual
2025-12-22,Extranjera (TIPMEX),1.14,Anual
2025-12-23,Nacional (TIPMN),1.97,Anual
2025-12-23,Extranjera (TIPMEX),1.13,Anual
2025-12-24,Nacional (TIPMN),1.96,Anual
2025-12-24,Extranjera (TIPMEX),1.11,Anual
2025-12-25,Nacional (TIPMN),1.97,Anual
2025-12-25,Extranjera (TIPMEX),1.12,Anual
2025-12-26,Nacional (TIPMN),1.97,Anual
2025-12-26,Extranjera (TIPMEX),1.12,Anual
2025-12-27,Nacional (TIPMN),1.97,Anual
2025-12-27,Extranjera (TIPMEX),1.12,Anual
2025-12-28,Nacional (TIPMN),1.97,Anual
2025-12-28,Extranjera (TIPMEX),1.12,Anual
2025-12-29,Nacional (TIPMN),1.97,Anual
2025-12-29,Extranjera (TIPMEX),1.12,Anual
2025-12-30,Nacional (TIPMN),1.96,Anual
2025-12-30,Extranjera (TIPMEX),1.16,Anual
2025-12-31,Nacional (TIPMN),1.97,Anual
2025-12-31,Extranjera (TIPMEX),1.11,Anual
2026-01-01,Nacional (TIPMN),1.97,Anual
2026-01-01,Extranjera (TIPMEX),1.14,Anual
2026-01-02,Nacional (TIPMN),1.97,Anual
2026-01-02,Extranjera (TIPMEX),1.14,Anual
2026-01-03,Nacional (TIPMN),1.97,Anual
2026-01-03,Extranjera (TIPMEX),1.14,Anual
2026-01-04,Nacional (TIPMN),1.97,Anual
2026-01-04,Extranjera (TIPMEX),1.14,Anual
2026-01-05,Nacional (TIPMN),1.97,Anual
2026-01-05,Extranjera (TIPMEX),1.14,Anual
2026-01-06,Nacional (TIPMN),1.86,Anual
2026-01-06,Extranjera (TIPMEX),1.03,Anual
2026-01-07,Nacional (TIPMN),1.88,Anual
2026-01-07,Extranjera (TIPMEX),1.05,Anual
2026-01-08,Nacional (TIPMN),1.9,Anual
2026-01-08,Extranjera (TIPMEX),1.06,Anual
2026-01-09,Nacional (TIPMN),1.92,Anual
2026-01-09,Extranjera (TIPMEX),1.07,Anual
2026-01-10,Nacional (TIPMN),1.93,Anual
2026-01-10,Extranjera (TIPMEX),1.06,Anual
2026-01-11,Nacional (TIPMN),1.93,Anual
2026-01-11,Extranjera (TIPMEX),1.06,Anual
2026-01-12,Nacional (TIPMN),1.93,Anual
2026-01-12,Extranjera (TIPMEX),1.06,Anual
2026-01-13,Nacional (TIPMN),1.94,Anual
2026-01-13,Extranjera (TIPMEX),1.11,Anual
2026-01-14,Nacional (TIPMN),1.96,Anual
2026-01-14,Extranjera (TIPMEX),1.11,Anual
2026-01-15,Nacional (TIPMN),1.96,Anual
2026-01-15,Extranjera (TIPMEX),1.11,Anual
2026-01-16,Nacional (TIPMN),1.96,Anual
2026-01-16,Extranjera (TIPMEX),1.11,Anual
2026-01-17,Nacional (TIPMN),1.96,Anual
2026-01-17,Extranjera (TIPMEX),1.12,Anual
2026-01-18,Nacional (TIPMN),1.96,Anual
2026-01-18,Extranjera (TIPMEX),1.12,Anual
2026-01-19,Nacional (TIPMN),1.96,Anual
2026-01-19,Extranjera (TIPMEX),1.12,Anual
2026-01-20,Nacional (TIPMN),1.96,Anual
2026-01-20,Extranjera (TIPMEX),1.16,Anual
2026-01-21,Nacional (TIPMN),1.97,Anual
2026-01-21,Extranjera (TIPMEX),1.15,Anual
2026-01-22,Nacional (TIPMN),1.97,Anual
2026-01-22,Extranjera (TIPMEX),1.15,Anual
2026-01-23,Nacional (TIPMN),1.98,Anual
2026-01-23,Extranjera (TIPMEX),1.14,Anual
2026-01-24,Nacional (TIPMN),1.97,Anual
2026-01-24,Extranjera (TIPMEX),1.12,Anual
2026-01-25,Nacional (TIPMN),1.97,Anual
2026-01-25,Extranjera (TIPMEX),1.12,Anual
2026-01-26,Nacional (TIPMN),1.97,Anual
2026-01-26,Extranjera (TIPMEX),1.12,Anual
2026-01-27,Nacional (TIPMN),1.99,Anual
2026-01-27,Extranjera (TIPMEX),1.16,Anual
2026-01-28,Nacional (TIPMN),2.0,Anual
2026-01-28,Extranjera (TIPMEX),1.15,Anual
2026-01-29,Nacional (TIPMN),2.0,Anual
2026-01-29,Extranjera (TIPMEX),1.15,Anual
2026-01-30,Nacional (TIPMN),2.02,Anual
2026-01-30,Extranjera (TIPMEX),1.16,Anual
2026-01-31,Nacional (TIPMN),2.0,Anual
2026-01-31,Extranjera (TIPMEX),1.15,Anual
2026-02-01,Nacional (TIPMN),2.0,Anual
2026-02-01,Extranjera (TIPMEX),1.15,Anual
2026-02-02,Nacional (TIPMN),2.0,Anual
2026-02-02,Extranjera (TIPMEX),1.15,Anual
2026-02-03,Nacional (TIPMN),1.99,Anual
2026-02-03,Extranjera (TIPMEX),1.2,Anual
2026-02-04,Nacional (TIPMN),1.92,Anual
2026-02-04,Extranjera (TIPMEX),1.08,Anual
2026-02-05,Nacional (TIPMN),1.94,Anual
2026-02-05,Extranjera (TIPMEX),1.07,Anual
2026-02-06,Nacional (TIPMN),1.93,Anual
2026-02-06,Extranjera (TIPMEX),1.08,Anual
2026-02-07,Nacional (TIPMN),1.93,Anual
2026-02-07,Extranjera (TIPMEX),1.08,Anual
2026-02-08,Nacional (TIPMN),1.93,Anual
2026-02-08,Extranjera (TIPMEX),1.08,Anual
2026-02-09,Nacional (TIPMN),1.93,Anual
2026-02-09,Extranjera (TIPMEX),1.08,Anual
2026-02-10,Nacional (TIPMN),1.93,Anual
2026-02-10,Extranjera (TIPMEX),1.11,Anual
2026-02-11,Nacional (TIPMN),1.95,Anual
2026-02-11,Extranjera (TIPMEX),1.11,Anual
2026-02-12,Nacional (TIPMN),1.95,Anual
2026-02-12,Extranjera (TIPMEX),1.13,Anual
2026-02-13,Nacional (TIPMN),2.02,Anual
2026-02-13,Extranjera (TIPMEX),1.15,Anual
2026-02-14,Nacional (TIPMN),1.97,Anual
2026-02-14,Extranjera (TIPMEX),1.12,Anual
2026-02-15,Nacional (TIPMN),1.97,Anual
2026-02-15,Extranjera (TIPMEX),1.12,Anual
2026-02-16,Nacional (TIPMN),1.97,Anual
2026-02-16,Extranjera (TIPMEX),1.12,Anual
2026-02-17,Nacional (TIPMN),1.98,Anual
2026-02-17,Extranjera (TIPMEX),1.16,Anual
2026-02-18,Nacional (TIPMN),1.97,Anual
2026-02-18,Extranjera (TIPMEX),1.15,Anual
2026-02-19,Nacional (TIPMN),1.99,Anual
2026-02-19,Extranjera (TIPMEX),1.14,Anual
2026-02-20,Nacional (TIPMN),1.99,Anual
2026-02-20,Extranjera (TIPMEX),1.12,Anual
2026-02-21,Nacional (TIPMN),1.97,Anual
2026-02-21,Extranjera (TIPMEX),1.11,Anual
2026-02-22,Nacional (TIPMN),1.97,Anual
2026-02-22,Extranjera (TIPMEX),1.11,Anual
2026-02-23,Nacional (TIPMN),1.97,Anual
2026-02-23,Extranjera (TIPMEX),1.11,Anual
2026-02-24,Nacional (TIPMN),1.98,Anual
2026-02-24,Extranjera (TIPMEX),1.14,Anual
2026-02-25,Nacional (TIPMN),1.99,Anual
2026-02-25,Extranjera (TIPMEX),1.12,Anual
2026-02-26,Nacional (TIPMN),2.0,Anual
2026-02-26,Extranjera (TIPMEX),1.14,Anual
2026-02-27,Nacional (TIPMN),2.0,Anual
2026-02-27,Extranjera (TIPMEX),1.15,Anual
2026-02-28,Nacional (TIPMN),1.98,Anual
2026-02-28,Extranjera (TIPMEX),1.12,Anual
2026-03-01,Nacional (TIPMN),1.98,Anual
2026-03-01,Extranjera (TIPMEX),1.12,Anual
2026-03-02,Nacional (TIPMN),1.98,Anual
2026-03-02,Extranjera (TIPMEX),1.12,Anual
2026-03-03,Nacional (TIPMN),1.97,Anual
2026-03-03,Extranjera (TIPMEX),1.18,Anual
2026-03-04,Nacional (TIPMN),1.89,Anual
2026-03-04,Extranjera (TIPMEX),1.06,Anual
2026-03-05,Nacional (TIPMN),1.92,Anual
2026-03-05,Extranjera (TIPMEX),1.07,Anual
2026-03-06,Nacional (TIPMN),1.92,Anual
2026-03-06,Extranjera (TIPMEX),1.07,Anual
2026-03-07,Nacional (TIPMN),1.92,Anual
2026-03-07,Extranjera (TIPMEX),1.07,Anual
2026-03-08,Nacional (TIPMN),1.92,Anual
2026-03-08,Extranjera (TIPMEX),1.07,Anual
2026-03-09,Nacional (TIPMN),1.92,Anual
2026-03-09,Extranjera (TIPMEX),1.07,Anual
2026-03-10,Nacional (TIPMN),1.95,Anual
2026-03-10,Extranjera (TIPMEX),1.11,Anual
2026-03-11,Nacional (TIPMN),1.98,Anual
2026-03-11,Extranjera (TIPMEX),1.12,Anual
2026-03-12,Nacional (TIPMN),1.99,Anual
2026-03-12,Extranjera (TIPMEX),1.13,Anual
2026-03-13,Nacional (TIPMN),2.0,Anual
2026-03-13,Extranjera (TIPMEX),1.14,Anual
2026-03-14,Nacional (TIPMN),2.0,Anual
2026-03-14,Extranjera (TIPMEX),1.14,Anual
2026-03-15,Nacional (TIPMN),2.0,Anual
2026-03-15,Extranjera (TIPMEX),1.14,Anual
2026-03-16,Nacional (TIPMN),2.0,Anual
2026-03-16,Extranjera (TIPMEX),1.14,Anual
2026-03-17,Nacional (TIPMN),2.0,Anual
2026-03-17,Extranjera (TIPMEX),1.16,Anual
2026-03-18,Nacional (TIPMN),1.99,Anual
2026-03-18,Extranjera (TIPMEX),1.15,Anual
2026-03-19,Nacional (TIPMN),2.0,Anual
2026-03-19,Extranjera (TIPMEX),1.16,Anual
2026-03-20,Nacional (TIPMN),2.0,Anual
2026-03-20,Extranjera (TIPMEX),1.16,Anual
2026-03-21,Nacional (TIPMN),1.98,Anual
2026-03-21,Extranjera (TIPMEX),1.17,Anual
2026-03-22,Nacional (TIPMN),1.98,Anual
2026-03-22,Extranjera (TIPMEX),1.17,Anual
2026-03-23,Nacional (TIPMN),1.98,Anual
2026-03-23,Extranjera (TIPMEX),1.17,Anual
2026-03-24,Nacional (TIPMN),1.98,Anual
2026-03-24,Extranjera (TIPMEX),1.21,Anual
2026-03-25,Nacional (TIPMN),1.96,Anual
2026-03-25,Extranjera (TIPMEX),1.17,Anual
2026-03-26,Nacional (TIPMN),1.97,Anual
2026-03-26,Extranjera (TIPMEX),1.17,Anual
2026-03-27,Nacional (TIPMN),1.97,Anual
2026-03-27,Extranjera (TIPMEX),1.17,Anual
2026-03-28,Nacional (TIPMN),1.94,Anual
2026-03-28,Extranjera (TIPMEX),1.15,Anual
2026-03-29,Nacional (TIPMN),1.94,Anual
2026-03-29,Extranjera (TIPMEX),1.15,Anual
2026-03-30,Nacional (TIPMN),1.94,Anual
2026-03-30,Extranjera (TIPMEX),1.15,Anual
2026-03-31,Nacional (TIPMN),1.96,Anual
2026-03-31,Extranjera (TIPMEX),1.21,Anual
2026-04-01,Nacional (TIPMN),1.95,Anual
2026-04-01,Extranjera (TIPMEX),1.18,Anual
2026-04-02,Nacional (TIPMN),1.91,Anual
2026-04-02,Extranjera (TIPMEX),1.17,Anual
2026-04-03,Nacional (TIPMN),1.91,Anual
2026-04-03,Extranjera (TIPMEX),1.17,Anual
2026-04-04,Nacional (TIPMN),1.91,Anual
2026-04-04,Extranjera (TIPMEX),1.17,Anual
2026-04-05,Nacional (TIPMN),1.91,Anual
2026-04-05,Extranjera (TIPMEX),1.17,Anual
2026-04-06,Nacional (TIPMN),1.91,Anual
2026-04-06,Extranjera (TIPMEX),1.17,Anual
2026-04-07,Nacional (TIPMN),1.86,Anual
2026-04-07,Extranjera (TIPMEX),1.14,Anual
2026-04-08,Nacional (TIPMN),1.88,Anual
2026-04-08,Extranjera (TIPMEX),1.08,Anual
2026-04-09,Nacional (TIPMN),1.89,Anual
2026-04-09,Extranjera (TIPMEX),1.11,Anual
2026-04-10,Nacional (TIPMN),1.91,Anual
2026-04-10,Extranjera (TIPMEX),1.13,Anual
2026-04-11,Nacional (TIPMN),1.91,Anual
2026-04-11,Extranjera (TIPMEX),1.12,Anual
2026-04-12,Nacional (TIPMN),1.91,Anual
2026-04-12,Extranjera (TIPMEX),1.12,Anual
2026-04-13,Nacional (TIPMN),1.91,Anual
2026-04-13,Extranjera (TIPMEX),1.12,Anual
2026-04-14,Nacional (TIPMN),1.94,Anual
2026-04-14,Extranjera (TIPMEX),1.16,Anual
2026-04-15,Nacional (TIPMN),1.94,Anual
2026-04-15,Extranjera (TIPMEX),1.15,Anual
2026-04-16,Nacional (TIPMN),1.94,Anual
2026-04-16,Extranjera (TIPMEX),1.15,Anual
2026-04-17,Nacional (TIPMN),1.96,Anual
2026-04-17,Extranjera (TIPMEX),1.15,Anual
2026-04-18,Nacional (TIPMN),1.96,Anual
2026-04-18,Extranjera (TIPMEX),1.12,Anual
2026-04-19,Nacional (TIPMN),1.96,Anual
2026-04-19,Extranjera (TIPMEX),1.12,Anual
2026-04-20,Nacional (TIPMN),1.96,Anual
2026-04-20,Extranjera (TIPMEX),1.12,Anual
2026-04-21,Nacional (TIPMN),1.96,Anual
2026-04-21,Extranjera (TIPMEX),1.19,Anual
2026-04-22,Nacional (TIPMN),1.96,Anual
2026-04-22,Extranjera (TIPMEX),1.16,Anual
2026-04-23,Nacional (TIPMN),1.98,Anual
2026-04-23,Extranjera (TIPMEX),1.15,Anual
2026-04-24,Nacional (TIPMN),1.98,Anual
2026-04-24,Extranjera (TIPMEX),1.17,Anual
2026-04-25,Nacional (TIPMN),1.97,Anual
2026-04-25,Extranjera (TIPMEX),1.17,Anual
2026-04-26,Nacional (TIPMN),1.97,Anual
2026-04-26,Extranjera (TIPMEX),1.17,Anual
2026-04-27,Nacional (TIPMN),1.97,Anual
2026-04-27,Extranjera (TIPMEX),1.17,Anual
2026-04-29,Nacional (TIPMN),1.98,Anual
2026-04-29,Extranjera (TIPMEX),1.16,Anual
2026-04-30,Nacional (TIPMN),1.99,Anual
2026-04-30,Extranjera (TIPMEX),1.16,Anual
2026-05-01,Nacional (TIPMN),1.98,Anual
2026-05-01,Extranjera (TIPMEX),1.15,Anual
2026-05-02,Nacional (TIPMN),1.98,Anual
2026-05-02,Extranjera (TIPMEX),1.15,Anual
2026-05-03,Nacional (TIPMN),1.98,Anual
2026-05-03,Extranjera (TIPMEX),1.15,Anual
2026-05-04,Nacional (TIPMN),1.98,Anual
2026-05-04,Extranjera (TIPMEX),1.15,Anual
2026-05-05,Nacional (TIPMN),1.93,Anual
2026-05-05,Extranjera (TIPMEX),1.17,Anual
2026-05-06,Nacional (TIPMN),1.88,Anual
2026-05-06,Extranjera (TIPMEX),1.09,Anual
2026-05-07,Nacional (TIPMN),1.95,Anual
2026-05-07,Extranjera (TIPMEX),1.07,Anual
2026-05-08,Nacional (TIPMN),1.89,Anual
2026-05-08,Extranjera (TIPMEX),1.1,Anual
2026-05-09,Nacional (TIPMN),1.9,Anual
2026-05-09,Extranjera (TIPMEX),1.08,Anual
2026-05-10,Nacional (TIPMN),1.9,Anual
2026-05-10,Extranjera (TIPMEX),1.08,Anual
2026-05-11,Nacional (TIPMN),1.9,Anual
2026-05-11,Extranjera (TIPMEX),1.08,Anual
2026-05-12,Nacional (TIPMN),1.93,Anual
2026-05-12,Extranjera (TIPMEX),1.15,Anual
2026-05-13,Nacional (TIPMN),1.97,Anual
2026-05-13,Extranjera (TIPMEX),1.14,Anual
2026-05-14,Nacional (TIPMN),1.97,Anual
2026-05-14,Extranjera (TIPMEX),1.15,Anual
2026-05-15,Nacional (TIPMN),1.97,Anual
2026-05-15,Extranjera (TIPMEX),1.14,Anual
2026-05-16,Nacional (TIPMN),1.98,Anual
2026-05-16,Extranjera (TIPMEX),1.15,Anual
2026-05-17,Nacional (TIPMN),1.98,Anual
2026-05-17,Extranjera (TIPMEX),1.15,Anual
2026-05-18,Nacional (TIPMN),1.98,Anual
2026-05-18,Extranjera (TIPMEX),1.15,Anual
2026-05-19,Nacional (TIPMN),1.98,Anual
2026-05-19,Extranjera (TIPMEX),1.15,Anual
2026-05-20,Nacional (TIPMN),1.97,Anual
2026-05-20,Extranjera (TIPMEX),1.15,Anual
2026-05-21,Nacional (TIPMN),1.97,Anual
2026-05-21,Extranjera (TIPMEX),1.14,Anual
2026-05-22,Nacional (TIPMN),1.97,Anual
2026-05-22,Extranjera (TIPMEX),1.16,Anual
2026-05-23,Nacional (TIPMN),1.96,Anual
2026-05-23,Extranjera (TIPMEX),1.14,Anual
2026-05-24,Nacional (TIPMN),1.96,Anual
2026-05-24,Extranjera (TIPMEX),1.14,Anual
2026-05-25,Nacional (TIPMN),1.96,Anual
2026-05-25,Extranjera (TIPMEX),1.14,Anual
2026-05-26,Nacional (TIPMN),1.96,Anual
2026-05-26,Extranjera (TIPMEX),1.17,Anual
2026-05-27,Nacional (TIPMN),1.95,Anual
2026-05-27,Extranjera (TIPMEX),1.12,Anual
2026-05-28,Nacional (TIPMN),1.98,Anual
2026-05-28,Extranjera (TIPMEX),1.14,Anual
2026-05-29,Nacional (TIPMN),1.97,Anual
2026-05-29,Extranjera (TIPMEX),1.15,Anual
2026-05-30,Nacional (TIPMN),1.95,Anual
2026-05-30,Extranjera (TIPMEX),1.14,Anual
2026-05-31,Nacional (TIPMN),1.95,Anual
2026-05-31,Extranjera (TIPMEX),1.14,Anual
2026-06-01,Nacional (TIPMN),1.95,Anual
2026-06-01,Extranjera (TIPMEX),1.14,Anual
2026-06-02,Nacional (TIPMN),1.92,Anual
2026-06-02,Extranjera (TIPMEX),1.16,Anual
2026-06-03,Nacional (TIPMN),1.88,Anual
2026-06-03,Extranjera (TIPMEX),1.07,Anual
2026-06-04,Nacional (TIPMN),1.9,Anual
2026-06-04,Extranjera (TIPMEX),1.09,Anual
2026-06-05,Nacional (TIPMN),1.91,Anual
2026-06-05,Extranjera (TIPMEX),1.08,Anual
2026-06-06,Nacional (TIPMN),1.91,Anual
2026-06-06,Extranjera (TIPMEX),1.07,Anual
2026-06-07,Nacional (TIPMN),1.91,Anual
2026-06-07,Extranjera (TIPMEX),1.07,Anual
2026-06-08,Nacional (TIPMN),1.91,Anual
2026-06-08,Extranjera (TIPMEX),1.07,Anual
2026-06-09,Nacional (TIPMN),1.95,Anual
2026-06-09,Extranjera (TIPMEX),1.13,Anual
2026-06-10,Nacional (TIPMN),1.95,Anual
2026-06-10,Extranjera (TIPMEX),1.1,Anual
2026-06-11,Nacional (TIPMN),1.96,Anual
2026-06-11,Extranjera (TIPMEX),1.11,Anual
2026-06-12,Nacional (TIPMN),2.01,Anual
2026-06-12,Extranjera (TIPMEX),1.09,Anual
2026-06-13,Nacional (TIPMN),2.01,Anual
2026-06-13,Extranjera (TIPMEX),1.12,Anual
2026-06-14,Nacional (TIPMN),2.01,Anual
2026-06-14,Extranjera (TIPMEX),1.12,Anual
2026-06-15,Nacional (TIPMN),2.01,Anual
2026-06-15,Extranjera (TIPMEX),1.12,Anual
2026-06-16,Nacional (TIPMN),2.01,Anual
2026-06-16,Extranjera (TIPMEX),1.14,Anual
2026-06-17,Nacional (TIPMN),2.01,Anual
2026-06-17,Extranjera (TIPMEX),1.12,Anual
2026-06-18,Nacional (TIPMN),2.01,Anual
2026-06-18,Extranjera (TIPMEX),1.11,Anual
2026-06-19,Nacional (TIPMN),2.01,Anual
2026-06-19,Extranjera (TIPMEX),1.12,Anual
2026-06-20,Nacional (TIPMN),1.98,Anual
2026-06-20,Extranjera (TIPMEX),1.13,Anual
2026-06-21,Nacional (TIPMN),1.98,Anual
2026-06-21,Extranjera (TIPMEX),1.13,Anual
2026-06-22,Nacional (TIPMN),1.98,Anual
2026-06-22,Extranjera (TIPMEX),1.13,Anual
2026-06-23,Nacional (TIPMN),1.99,Anual
2026-06-23,Extranjera (TIPMEX),1.15,Anual
2026-06-24,Nacional (TIPMN),1.99,Anual
2026-06-24,Extranjera (TIPMEX),1.12,Anual
2026-06-25,Nacional (TIPMN),1.98,Anual
2026-06-25,Extranjera (TIPMEX),1.13,Anual
2026-06-26,Nacional (TIPMN),1.98,Anual
2026-06-26,Extranjera (TIPMEX),1.2,Anual
2026-06-27,Nacional (TIPMN),1.99,Anual
2026-06-27,Extranjera (TIPMEX),1.17,Anual
2026-06-28,Nacional (TIPMN),1.99,Anual
2026-06-28,Extranjera (TIPMEX),1.17,Anual
2026-06-29,Nacional (TIPMN),1.99,Anual
2026-06-29,Extranjera (TIPMEX),1.17,Anual
2026-06-30,Nacional (TIPMN),1.99,Anual
2026-06-30,Extranjera (TIPMEX),1.17,Anual
2026-07-01,Nacional (TIPMN),2.01,Anual
2026-07-01,Extranjera (TIPMEX),1.23,Anual
2026-07-02,Nacional (TIPMN),1.95,Anual
2026-07-02,Extranjera (TIPMEX),1.19,Anual
2026-07-03,Nacional (TIPMN),1.9,Anual
2026-07-03,Extranjera (TIPMEX),1.12,Anual
2026-07-04,Nacional (TIPMN),1.94,Anual
2026-07-04,Extranjera (TIPMEX),1.14,Anual
2026-07-05,Nacional (TIPMN),1.94,Anual
2026-07-05,Extranjera (TIPMEX),1.14,Anual
2026-07-06,Nacional (TIPMN),1.94,Anual
2026-07-06,Extranjera (TIPMEX),1.14,Anual
2026-07-07,Nacional (TIPMN),1.96,Anual
2026-07-07,Extranjera (TIPMEX),1.17,Anual
2026-07-08,Nacional (TIPMN),1.96,Anual
2026-07-08,Extranjera (TIPMEX),1.14,Anual
2026-07-09,Nacional (TIPMN),1.98,Anual
2026-07-09,Extranjera (TIPMEX),1.17,Anual
