fecha_consulta,tipo_interes,valor,unidad,frecuencia,fuente
2025-06-07,Moneda Nacional (TAMN),14.85,porcentaje,anual,SBS
2025-06-07,Moneda Nacional (TAMN+1),15.85,porcentaje,anual,SBS
2025-06-07,Moneda Nacional (TAMN+2),16.85,porcentaje,anual,SBS
2025-06-07,Moneda Extranjera (TAMEX),9.58,porcentaje,anual,SBS
2025-06-08,Moneda Nacional (TAMN),14.85,porcentaje,anual,SBS
2025-06-08,Moneda Nacional (TAMN+1),15.85,porcentaje,anual,SBS
2025-06-08,Moneda Nacional (TAMN+2),16.85,porcentaje,anual,SBS
2025-06-08,Moneda Extranjera (TAMEX),9.58,porcentaje,anual,SBS
2025-06-09,Moneda Nacional (TAMN),14.85,porcentaje,anual,SBS
2025-06-09,Moneda Nacional (TAMN+1),15.85,porcentaje,anual,SBS
2025-06-09,Moneda Nacional (TAMN+2),16.85,porcentaje,anual,SBS
2025-06-09,Moneda Extranjera (TAMEX),9.58,porcentaje,anual,SBS
2025-06-10,Moneda Nacional (TAMN),14.84,porcentaje,anual,SBS
2025-06-10,Moneda Nacional (TAMN+1),15.84,porcentaje,anual,SBS
2025-06-10,Moneda Nacional (TAMN+2),16.84,porcentaje,anual,SBS
2025-06-10,Moneda Extranjera (TAMEX),9.63,porcentaje,anual,SBS
2025-06-11,Moneda Nacional (TAMN),14.95,porcentaje,anual,SBS
2025-06-11,Moneda Nacional (TAMN+1),15.95,porcentaje,anual,SBS
2025-06-11,Moneda Nacional (TAMN+2),16.95,porcentaje,anual,SBS
2025-06-11,Moneda Extranjera (TAMEX),9.69,porcentaje,anual,SBS
2025-06-12,Moneda Nacional (TAMN),14.97,porcentaje,anual,SBS
2025-06-12,Moneda Nacional (TAMN+1),15.97,porcentaje,anual,SBS
2025-06-12,Moneda Nacional (TAMN+2),16.97,porcentaje,anual,SBS
2025-06-12,Moneda Extranjera (TAMEX),9.72,porcentaje,anual,SBS
2025-06-13,Moneda Nacional (TAMN),15.0,porcentaje,anual,SBS
2025-06-13,Moneda Nacional (TAMN+1),16.0,porcentaje,anual,SBS
2025-06-13,Moneda Nacional (TAMN+2),17.0,porcentaje,anual,SBS
2025-06-13,Moneda Extranjera (TAMEX),9.72,porcentaje,anual,SBS
2025-06-14,Moneda Nacional (TAMN),15.01,porcentaje,anual,SBS
2025-06-14,Moneda Nacional (TAMN+1),16.01,porcentaje,anual,SBS
2025-06-14,Moneda Nacional (TAMN+2),17.01,porcentaje,anual,SBS
2025-06-14,Moneda Extranjera (TAMEX),9.7,porcentaje,anual,SBS
2025-06-15,Moneda Nacional (TAMN),15.01,porcentaje,anual,SBS
2025-06-15,Moneda Nacional (TAMN+1),16.01,porcentaje,anual,SBS
2025-06-15,Moneda Nacional (TAMN+2),17.01,porcentaje,anual,SBS
2025-06-15,Moneda Extranjera (TAMEX),9.7,porcentaje,anual,SBS
2025-06-16,Moneda Nacional (TAMN),15.01,porcentaje,anual,SBS
2025-06-16,Moneda Nacional (TAMN+1),16.01,porcentaje,anual,SBS
2025-06-16,Moneda Nacional (TAMN+2),17.01,porcentaje,anual,SBS
2025-06-16,Moneda Extranjera (TAMEX),9.7,porcentaje,anual,SBS
2025-06-17,Moneda Nacional (TAMN),15.02,porcentaje,anual,SBS
2025-06-17,Moneda Nacional (TAMN+1),16.02,porcentaje,anual,SBS
2025-06-17,Moneda Nacional (TAMN+2),17.02,porcentaje,anual,SBS
2025-06-17,Moneda Extranjera (TAMEX),9.69,porcentaje,anual,SBS
2025-06-18,Moneda Nacional (TAMN),15.04,porcentaje,anual,SBS
2025-06-18,Moneda Nacional (TAMN+1),16.04,porcentaje,anual,SBS
2025-06-18,Moneda Nacional (TAMN+2),17.04,porcentaje,anual,SBS
2025-06-18,Moneda Extranjera (TAMEX),9.69,porcentaje,anual,SBS
2025-06-19,Moneda Nacional (TAMN),15.04,porcentaje,anual,SBS
2025-06-19,Moneda Nacional (TAMN+1),16.04,porcentaje,anual,SBS
2025-06-19,Moneda Nacional (TAMN+2),17.04,porcentaje,anual,SBS
2025-06-19,Moneda Extranjera (TAMEX),9.69,porcentaje,anual,SBS
2025-06-20,Moneda Nacional (TAMN),15.01,porcentaje,anual,SBS
2025-06-20,Moneda Nacional (TAMN+1),16.01,porcentaje,anual,SBS
2025-06-20,Moneda Nacional (TAMN+2),17.01,porcentaje,anual,SBS
2025-06-20,Moneda Extranjera (TAMEX),9.62,porcentaje,anual,SBS
2025-06-21,Moneda Nacional (TAMN),14.97,porcentaje,anual,SBS
2025-06-21,Moneda Nacional (TAMN+1),15.97,porcentaje,anual,SBS
2025-06-21,Moneda Nacional (TAMN+2),16.97,porcentaje,anual,SBS
2025-06-21,Moneda Extranjera (TAMEX),9.6,porcentaje,anual,SBS
2025-06-22,Moneda Nacional (TAMN),14.97,porcentaje,anual,SBS
2025-06-22,Moneda Nacional (TAMN+1),15.97,porcentaje,anual,SBS
2025-06-22,Moneda Nacional (TAMN+2),16.97,porcentaje,anual,SBS
2025-06-22,Moneda Extranjera (TAMEX),9.6,porcentaje,anual,SBS
2025-06-23,Moneda Nacional (TAMN),14.97,porcentaje,anual,SBS
2025-06-23,Moneda Nacional (TAMN+1),15.97,porcentaje,anual,SBS
2025-06-23,Moneda Nacional (TAMN+2),16.97,porcentaje,anual,SBS
2025-06-23,Moneda Extranjera (TAMEX),9.6,porcentaje,anual,SBS
2025-06-24,Moneda Nacional (TAMN),14.91,porcentaje,anual,SBS
2025-06-24,Moneda Nacional (TAMN+1),15.91,porcentaje,anual,SBS
2025-06-24,Moneda Nacional (TAMN+2),16.91,porcentaje,anual,SBS
2025-06-24,Moneda Extranjera (TAMEX),9.55,porcentaje,anual,SBS
2025-06-25,Moneda Nacional (TAMN),14.98,porcentaje,anual,SBS
2025-06-25,Moneda Nacional (TAMN+1),15.98,porcentaje,anual,SBS
2025-06-25,Moneda Nacional (TAMN+2),16.98,porcentaje,anual,SBS
2025-06-25,Moneda Extranjera (TAMEX),9.64,porcentaje,anual,SBS
2025-06-26,Moneda Nacional (TAMN),14.99,porcentaje,anual,SBS
2025-06-26,Moneda Nacional (TAMN+1),15.99,porcentaje,anual,SBS
2025-06-26,Moneda Nacional (TAMN+2),16.99,porcentaje,anual,SBS
2025-06-26,Moneda Extranjera (TAMEX),9.66,porcentaje,anual,SBS
2025-06-27,Moneda Nacional (TAMN),15.06,porcentaje,anual,SBS
2025-06-27,Moneda Nacional (TAMN+1),16.06,porcentaje,anual,SBS
2025-06-27,Moneda Nacional (TAMN+2),17.06,porcentaje,anual,SBS
2025-06-27,Moneda Extranjera (TAMEX),9.67,porcentaje,anual,SBS
2025-06-28,Moneda Nacional (TAMN),15.06,porcentaje,anual,SBS
2025-06-28,Moneda Nacional (TAMN+1),16.06,porcentaje,anual,SBS
2025-06-28,Moneda Nacional (TAMN+2),17.06,porcentaje,anual,SBS
2025-06-28,Moneda Extranjera (TAMEX),9.65,porcentaje,anual,SBS
2025-06-29,Moneda Nacional (TAMN),15.06,porcentaje,anual,SBS
2025-06-29,Moneda Nacional (TAMN+1),16.06,porcentaje,anual,SBS
2025-06-29,Moneda Nacional (TAMN+2),17.06,porcentaje,anual,SBS
2025-06-29,Moneda Extranjera (TAMEX),9.65,porcentaje,anual,SBS
2025-06-30,Moneda Nacional (TAMN),15.06,porcentaje,anual,SBS
2025-06-30,Moneda Nacional (TAMN+1),16.06,porcentaje,anual,SBS
2025-06-30,Moneda Nacional (TAMN+2),17.06,porcentaje,anual,SBS
2025-06-30,Moneda Extranjera (TAMEX),9.65,porcentaje,anual,SBS
2025-07-01,Moneda Nacional (TAMN),15.13,porcentaje,anual,SBS
2025-07-01,Moneda Nacional (TAMN+1),16.13,porcentaje,anual,SBS
2025-07-01,Moneda Nacional (TAMN+2),17.13,porcentaje,anual,SBS
2025-07-01,Moneda Extranjera (TAMEX),9.69,porcentaje,anual,SBS
2025-07-02,Moneda Nacional (TAMN),15.81,porcentaje,anual,SBS
2025-07-02,Moneda Nacional (TAMN+1),16.81,porcentaje,anual,SBS
2025-07-02,Moneda Nacional (TAMN+2),17.81,porcentaje,anual,SBS
2025-07-02,Moneda Extranjera (TAMEX),10.12,porcentaje,anual,SBS
2025-07-03,Moneda Nacional (TAMN),15.21,porcentaje,anual,SBS
2025-07-03,Moneda Nacional (TAMN+1),16.21,porcentaje,anual,SBS
2025-07-03,Moneda Nacional (TAMN+2),17.21,porcentaje,anual,SBS
2025-07-03,Moneda Extranjera (TAMEX),9.71,porcentaje,anual,SBS
2025-07-04,Moneda Nacional (TAMN),15.18,porcentaje,anual,SBS
2025-07-04,Moneda Nacional (TAMN+1),16.18,porcentaje,anual,SBS
2025-07-04,Moneda Nacional (TAMN+2),17.18,porcentaje,anual,SBS
2025-07-04,Moneda Extranjera (TAMEX),9.68,porcentaje,anual,SBS
2025-07-05,Moneda Nacional (TAMN),15.19,porcentaje,anual,SBS
2025-07-05,Moneda Nacional (TAMN+1),16.19,porcentaje,anual,SBS
2025-07-05,Moneda Nacional (TAMN+2),17.19,porcentaje,anual,SBS
2025-07-05,Moneda Extranjera (TAMEX),9.7,porcentaje,anual,SBS
2025-07-06,Moneda Nacional (TAMN),15.19,porcentaje,anual,SBS
2025-07-06,Moneda Nacional (TAMN+1),16.19,porcentaje,anual,SBS
2025-07-06,Moneda Nacional (TAMN+2),17.19,porcentaje,anual,SBS
2025-07-06,Moneda Extranjera (TAMEX),9.7,porcentaje,anual,SBS
2025-07-07,Moneda Nacional (TAMN),15.19,porcentaje,anual,SBS
2025-07-07,Moneda Nacional (TAMN+1),16.19,porcentaje,anual,SBS
2025-07-07,Moneda Nacional (TAMN+2),17.19,porcentaje,anual,SBS
2025-07-07,Moneda Extranjera (TAMEX),9.7,porcentaje,anual,SBS
2025-07-08,Moneda Nacional (TAMN),15.18,porcentaje,anual,SBS
2025-07-08,Moneda Nacional (TAMN+1),16.18,porcentaje,anual,SBS
2025-07-08,Moneda Nacional (TAMN+2),17.18,porcentaje,anual,SBS
2025-07-08,Moneda Extranjera (TAMEX),9.68,porcentaje,anual,SBS
2025-07-09,Moneda Nacional (TAMN),15.11,porcentaje,anual,SBS
2025-07-09,Moneda Nacional (TAMN+1),16.11,porcentaje,anual,SBS
2025-07-09,Moneda Nacional (TAMN+2),17.11,porcentaje,anual,SBS
2025-07-09,Moneda Extranjera (TAMEX),9.61,porcentaje,anual,SBS
2025-07-10,Moneda Nacional (TAMN),15.08,porcentaje,anual,SBS
2025-07-10,Moneda Nacional (TAMN+1),16.08,porcentaje,anual,SBS
2025-07-10,Moneda Nacional (TAMN+2),17.08,porcentaje,anual,SBS
2025-07-10,Moneda Extranjera (TAMEX),9.64,porcentaje,anual,SBS
2025-07-11,Moneda Nacional (TAMN),15.09,porcentaje,anual,SBS
2025-07-11,Moneda Nacional (TAMN+1),16.09,porcentaje,anual,SBS
2025-07-11,Moneda Nacional (TAMN+2),17.09,porcentaje,anual,SBS
2025-07-11,Moneda Extranjera (TAMEX),9.65,porcentaje,anual,SBS
2025-07-12,Moneda Nacional (TAMN),15.06,porcentaje,anual,SBS
2025-07-12,Moneda Nacional (TAMN+1),16.06,porcentaje,anual,SBS
2025-07-12,Moneda Nacional (TAMN+2),17.06,porcentaje,anual,SBS
2025-07-12,Moneda Extranjera (TAMEX),9.66,porcentaje,anual,SBS
2025-07-13,Moneda Nacional (TAMN),15.06,porcentaje,anual,SBS
2025-07-13,Moneda Nacional (TAMN+1),16.06,porcentaje,anual,SBS
2025-07-13,Moneda Nacional (TAMN+2),17.06,porcentaje,anual,SBS
2025-07-13,Moneda Extranjera (TAMEX),9.66,porcentaje,anual,SBS
2025-07-14,Moneda Nacional (TAMN),15.06,porcentaje,anual,SBS
2025-07-14,Moneda Nacional (TAMN+1),16.06,porcentaje,anual,SBS
2025-07-14,Moneda Nacional (TAMN+2),17.06,porcentaje,anual,SBS
2025-07-14,Moneda Extranjera (TAMEX),9.66,porcentaje,anual,SBS
2025-07-15,Moneda Nacional (TAMN),15.07,porcentaje,anual,SBS
2025-07-15,Moneda Nacional (TAMN+1),16.07,porcentaje,anual,SBS
2025-07-15,Moneda Nacional (TAMN+2),17.07,porcentaje,anual,SBS
2025-07-15,Moneda Extranjera (TAMEX),9.66,porcentaje,anual,SBS
2025-07-16,Moneda Nacional (TAMN),15.08,porcentaje,anual,SBS
2025-07-16,Moneda Nacional (TAMN+1),16.08,porcentaje,anual,SBS
2025-07-16,Moneda Nacional (TAMN+2),17.08,porcentaje,anual,SBS
2025-07-16,Moneda Extranjera (TAMEX),9.64,porcentaje,anual,SBS
2025-07-17,Moneda Nacional (TAMN),15.02,porcentaje,anual,SBS
2025-07-17,Moneda Nacional (TAMN+1),16.02,porcentaje,anual,SBS
2025-07-17,Moneda Nacional (TAMN+2),17.02,porcentaje,anual,SBS
2025-07-17,Moneda Extranjera (TAMEX),9.66,porcentaje,anual,SBS
2025-07-18,Moneda Nacional (TAMN),14.96,porcentaje,anual,SBS
2025-07-18,Moneda Nacional (TAMN+1),15.96,porcentaje,anual,SBS
2025-07-18,Moneda Nacional (TAMN+2),16.96,porcentaje,anual,SBS
2025-07-18,Moneda Extranjera (TAMEX),9.6,porcentaje,anual,SBS
2025-07-19,Moneda Nacional (TAMN),14.9,porcentaje,anual,SBS
2025-07-19,Moneda Nacional (TAMN+1),15.9,porcentaje,anual,SBS
2025-07-19,Moneda Nacional (TAMN+2),16.9,porcentaje,anual,SBS
2025-07-19,Moneda Extranjera (TAMEX),9.6,porcentaje,anual,SBS
2025-07-20,Moneda Nacional (TAMN),14.9,porcentaje,anual,SBS
2025-07-20,Moneda Nacional (TAMN+1),15.9,porcentaje,anual,SBS
2025-07-20,Moneda Nacional (TAMN+2),16.9,porcentaje,anual,SBS
2025-07-20,Moneda Extranjera (TAMEX),9.6,porcentaje,anual,SBS
2025-07-21,Moneda Nacional (TAMN),14.9,porcentaje,anual,SBS
2025-07-21,Moneda Nacional (TAMN+1),15.9,porcentaje,anual,SBS
2025-07-21,Moneda Nacional (TAMN+2),16.9,porcentaje,anual,SBS
2025-07-21,Moneda Extranjera (TAMEX),9.6,porcentaje,anual,SBS
2025-07-22,Moneda Nacional (TAMN),14.92,porcentaje,anual,SBS
2025-07-22,Moneda Nacional (TAMN+1),15.92,porcentaje,anual,SBS
2025-07-22,Moneda Nacional (TAMN+2),16.92,porcentaje,anual,SBS
2025-07-22,Moneda Extranjera (TAMEX),9.65,porcentaje,anual,SBS
2025-07-23,Moneda Nacional (TAMN),14.86,porcentaje,anual,SBS
2025-07-23,Moneda Nacional (TAMN+1),15.86,porcentaje,anual,SBS
2025-07-23,Moneda Nacional (TAMN+2),16.86,porcentaje,anual,SBS
2025-07-23,Moneda Extranjera (TAMEX),9.58,porcentaje,anual,SBS
2025-07-24,Moneda Nacional (TAMN),14.86,porcentaje,anual,SBS
2025-07-24,Moneda Nacional (TAMN+1),15.86,porcentaje,anual,SBS
2025-07-24,Moneda Nacional (TAMN+2),16.86,porcentaje,anual,SBS
2025-07-24,Moneda Extranjera (TAMEX),9.58,porcentaje,anual,SBS
2025-07-25,Moneda Nacional (TAMN),14.87,porcentaje,anual,SBS
2025-07-25,Moneda Nacional (TAMN+1),15.87,porcentaje,anual,SBS
2025-07-25,Moneda Nacional (TAMN+2),16.87,porcentaje,anual,SBS
2025-07-25,Moneda Extranjera (TAMEX),9.63,porcentaje,anual,SBS
2025-07-26,Moneda Nacional (TAMN),14.9,porcentaje,anual,SBS
2025-07-26,Moneda Nacional (TAMN+1),15.9,porcentaje,anual,SBS
2025-07-26,Moneda Nacional (TAMN+2),16.9,porcentaje,anual,SBS
2025-07-26,Moneda Extranjera (TAMEX),9.69,porcentaje,anual,SBS
2025-07-27,Moneda Nacional (TAMN),14.9,porcentaje,anual,SBS
2025-07-27,Moneda Nacional (TAMN+1),15.9,porcentaje,anual,SBS
2025-07-27,Moneda Nacional (TAMN+2),16.9,porcentaje,anual,SBS
2025-07-27,Moneda Extranjera (TAMEX),9.69,porcentaje,anual,SBS
2025-07-28,Moneda Nacional (TAMN),14.9,porcentaje,anual,SBS
2025-07-28,Moneda Nacional (TAMN+1),15.9,porcentaje,anual,SBS
2025-07-28,Moneda Nacional (TAMN+2),16.9,porcentaje,anual,SBS
2025-07-28,Moneda Extranjera (TAMEX),9.69,porcentaje,anual,SBS
2025-07-29,Moneda Nacional (TAMN),14.9,porcentaje,anual,SBS
2025-07-29,Moneda Nacional (TAMN+1),15.9,porcentaje,anual,SBS
2025-07-29,Moneda Nacional (TAMN+2),16.9,porcentaje,anual,SBS
2025-07-29,Moneda Extranjera (TAMEX),9.69,porcentaje,anual,SBS
2025-07-30,Moneda Nacional (TAMN),14.9,porcentaje,anual,SBS
2025-07-30,Moneda Nacional (TAMN+1),15.9,porcentaje,anual,SBS
2025-07-30,Moneda Nacional (TAMN+2),16.9,porcentaje,anual,SBS
2025-07-30,Moneda Extranjera (TAMEX),9.69,porcentaje,anual,SBS
2025-07-31,Moneda Nacional (TAMN),14.9,porcentaje,anual,SBS
2025-07-31,Moneda Nacional (TAMN+1),15.9,porcentaje,anual,SBS
2025-07-31,Moneda Nacional (TAMN+2),16.9,porcentaje,anual,SBS
2025-07-31,Moneda Extranjera (TAMEX),9.69,porcentaje,anual,SBS
2025-08-01,Moneda Nacional (TAMN),15.02,porcentaje,anual,SBS
2025-08-01,Moneda Nacional (TAMN+1),16.02,porcentaje,anual,SBS
2025-08-01,Moneda Nacional (TAMN+2),17.02,porcentaje,anual,SBS
2025-08-01,Moneda Extranjera (TAMEX),9.75,porcentaje,anual,SBS
2025-08-02,Moneda Nacional (TAMN),15.12,porcentaje,anual,SBS
2025-08-02,Moneda Nacional (TAMN+1),16.12,porcentaje,anual,SBS
2025-08-02,Moneda Nacional (TAMN+2),17.12,porcentaje,anual,SBS
2025-08-02,Moneda Extranjera (TAMEX),9.82,porcentaje,anual,SBS
2025-08-03,Moneda Nacional (TAMN),15.12,porcentaje,anual,SBS
2025-08-03,Moneda Nacional (TAMN+1),16.12,porcentaje,anual,SBS
2025-08-03,Moneda Nacional (TAMN+2),17.12,porcentaje,anual,SBS
2025-08-03,Moneda Extranjera (TAMEX),9.82,porcentaje,anual,SBS
2025-08-04,Moneda Nacional (TAMN),15.12,porcentaje,anual,SBS
2025-08-04,Moneda Nacional (TAMN+1),16.12,porcentaje,anual,SBS
2025-08-04,Moneda Nacional (TAMN+2),17.12,porcentaje,anual,SBS
2025-08-04,Moneda Extranjera (TAMEX),9.82,porcentaje,anual,SBS
2025-08-05,Moneda Nacional (TAMN),15.09,porcentaje,anual,SBS
2025-08-05,Moneda Nacional (TAMN+1),16.09,porcentaje,anual,SBS
2025-08-05,Moneda Nacional (TAMN+2),17.09,porcentaje,anual,SBS
2025-08-05,Moneda Extranjera (TAMEX),9.76,porcentaje,anual,SBS
2025-08-06,Moneda Nacional (TAMN),15.1,porcentaje,anual,SBS
2025-08-06,Moneda Nacional (TAMN+1),16.1,porcentaje,anual,SBS
2025-08-06,Moneda Nacional (TAMN+2),17.1,porcentaje,anual,SBS
2025-08-06,Moneda Extranjera (TAMEX),9.79,porcentaje,anual,SBS
2025-08-07,Moneda Nacional (TAMN),15.1,porcentaje,anual,SBS
2025-08-07,Moneda Nacional (TAMN+1),16.1,porcentaje,anual,SBS
2025-08-07,Moneda Nacional (TAMN+2),17.1,porcentaje,anual,SBS
2025-08-07,Moneda Extranjera (TAMEX),9.79,porcentaje,anual,SBS
2025-08-08,Moneda Nacional (TAMN),14.98,porcentaje,anual,SBS
2025-08-08,Moneda Nacional (TAMN+1),15.98,porcentaje,anual,SBS
2025-08-08,Moneda Nacional (TAMN+2),16.98,porcentaje,anual,SBS
2025-08-08,Moneda Extranjera (TAMEX),9.76,porcentaje,anual,SBS
2025-08-09,Moneda Nacional (TAMN),14.99,porcentaje,anual,SBS
2025-08-09,Moneda Nacional (TAMN+1),15.99,porcentaje,anual,SBS
2025-08-09,Moneda Nacional (TAMN+2),16.99,porcentaje,anual,SBS
2025-08-09,Moneda Extranjera (TAMEX),9.75,porcentaje,anual,SBS
2025-08-10,Moneda Nacional (TAMN),14.99,porcentaje,anual,SBS
2025-08-10,Moneda Nacional (TAMN+1),15.99,porcentaje,anual,SBS
2025-08-10,Moneda Nacional (TAMN+2),16.99,porcentaje,anual,SBS
2025-08-10,Moneda Extranjera (TAMEX),9.75,porcentaje,anual,SBS
2025-08-11,Moneda Nacional (TAMN),14.99,porcentaje,anual,SBS
2025-08-11,Moneda Nacional (TAMN+1),15.99,porcentaje,anual,SBS
2025-08-11,Moneda Nacional (TAMN+2),16.99,porcentaje,anual,SBS
2025-08-11,Moneda Extranjera (TAMEX),9.75,porcentaje,anual,SBS
2025-08-12,Moneda Nacional (TAMN),15.04,porcentaje,anual,SBS
2025-08-12,Moneda Nacional (TAMN+1),16.04,porcentaje,anual,SBS
2025-08-12,Moneda Nacional (TAMN+2),17.04,porcentaje,anual,SBS
2025-08-12,Moneda Extranjera (TAMEX),9.78,porcentaje,anual,SBS
2025-08-13,Moneda Nacional (TAMN),15.14,porcentaje,anual,SBS
2025-08-13,Moneda Nacional (TAMN+1),16.14,porcentaje,anual,SBS
2025-08-13,Moneda Nacional (TAMN+2),17.14,porcentaje,anual,SBS
2025-08-13,Moneda Extranjera (TAMEX),9.85,porcentaje,anual,SBS
2025-08-14,Moneda Nacional (TAMN),15.15,porcentaje,anual,SBS
2025-08-14,Moneda Nacional (TAMN+1),16.15,porcentaje,anual,SBS
2025-08-14,Moneda Nacional (TAMN+2),17.15,porcentaje,anual,SBS
2025-08-14,Moneda Extranjera (TAMEX),9.84,porcentaje,anual,SBS
2025-08-15,Moneda Nacional (TAMN),16.34,porcentaje,anual,SBS
2025-08-15,Moneda Nacional (TAMN+1),17.34,porcentaje,anual,SBS
2025-08-15,Moneda Nacional (TAMN+2),18.34,porcentaje,anual,SBS
2025-08-15,Moneda Extranjera (TAMEX),9.78,porcentaje,anual,SBS
2025-08-16,Moneda Nacional (TAMN),15.22,porcentaje,anual,SBS
2025-08-16,Moneda Nacional (TAMN+1),16.22,porcentaje,anual,SBS
2025-08-16,Moneda Nacional (TAMN+2),17.22,porcentaje,anual,SBS
2025-08-16,Moneda Extranjera (TAMEX),9.77,porcentaje,anual,SBS
2025-08-17,Moneda Nacional (TAMN),15.22,porcentaje,anual,SBS
2025-08-17,Moneda Nacional (TAMN+1),16.22,porcentaje,anual,SBS
2025-08-17,Moneda Nacional (TAMN+2),17.22,porcentaje,anual,SBS
2025-08-17,Moneda Extranjera (TAMEX),9.77,porcentaje,anual,SBS
2025-08-18,Moneda Nacional (TAMN),15.22,porcentaje,anual,SBS
2025-08-18,Moneda Nacional (TAMN+1),16.22,porcentaje,anual,SBS
2025-08-18,Moneda Nacional (TAMN+2),17.22,porcentaje,anual,SBS
2025-08-18,Moneda Extranjera (TAMEX),9.77,porcentaje,anual,SBS
2025-08-19,Moneda Nacional (TAMN),15.21,porcentaje,anual,SBS
2025-08-19,Moneda Nacional (TAMN+1),16.21,porcentaje,anual,SBS
2025-08-19,Moneda Nacional (TAMN+2),17.21,porcentaje,anual,SBS
2025-08-19,Moneda Extranjera (TAMEX),9.77,porcentaje,anual,SBS
2025-08-20,Moneda Nacional (TAMN),15.21,porcentaje,anual,SBS
2025-08-20,Moneda Nacional (TAMN+1),16.21,porcentaje,anual,SBS
2025-08-20,Moneda Nacional (TAMN+2),17.21,porcentaje,anual,SBS
2025-08-20,Moneda Extranjera (TAMEX),9.79,porcentaje,anual,SBS
2025-08-21,Moneda Nacional (TAMN),15.2,porcentaje,anual,SBS
2025-08-21,Moneda Nacional (TAMN+1),16.2,porcentaje,anual,SBS
2025-08-21,Moneda Nacional (TAMN+2),17.2,porcentaje,anual,SBS
2025-08-21,Moneda Extranjera (TAMEX),9.72,porcentaje,anual,SBS
2025-08-22,Moneda Nacional (TAMN),15.1,porcentaje,anual,SBS
2025-08-22,Moneda Nacional (TAMN+1),16.1,porcentaje,anual,SBS
2025-08-22,Moneda Nacional (TAMN+2),17.1,porcentaje,anual,SBS
2025-08-22,Moneda Extranjera (TAMEX),9.61,porcentaje,anual,SBS
2025-08-23,Moneda Nacional (TAMN),15.1,porcentaje,anual,SBS
2025-08-23,Moneda Nacional (TAMN+1),16.1,porcentaje,anual,SBS
2025-08-23,Moneda Nacional (TAMN+2),17.1,porcentaje,anual,SBS
2025-08-23,Moneda Extranjera (TAMEX),9.62,porcentaje,anual,SBS
2025-08-24,Moneda Nacional (TAMN),15.1,porcentaje,anual,SBS
2025-08-24,Moneda Nacional (TAMN+1),16.1,porcentaje,anual,SBS
2025-08-24,Moneda Nacional (TAMN+2),17.1,porcentaje,anual,SBS
2025-08-24,Moneda Extranjera (TAMEX),9.62,porcentaje,anual,SBS
2025-08-25,Moneda Nacional (TAMN),15.1,porcentaje,anual,SBS
2025-08-25,Moneda Nacional (TAMN+1),16.1,porcentaje,anual,SBS
2025-08-25,Moneda Nacional (TAMN+2),17.1,porcentaje,anual,SBS
2025-08-25,Moneda Extranjera (TAMEX),9.62,porcentaje,anual,SBS
2025-08-26,Moneda Nacional (TAMN),15.13,porcentaje,anual,SBS
2025-08-26,Moneda Nacional (TAMN+1),16.13,porcentaje,anual,SBS
2025-08-26,Moneda Nacional (TAMN+2),17.13,porcentaje,anual,SBS
2025-08-26,Moneda Extranjera (TAMEX),9.67,porcentaje,anual,SBS
2025-08-27,Moneda Nacional (TAMN),15.25,porcentaje,anual,SBS
2025-08-27,Moneda Nacional (TAMN+1),16.25,porcentaje,anual,SBS
2025-08-27,Moneda Nacional (TAMN+2),17.25,porcentaje,anual,SBS
2025-08-27,Moneda Extranjera (TAMEX),9.71,porcentaje,anual,SBS
2025-08-28,Moneda Nacional (TAMN),15.29,porcentaje,anual,SBS
2025-08-28,Moneda Nacional (TAMN+1),16.29,porcentaje,anual,SBS
2025-08-28,Moneda Nacional (TAMN+2),17.29,porcentaje,anual,SBS
2025-08-28,Moneda Extranjera (TAMEX),9.7,porcentaje,anual,SBS
2025-08-29,Moneda Nacional (TAMN),15.3,porcentaje,anual,SBS
2025-08-29,Moneda Nacional (TAMN+1),16.3,porcentaje,anual,SBS
2025-08-29,Moneda Nacional (TAMN+2),17.3,porcentaje,anual,SBS
2025-08-29,Moneda Extranjera (TAMEX),9.71,porcentaje,anual,SBS
2025-08-30,Moneda Nacional (TAMN),15.33,porcentaje,anual,SBS
2025-08-30,Moneda Nacional (TAMN+1),16.33,porcentaje,anual,SBS
2025-08-30,Moneda Nacional (TAMN+2),17.33,porcentaje,anual,SBS
2025-08-30,Moneda Extranjera (TAMEX),9.7,porcentaje,anual,SBS
2025-08-31,Moneda Nacional (TAMN),15.33,porcentaje,anual,SBS
2025-08-31,Moneda Nacional (TAMN+1),16.33,porcentaje,anual,SBS
2025-08-31,Moneda Nacional (TAMN+2),17.33,porcentaje,anual,SBS
2025-08-31,Moneda Extranjera (TAMEX),9.7,porcentaje,anual,SBS
2025-09-01,Moneda Nacional (TAMN),15.33,porcentaje,anual,SBS
2025-09-01,Moneda Nacional (TAMN+1),16.33,porcentaje,anual,SBS
2025-09-01,Moneda Nacional (TAMN+2),17.33,porcentaje,anual,SBS
2025-09-01,Moneda Extranjera (TAMEX),9.7,porcentaje,anual,SBS
2025-09-02,Moneda Nacional (TAMN),15.32,porcentaje,anual,SBS
2025-09-02,Moneda Nacional (TAMN+1),16.32,porcentaje,anual,SBS
2025-09-02,Moneda Nacional (TAMN+2),17.32,porcentaje,anual,SBS
2025-09-02,Moneda Extranjera (TAMEX),9.74,porcentaje,anual,SBS
2025-09-03,Moneda Nacional (TAMN),15.32,porcentaje,anual,SBS
2025-09-03,Moneda Nacional (TAMN+1),16.32,porcentaje,anual,SBS
2025-09-03,Moneda Nacional (TAMN+2),17.32,porcentaje,anual,SBS
2025-09-03,Moneda Extranjera (TAMEX),9.74,porcentaje,anual,SBS
2025-09-04,Moneda Nacional (TAMN),15.32,porcentaje,anual,SBS
2025-09-04,Moneda Nacional (TAMN+1),16.32,porcentaje,anual,SBS
2025-09-04,Moneda Nacional (TAMN+2),17.32,porcentaje,anual,SBS
2025-09-04,Moneda Extranjera (TAMEX),9.73,porcentaje,anual,SBS
2025-09-05,Moneda Nacional (TAMN),15.37,porcentaje,anual,SBS
2025-09-05,Moneda Nacional (TAMN+1),16.37,porcentaje,anual,SBS
2025-09-05,Moneda Nacional (TAMN+2),17.37,porcentaje,anual,SBS
2025-09-05,Moneda Extranjera (TAMEX),9.71,porcentaje,anual,SBS
2025-09-06,Moneda Nacional (TAMN),15.34,porcentaje,anual,SBS
2025-09-06,Moneda Nacional (TAMN+1),16.34,porcentaje,anual,SBS
2025-09-06,Moneda Nacional (TAMN+2),17.34,porcentaje,anual,SBS
2025-09-06,Moneda Extranjera (TAMEX),9.69,porcentaje,anual,SBS
2025-09-07,Moneda Nacional (TAMN),15.34,porcentaje,anual,SBS
2025-09-07,Moneda Nacional (TAMN+1),16.34,porcentaje,anual,SBS
2025-09-07,Moneda Nacional (TAMN+2),17.34,porcentaje,anual,SBS
2025-09-07,Moneda Extranjera (TAMEX),9.69,porcentaje,anual,SBS
2025-09-08,Moneda Nacional (TAMN),15.34,porcentaje,anual,SBS
2025-09-08,Moneda Nacional (TAMN+1),16.34,porcentaje,anual,SBS
2025-09-08,Moneda Nacional (TAMN+2),17.34,porcentaje,anual,SBS
2025-09-08,Moneda Extranjera (TAMEX),9.69,porcentaje,anual,SBS
2025-09-09,Moneda Nacional (TAMN),15.26,porcentaje,anual,SBS
2025-09-09,Moneda Nacional (TAMN+1),16.26,porcentaje,anual,SBS
2025-09-09,Moneda Nacional (TAMN+2),17.26,porcentaje,anual,SBS
2025-09-09,Moneda Extranjera (TAMEX),9.63,porcentaje,anual,SBS
2025-09-10,Moneda Nacional (TAMN),15.29,porcentaje,anual,SBS
2025-09-10,Moneda Nacional (TAMN+1),16.29,porcentaje,anual,SBS
2025-09-10,Moneda Nacional (TAMN+2),17.29,porcentaje,anual,SBS
2025-09-10,Moneda Extranjera (TAMEX),9.71,porcentaje,anual,SBS
2025-09-11,Moneda Nacional (TAMN),15.31,porcentaje,anual,SBS
2025-09-11,Moneda Nacional (TAMN+1),16.31,porcentaje,anual,SBS
2025-09-11,Moneda Nacional (TAMN+2),17.31,porcentaje,anual,SBS
2025-09-11,Moneda Extranjera (TAMEX),9.72,porcentaje,anual,SBS
2025-09-12,Moneda Nacional (TAMN),15.33,porcentaje,anual,SBS
2025-09-12,Moneda Nacional (TAMN+1),16.33,porcentaje,anual,SBS
2025-09-12,Moneda Nacional (TAMN+2),17.33,porcentaje,anual,SBS
2025-09-12,Moneda Extranjera (TAMEX),9.75,porcentaje,anual,SBS
2025-09-13,Moneda Nacional (TAMN),15.32,porcentaje,anual,SBS
2025-09-13,Moneda Nacional (TAMN+1),16.32,porcentaje,anual,SBS
2025-09-13,Moneda Nacional (TAMN+2),17.32,porcentaje,anual,SBS
2025-09-13,Moneda Extranjera (TAMEX),9.73,porcentaje,anual,SBS
2025-09-14,Moneda Nacional (TAMN),15.32,porcentaje,anual,SBS
2025-09-14,Moneda Nacional (TAMN+1),16.32,porcentaje,anual,SBS
2025-09-14,Moneda Nacional (TAMN+2),17.32,porcentaje,anual,SBS
2025-09-14,Moneda Extranjera (TAMEX),9.73,porcentaje,anual,SBS
2025-09-15,Moneda Nacional (TAMN),15.32,porcentaje,anual,SBS
2025-09-15,Moneda Nacional (TAMN+1),16.32,porcentaje,anual,SBS
2025-09-15,Moneda Nacional (TAMN+2),17.32,porcentaje,anual,SBS
2025-09-15,Moneda Extranjera (TAMEX),9.73,porcentaje,anual,SBS
2025-09-16,Moneda Nacional (TAMN),15.36,porcentaje,anual,SBS
2025-09-16,Moneda Nacional (TAMN+1),16.36,porcentaje,anual,SBS
2025-09-16,Moneda Nacional (TAMN+2),17.36,porcentaje,anual,SBS
2025-09-16,Moneda Extranjera (TAMEX),9.76,porcentaje,anual,SBS
2025-09-17,Moneda Nacional (TAMN),15.4,porcentaje,anual,SBS
2025-09-17,Moneda Nacional (TAMN+1),16.4,porcentaje,anual,SBS
2025-09-17,Moneda Nacional (TAMN+2),17.4,porcentaje,anual,SBS
2025-09-17,Moneda Extranjera (TAMEX),9.78,porcentaje,anual,SBS
2025-09-18,Moneda Nacional (TAMN),15.37,porcentaje,anual,SBS
2025-09-18,Moneda Nacional (TAMN+1),16.37,porcentaje,anual,SBS
2025-09-18,Moneda Nacional (TAMN+2),17.37,porcentaje,anual,SBS
2025-09-18,Moneda Extranjera (TAMEX),9.75,porcentaje,anual,SBS
2025-09-19,Moneda Nacional (TAMN),15.36,porcentaje,anual,SBS
2025-09-19,Moneda Nacional (TAMN+1),16.36,porcentaje,anual,SBS
2025-09-19,Moneda Nacional (TAMN+2),17.36,porcentaje,anual,SBS
2025-09-19,Moneda Extranjera (TAMEX),9.77,porcentaje,anual,SBS
2025-09-20,Moneda Nacional (TAMN),15.35,porcentaje,anual,SBS
2025-09-20,Moneda Nacional (TAMN+1),16.35,porcentaje,anual,SBS
2025-09-20,Moneda Nacional (TAMN+2),17.35,porcentaje,anual,SBS
2025-09-20,Moneda Extranjera (TAMEX),9.72,porcentaje,anual,SBS
2025-09-21,Moneda Nacional (TAMN),15.35,porcentaje,anual,SBS
2025-09-21,Moneda Nacional (TAMN+1),16.35,porcentaje,anual,SBS
2025-09-21,Moneda Nacional (TAMN+2),17.35,porcentaje,anual,SBS
2025-09-21,Moneda Extranjera (TAMEX),9.72,porcentaje,anual,SBS
2025-09-22,Moneda Nacional (TAMN),15.35,porcentaje,anual,SBS
2025-09-22,Moneda Nacional (TAMN+1),16.35,porcentaje,anual,SBS
2025-09-22,Moneda Nacional (TAMN+2),17.35,porcentaje,anual,SBS
2025-09-22,Moneda Extranjera (TAMEX),9.72,porcentaje,anual,SBS
2025-09-23,Moneda Nacional (TAMN),15.35,porcentaje,anual,SBS
2025-09-23,Moneda Nacional (TAMN+1),16.35,porcentaje,anual,SBS
2025-09-23,Moneda Nacional (TAMN+2),17.35,porcentaje,anual,SBS
2025-09-23,Moneda Extranjera (TAMEX),9.69,porcentaje,anual,SBS
2025-09-24,Moneda Nacional (TAMN),15.32,porcentaje,anual,SBS
2025-09-24,Moneda Nacional (TAMN+1),16.32,porcentaje,anual,SBS
2025-09-24,Moneda Nacional (TAMN+2),17.32,porcentaje,anual,SBS
2025-09-24,Moneda Extranjera (TAMEX),9.69,porcentaje,anual,SBS
2025-09-25,Moneda Nacional (TAMN),15.33,porcentaje,anual,SBS
2025-09-25,Moneda Nacional (TAMN+1),16.33,porcentaje,anual,SBS
2025-09-25,Moneda Nacional (TAMN+2),17.33,porcentaje,anual,SBS
2025-09-25,Moneda Extranjera (TAMEX),9.7,porcentaje,anual,SBS
2025-09-26,Moneda Nacional (TAMN),15.35,porcentaje,anual,SBS
2025-09-26,Moneda Nacional (TAMN+1),16.35,porcentaje,anual,SBS
2025-09-26,Moneda Nacional (TAMN+2),17.35,porcentaje,anual,SBS
2025-09-26,Moneda Extranjera (TAMEX),9.71,porcentaje,anual,SBS
2025-09-27,Moneda Nacional (TAMN),15.41,porcentaje,anual,SBS
2025-09-27,Moneda Nacional (TAMN+1),16.41,porcentaje,anual,SBS
2025-09-27,Moneda Nacional (TAMN+2),17.41,porcentaje,anual,SBS
2025-09-27,Moneda Extranjera (TAMEX),9.75,porcentaje,anual,SBS
2025-09-28,Moneda Nacional (TAMN),15.41,porcentaje,anual,SBS
2025-09-28,Moneda Nacional (TAMN+1),16.41,porcentaje,anual,SBS
2025-09-28,Moneda Nacional (TAMN+2),17.41,porcentaje,anual,SBS
2025-09-28,Moneda Extranjera (TAMEX),9.75,porcentaje,anual,SBS
2025-09-29,Moneda Nacional (TAMN),15.41,porcentaje,anual,SBS
2025-09-29,Moneda Nacional (TAMN+1),16.41,porcentaje,anual,SBS
2025-09-29,Moneda Nacional (TAMN+2),17.41,porcentaje,anual,SBS
2025-09-29,Moneda Extranjera (TAMEX),9.75,porcentaje,anual,SBS
2025-09-30,Moneda Nacional (TAMN),15.41,porcentaje,anual,SBS
2025-09-30,Moneda Nacional (TAMN+1),16.41,porcentaje,anual,SBS
2025-09-30,Moneda Nacional (TAMN+2),17.41,porcentaje,anual,SBS
2025-09-30,Moneda Extranjera (TAMEX),9.68,porcentaje,anual,SBS
2025-10-01,Moneda Nacional (TAMN),15.49,porcentaje,anual,SBS
2025-10-01,Moneda Nacional (TAMN+1),16.49,porcentaje,anual,SBS
2025-10-01,Moneda Nacional (TAMN+2),17.49,porcentaje,anual,SBS
2025-10-01,Moneda Extranjera (TAMEX),9.72,porcentaje,anual,SBS
2025-10-02,Moneda Nacional (TAMN),15.82,porcentaje,anual,SBS
2025-10-02,Moneda Nacional (TAMN+1),16.82,porcentaje,anual,SBS
2025-10-02,Moneda Nacional (TAMN+2),17.82,porcentaje,anual,SBS
2025-10-02,Moneda Extranjera (TAMEX),9.91,porcentaje,anual,SBS
2025-10-03,Moneda Nacional (TAMN),15.46,porcentaje,anual,SBS
2025-10-03,Moneda Nacional (TAMN+1),16.46,porcentaje,anual,SBS
2025-10-03,Moneda Nacional (TAMN+2),17.46,porcentaje,anual,SBS
2025-10-03,Moneda Extranjera (TAMEX),9.65,porcentaje,anual,SBS
2025-10-04,Moneda Nacional (TAMN),15.42,porcentaje,anual,SBS
2025-10-04,Moneda Nacional (TAMN+1),16.42,porcentaje,anual,SBS
2025-10-04,Moneda Nacional (TAMN+2),17.42,porcentaje,anual,SBS
2025-10-04,Moneda Extranjera (TAMEX),9.61,porcentaje,anual,SBS
2025-10-05,Moneda Nacional (TAMN),15.42,porcentaje,anual,SBS
2025-10-05,Moneda Nacional (TAMN+1),16.42,porcentaje,anual,SBS
2025-10-05,Moneda Nacional (TAMN+2),17.42,porcentaje,anual,SBS
2025-10-05,Moneda Extranjera (TAMEX),9.61,porcentaje,anual,SBS
2025-10-06,Moneda Nacional (TAMN),15.42,porcentaje,anual,SBS
2025-10-06,Moneda Nacional (TAMN+1),16.42,porcentaje,anual,SBS
2025-10-06,Moneda Nacional (TAMN+2),17.42,porcentaje,anual,SBS
2025-10-06,Moneda Extranjera (TAMEX),9.61,porcentaje,anual,SBS
2025-10-07,Moneda Nacional (TAMN),15.42,porcentaje,anual,SBS
2025-10-07,Moneda Nacional (TAMN+1),16.42,porcentaje,anual,SBS
2025-10-07,Moneda Nacional (TAMN+2),17.42,porcentaje,anual,SBS
2025-10-07,Moneda Extranjera (TAMEX),9.59,porcentaje,anual,SBS
2025-10-08,Moneda Nacional (TAMN),15.36,porcentaje,anual,SBS
2025-10-08,Moneda Nacional (TAMN+1),16.36,porcentaje,anual,SBS
2025-10-08,Moneda Nacional (TAMN+2),17.36,porcentaje,anual,SBS
2025-10-08,Moneda Extranjera (TAMEX),9.55,porcentaje,anual,SBS
2025-10-09,Moneda Nacional (TAMN),15.36,porcentaje,anual,SBS
2025-10-09,Moneda Nacional (TAMN+1),16.36,porcentaje,anual,SBS
2025-10-09,Moneda Nacional (TAMN+2),17.36,porcentaje,anual,SBS
2025-10-09,Moneda Extranjera (TAMEX),9.55,porcentaje,anual,SBS
2025-10-10,Moneda Nacional (TAMN),15.35,porcentaje,anual,SBS
2025-10-10,Moneda Nacional (TAMN+1),16.35,porcentaje,anual,SBS
2025-10-10,Moneda Nacional (TAMN+2),17.35,porcentaje,anual,SBS
2025-10-10,Moneda Extranjera (TAMEX),9.56,porcentaje,anual,SBS
2025-10-11,Moneda Nacional (TAMN),15.5,porcentaje,anual,SBS
2025-10-11,Moneda Nacional (TAMN+1),16.5,porcentaje,anual,SBS
2025-10-11,Moneda Nacional (TAMN+2),17.5,porcentaje,anual,SBS
2025-10-11,Moneda Extranjera (TAMEX),9.67,porcentaje,anual,SBS
2025-10-12,Moneda Nacional (TAMN),15.5,porcentaje,anual,SBS
2025-10-12,Moneda Nacional (TAMN+1),16.5,porcentaje,anual,SBS
2025-10-12,Moneda Nacional (TAMN+2),17.5,porcentaje,anual,SBS
2025-10-12,Moneda Extranjera (TAMEX),9.67,porcentaje,anual,SBS
2025-10-13,Moneda Nacional (TAMN),15.5,porcentaje,anual,SBS
2025-10-13,Moneda Nacional (TAMN+1),16.5,porcentaje,anual,SBS
2025-10-13,Moneda Nacional (TAMN+2),17.5,porcentaje,anual,SBS
2025-10-13,Moneda Extranjera (TAMEX),9.67,porcentaje,anual,SBS
2025-10-14,Moneda Nacional (TAMN),15.55,porcentaje,anual,SBS
2025-10-14,Moneda Nacional (TAMN+1),16.55,porcentaje,anual,SBS
2025-10-14,Moneda Nacional (TAMN+2),17.55,porcentaje,anual,SBS
2025-10-14,Moneda Extranjera (TAMEX),9.7,porcentaje,anual,SBS
2025-10-15,Moneda Nacional (TAMN),15.65,porcentaje,anual,SBS
2025-10-15,Moneda Nacional (TAMN+1),16.65,porcentaje,anual,SBS
2025-10-15,Moneda Nacional (TAMN+2),17.65,porcentaje,anual,SBS
2025-10-15,Moneda Extranjera (TAMEX),9.75,porcentaje,anual,SBS
2025-10-16,Moneda Nacional (TAMN),15.66,porcentaje,anual,SBS
2025-10-16,Moneda Nacional (TAMN+1),16.66,porcentaje,anual,SBS
2025-10-16,Moneda Nacional (TAMN+2),17.66,porcentaje,anual,SBS
2025-10-16,Moneda Extranjera (TAMEX),9.76,porcentaje,anual,SBS
2025-10-17,Moneda Nacional (TAMN),15.65,porcentaje,anual,SBS
2025-10-17,Moneda Nacional (TAMN+1),16.65,porcentaje,anual,SBS
2025-10-17,Moneda Nacional (TAMN+2),17.65,porcentaje,anual,SBS
2025-10-17,Moneda Extranjera (TAMEX),9.74,porcentaje,anual,SBS
2025-10-18,Moneda Nacional (TAMN),15.59,porcentaje,anual,SBS
2025-10-18,Moneda Nacional (TAMN+1),16.59,porcentaje,anual,SBS
2025-10-18,Moneda Nacional (TAMN+2),17.59,porcentaje,anual,SBS
2025-10-18,Moneda Extranjera (TAMEX),9.71,porcentaje,anual,SBS
2025-10-19,Moneda Nacional (TAMN),15.59,porcentaje,anual,SBS
2025-10-19,Moneda Nacional (TAMN+1),16.59,porcentaje,anual,SBS
2025-10-19,Moneda Nacional (TAMN+2),17.59,porcentaje,anual,SBS
2025-10-19,Moneda Extranjera (TAMEX),9.71,porcentaje,anual,SBS
2025-10-20,Moneda Nacional (TAMN),15.59,porcentaje,anual,SBS
2025-10-20,Moneda Nacional (TAMN+1),16.59,porcentaje,anual,SBS
2025-10-20,Moneda Nacional (TAMN+2),17.59,porcentaje,anual,SBS
2025-10-20,Moneda Extranjera (TAMEX),9.71,porcentaje,anual,SBS
2025-10-21,Moneda Nacional (TAMN),15.61,porcentaje,anual,SBS
2025-10-21,Moneda Nacional (TAMN+1),16.61,porcentaje,anual,SBS
2025-10-21,Moneda Nacional (TAMN+2),17.61,porcentaje,anual,SBS
2025-10-21,Moneda Extranjera (TAMEX),9.71,porcentaje,anual,SBS
2025-10-22,Moneda Nacional (TAMN),15.56,porcentaje,anual,SBS
2025-10-22,Moneda Nacional (TAMN+1),16.56,porcentaje,anual,SBS
2025-10-22,Moneda Nacional (TAMN+2),17.56,porcentaje,anual,SBS
2025-10-22,Moneda Extranjera (TAMEX),9.62,porcentaje,anual,SBS
2025-10-23,Moneda Nacional (TAMN),15.53,porcentaje,anual,SBS
2025-10-23,Moneda Nacional (TAMN+1),16.53,porcentaje,anual,SBS
2025-10-23,Moneda Nacional (TAMN+2),17.53,porcentaje,anual,SBS
2025-10-23,Moneda Extranjera (TAMEX),9.63,porcentaje,anual,SBS
2025-10-24,Moneda Nacional (TAMN),15.55,porcentaje,anual,SBS
2025-10-24,Moneda Nacional (TAMN+1),16.55,porcentaje,anual,SBS
2025-10-24,Moneda Nacional (TAMN+2),17.55,porcentaje,anual,SBS
2025-10-24,Moneda Extranjera (TAMEX),9.61,porcentaje,anual,SBS
2025-10-25,Moneda Nacional (TAMN),15.56,porcentaje,anual,SBS
2025-10-25,Moneda Nacional (TAMN+1),16.56,porcentaje,anual,SBS
2025-10-25,Moneda Nacional (TAMN+2),17.56,porcentaje,anual,SBS
2025-10-25,Moneda Extranjera (TAMEX),9.62,porcentaje,anual,SBS
2025-10-26,Moneda Nacional (TAMN),15.56,porcentaje,anual,SBS
2025-10-26,Moneda Nacional (TAMN+1),16.56,porcentaje,anual,SBS
2025-10-26,Moneda Nacional (TAMN+2),17.56,porcentaje,anual,SBS
2025-10-26,Moneda Extranjera (TAMEX),9.62,porcentaje,anual,SBS
2025-10-27,Moneda Nacional (TAMN),15.56,porcentaje,anual,SBS
2025-10-27,Moneda Nacional (TAMN+1),16.56,porcentaje,anual,SBS
2025-10-27,Moneda Nacional (TAMN+2),17.56,porcentaje,anual,SBS
2025-10-27,Moneda Extranjera (TAMEX),9.62,porcentaje,anual,SBS
2025-10-28,Moneda Nacional (TAMN),15.6,porcentaje,anual,SBS
2025-10-28,Moneda Nacional (TAMN+1),16.6,porcentaje,anual,SBS
2025-10-28,Moneda Nacional (TAMN+2),17.6,porcentaje,anual,SBS
2025-10-28,Moneda Extranjera (TAMEX),9.68,porcentaje,anual,SBS
2025-10-29,Moneda Nacional (TAMN),15.71,porcentaje,anual,SBS
2025-10-29,Moneda Nacional (TAMN+1),16.71,porcentaje,anual,SBS
2025-10-29,Moneda Nacional (TAMN+2),17.71,porcentaje,anual,SBS
2025-10-29,Moneda Extranjera (TAMEX),9.73,porcentaje,anual,SBS
2025-10-30,Moneda Nacional (TAMN),15.72,porcentaje,anual,SBS
2025-10-30,Moneda Nacional (TAMN+1),16.72,porcentaje,anual,SBS
2025-10-30,Moneda Nacional (TAMN+2),17.72,porcentaje,anual,SBS
2025-10-30,Moneda Extranjera (TAMEX),9.72,porcentaje,anual,SBS
2025-10-31,Moneda Nacional (TAMN),15.73,porcentaje,anual,SBS
2025-10-31,Moneda Nacional (TAMN+1),16.73,porcentaje,anual,SBS
2025-10-31,Moneda Nacional (TAMN+2),17.73,porcentaje,anual,SBS
2025-10-31,Moneda Extranjera (TAMEX),9.72,porcentaje,anual,SBS
2025-11-01,Moneda Nacional (TAMN),15.72,porcentaje,anual,SBS
2025-11-01,Moneda Nacional (TAMN+1),16.72,porcentaje,anual,SBS
2025-11-01,Moneda Nacional (TAMN+2),17.72,porcentaje,anual,SBS
2025-11-01,Moneda Extranjera (TAMEX),9.77,porcentaje,anual,SBS
2025-11-02,Moneda Nacional (TAMN),15.72,porcentaje,anual,SBS
2025-11-02,Moneda Nacional (TAMN+1),16.72,porcentaje,anual,SBS
2025-11-02,Moneda Nacional (TAMN+2),17.72,porcentaje,anual,SBS
2025-11-02,Moneda Extranjera (TAMEX),9.77,porcentaje,anual,SBS
2025-11-03,Moneda Nacional (TAMN),15.72,porcentaje,anual,SBS
2025-11-03,Moneda Nacional (TAMN+1),16.72,porcentaje,anual,SBS
2025-11-03,Moneda Nacional (TAMN+2),17.72,porcentaje,anual,SBS
2025-11-03,Moneda Extranjera (TAMEX),9.77,porcentaje,anual,SBS
2025-11-04,Moneda Nacional (TAMN),15.72,porcentaje,anual,SBS
2025-11-04,Moneda Nacional (TAMN+1),16.72,porcentaje,anual,SBS
2025-11-04,Moneda Nacional (TAMN+2),17.72,porcentaje,anual,SBS
2025-11-04,Moneda Extranjera (TAMEX),9.8,porcentaje,anual,SBS
2025-11-05,Moneda Nacional (TAMN),15.68,porcentaje,anual,SBS
2025-11-05,Moneda Nacional (TAMN+1),16.68,porcentaje,anual,SBS
2025-11-05,Moneda Nacional (TAMN+2),17.68,porcentaje,anual,SBS
2025-11-05,Moneda Extranjera (TAMEX),9.8,porcentaje,anual,SBS
2025-11-06,Moneda Nacional (TAMN),15.66,porcentaje,anual,SBS
2025-11-06,Moneda Nacional (TAMN+1),16.66,porcentaje,anual,SBS
2025-11-06,Moneda Nacional (TAMN+2),17.66,porcentaje,anual,SBS
2025-11-06,Moneda Extranjera (TAMEX),9.74,porcentaje,anual,SBS
2025-11-07,Moneda Nacional (TAMN),15.57,porcentaje,anual,SBS
2025-11-07,Moneda Nacional (TAMN+1),16.57,porcentaje,anual,SBS
2025-11-07,Moneda Nacional (TAMN+2),17.57,porcentaje,anual,SBS
2025-11-07,Moneda Extranjera (TAMEX),9.66,porcentaje,anual,SBS
2025-11-08,Moneda Nacional (TAMN),15.61,porcentaje,anual,SBS
2025-11-08,Moneda Nacional (TAMN+1),16.61,porcentaje,anual,SBS
2025-11-08,Moneda Nacional (TAMN+2),17.61,porcentaje,anual,SBS
2025-11-08,Moneda Extranjera (TAMEX),9.69,porcentaje,anual,SBS
2025-11-09,Moneda Nacional (TAMN),15.61,porcentaje,anual,SBS
2025-11-09,Moneda Nacional (TAMN+1),16.61,porcentaje,anual,SBS
2025-11-09,Moneda Nacional (TAMN+2),17.61,porcentaje,anual,SBS
2025-11-09,Moneda Extranjera (TAMEX),9.69,porcentaje,anual,SBS
2025-11-10,Moneda Nacional (TAMN),15.61,porcentaje,anual,SBS
2025-11-10,Moneda Nacional (TAMN+1),16.61,porcentaje,anual,SBS
2025-11-10,Moneda Nacional (TAMN+2),17.61,porcentaje,anual,SBS
2025-11-10,Moneda Extranjera (TAMEX),9.69,porcentaje,anual,SBS
2025-11-11,Moneda Nacional (TAMN),15.63,porcentaje,anual,SBS
2025-11-11,Moneda Nacional (TAMN+1),16.63,porcentaje,anual,SBS
2025-11-11,Moneda Nacional (TAMN+2),17.63,porcentaje,anual,SBS
2025-11-11,Moneda Extranjera (TAMEX),9.75,porcentaje,anual,SBS
2025-11-12,Moneda Nacional (TAMN),15.78,porcentaje,anual,SBS
2025-11-12,Moneda Nacional (TAMN+1),16.78,porcentaje,anual,SBS
2025-11-12,Moneda Nacional (TAMN+2),17.78,porcentaje,anual,SBS
2025-11-12,Moneda Extranjera (TAMEX),9.87,porcentaje,anual,SBS
2025-11-13,Moneda Nacional (TAMN),15.8,porcentaje,anual,SBS
2025-11-13,Moneda Nacional (TAMN+1),16.8,porcentaje,anual,SBS
2025-11-13,Moneda Nacional (TAMN+2),17.8,porcentaje,anual,SBS
2025-11-13,Moneda Extranjera (TAMEX),9.86,porcentaje,anual,SBS
2025-11-14,Moneda Nacional (TAMN),15.82,porcentaje,anual,SBS
2025-11-14,Moneda Nacional (TAMN+1),16.82,porcentaje,anual,SBS
2025-11-14,Moneda Nacional (TAMN+2),17.82,porcentaje,anual,SBS
2025-11-14,Moneda Extranjera (TAMEX),9.85,porcentaje,anual,SBS
2025-11-15,Moneda Nacional (TAMN),15.82,porcentaje,anual,SBS
2025-11-15,Moneda Nacional (TAMN+1),16.82,porcentaje,anual,SBS
2025-11-15,Moneda Nacional (TAMN+2),17.82,porcentaje,anual,SBS
2025-11-15,Moneda Extranjera (TAMEX),9.84,porcentaje,anual,SBS
2025-11-16,Moneda Nacional (TAMN),15.82,porcentaje,anual,SBS
2025-11-16,Moneda Nacional (TAMN+1),16.82,porcentaje,anual,SBS
2025-11-16,Moneda Nacional (TAMN+2),17.82,porcentaje,anual,SBS
2025-11-16,Moneda Extranjera (TAMEX),9.84,porcentaje,anual,SBS
2025-11-17,Moneda Nacional (TAMN),15.82,porcentaje,anual,SBS
2025-11-17,Moneda Nacional (TAMN+1),16.82,porcentaje,anual,SBS
2025-11-17,Moneda Nacional (TAMN+2),17.82,porcentaje,anual,SBS
2025-11-17,Moneda Extranjera (TAMEX),9.84,porcentaje,anual,SBS
2025-11-18,Moneda Nacional (TAMN),15.8,porcentaje,anual,SBS
2025-11-18,Moneda Nacional (TAMN+1),16.8,porcentaje,anual,SBS
2025-11-18,Moneda Nacional (TAMN+2),17.8,porcentaje,anual,SBS
2025-11-18,Moneda Extranjera (TAMEX),9.8,porcentaje,anual,SBS
2025-11-19,Moneda Nacional (TAMN),15.79,porcentaje,anual,SBS
2025-11-19,Moneda Nacional (TAMN+1),16.79,porcentaje,anual,SBS
2025-11-19,Moneda Nacional (TAMN+2),17.79,porcentaje,anual,SBS
2025-11-19,Moneda Extranjera (TAMEX),9.82,porcentaje,anual,SBS
2025-11-20,Moneda Nacional (TAMN),15.77,porcentaje,anual,SBS
2025-11-20,Moneda Nacional (TAMN+1),16.77,porcentaje,anual,SBS
2025-11-20,Moneda Nacional (TAMN+2),17.77,porcentaje,anual,SBS
2025-11-20,Moneda Extranjera (TAMEX),9.78,porcentaje,anual,SBS
2025-11-21,Moneda Nacional (TAMN),15.8,porcentaje,anual,SBS
2025-11-21,Moneda Nacional (TAMN+1),16.8,porcentaje,anual,SBS
2025-11-21,Moneda Nacional (TAMN+2),17.8,porcentaje,anual,SBS
2025-11-21,Moneda Extranjera (TAMEX),9.81,porcentaje,anual,SBS
2025-11-22,Moneda Nacional (TAMN),15.71,porcentaje,anual,SBS
2025-11-22,Moneda Nacional (TAMN+1),16.71,porcentaje,anual,SBS
2025-11-22,Moneda Nacional (TAMN+2),17.71,porcentaje,anual,SBS
2025-11-22,Moneda Extranjera (TAMEX),9.75,porcentaje,anual,SBS
2025-11-23,Moneda Nacional (TAMN),15.71,porcentaje,anual,SBS
2025-11-23,Moneda Nacional (TAMN+1),16.71,porcentaje,anual,SBS
2025-11-23,Moneda Nacional (TAMN+2),17.71,porcentaje,anual,SBS
2025-11-23,Moneda Extranjera (TAMEX),9.75,porcentaje,anual,SBS
2025-11-24,Moneda Nacional (TAMN),15.71,porcentaje,anual,SBS
2025-11-24,Moneda Nacional (TAMN+1),16.71,porcentaje,anual,SBS
2025-11-24,Moneda Nacional (TAMN+2),17.71,porcentaje,anual,SBS
2025-11-24,Moneda Extranjera (TAMEX),9.75,porcentaje,anual,SBS
2025-11-25,Moneda Nacional (TAMN),15.7,porcentaje,anual,SBS
2025-11-25,Moneda Nacional (TAMN+1),16.7,porcentaje,anual,SBS
2025-11-25,Moneda Nacional (TAMN+2),17.7,porcentaje,anual,SBS
2025-11-25,Moneda Extranjera (TAMEX),9.76,porcentaje,anual,SBS
2025-11-26,Moneda Nacional (TAMN),15.81,porcentaje,anual,SBS
2025-11-26,Moneda Nacional (TAMN+1),16.81,porcentaje,anual,SBS
2025-11-26,Moneda Nacional (TAMN+2),17.81,porcentaje,anual,SBS
2025-11-26,Moneda Extranjera (TAMEX),9.81,porcentaje,anual,SBS
2025-11-27,Moneda Nacional (TAMN),15.84,porcentaje,anual,SBS
2025-11-27,Moneda Nacional (TAMN+1),16.84,porcentaje,anual,SBS
2025-11-27,Moneda Nacional (TAMN+2),17.84,porcentaje,anual,SBS
2025-11-27,Moneda Extranjera (TAMEX),9.84,porcentaje,anual,SBS
2025-11-28,Moneda Nacional (TAMN),15.85,porcentaje,anual,SBS
2025-11-28,Moneda Nacional (TAMN+1),16.85,porcentaje,anual,SBS
2025-11-28,Moneda Nacional (TAMN+2),17.85,porcentaje,anual,SBS
2025-11-28,Moneda Extranjera (TAMEX),9.81,porcentaje,anual,SBS
2025-11-29,Moneda Nacional (TAMN),15.86,porcentaje,anual,SBS
2025-11-29,Moneda Nacional (TAMN+1),16.86,porcentaje,anual,SBS
2025-11-29,Moneda Nacional (TAMN+2),17.86,porcentaje,anual,SBS
2025-11-29,Moneda Extranjera (TAMEX),9.82,porcentaje,anual,SBS
2025-11-30,Moneda Nacional (TAMN),15.86,porcentaje,anual,SBS
2025-11-30,Moneda Nacional (TAMN+1),16.86,porcentaje,anual,SBS
2025-11-30,Moneda Nacional (TAMN+2),17.86,porcentaje,anual,SBS
2025-11-30,Moneda Extranjera (TAMEX),9.82,porcentaje,anual,SBS
2025-12-01,Moneda Nacional (TAMN),15.86,porcentaje,anual,SBS
2025-12-01,Moneda Nacional (TAMN+1),16.86,porcentaje,anual,SBS
2025-12-01,Moneda Nacional (TAMN+2),17.86,porcentaje,anual,SBS
2025-12-01,Moneda Extranjera (TAMEX),9.82,porcentaje,anual,SBS
2025-12-02,Moneda Nacional (TAMN),15.85,porcentaje,anual,SBS
2025-12-02,Moneda Nacional (TAMN+1),16.85,porcentaje,anual,SBS
2025-12-02,Moneda Nacional (TAMN+2),17.85,porcentaje,anual,SBS
2025-12-02,Moneda Extranjera (TAMEX),9.86,porcentaje,anual,SBS
2025-12-03,Moneda Nacional (TAMN),15.94,porcentaje,anual,SBS
2025-12-03,Moneda Nacional (TAMN+1),16.94,porcentaje,anual,SBS
2025-12-03,Moneda Nacional (TAMN+2),17.94,porcentaje,anual,SBS
2025-12-03,Moneda Extranjera (TAMEX),9.96,porcentaje,anual,SBS
2025-12-04,Moneda Nacional (TAMN),15.92,porcentaje,anual,SBS
2025-12-04,Moneda Nacional (TAMN+1),16.92,porcentaje,anual,SBS
2025-12-04,Moneda Nacional (TAMN+2),17.92,porcentaje,anual,SBS
2025-12-04,Moneda Extranjera (TAMEX),9.98,porcentaje,anual,SBS
2025-12-05,Moneda Nacional (TAMN),15.9,porcentaje,anual,SBS
2025-12-05,Moneda Nacional (TAMN+1),16.9,porcentaje,anual,SBS
2025-12-05,Moneda Nacional (TAMN+2),17.9,porcentaje,anual,SBS
2025-12-05,Moneda Extranjera (TAMEX),9.97,porcentaje,anual,SBS
2025-12-06,Moneda Nacional (TAMN),15.88,porcentaje,anual,SBS
2025-12-06,Moneda Nacional (TAMN+1),16.88,porcentaje,anual,SBS
2025-12-06,Moneda Nacional (TAMN+2),17.88,porcentaje,anual,SBS
2025-12-06,Moneda Extranjera (TAMEX),9.95,porcentaje,anual,SBS
2025-12-07,Moneda Nacional (TAMN),15.88,porcentaje,anual,SBS
2025-12-07,Moneda Nacional (TAMN+1),16.88,porcentaje,anual,SBS
2025-12-07,Moneda Nacional (TAMN+2),17.88,porcentaje,anual,SBS
2025-12-07,Moneda Extranjera (TAMEX),9.95,porcentaje,anual,SBS
2025-12-08,Moneda Nacional (TAMN),15.88,porcentaje,anual,SBS
2025-12-08,Moneda Nacional (TAMN+1),16.88,porcentaje,anual,SBS
2025-12-08,Moneda Nacional (TAMN+2),17.88,porcentaje,anual,SBS
2025-12-08,Moneda Extranjera (TAMEX),9.95,porcentaje,anual,SBS
2025-12-09,Moneda Nacional (TAMN),15.88,porcentaje,anual,SBS
2025-12-09,Moneda Nacional (TAMN+1),16.88,porcentaje,anual,SBS
2025-12-09,Moneda Nacional (TAMN+2),17.88,porcentaje,anual,SBS
2025-12-09,Moneda Extranjera (TAMEX),9.95,porcentaje,anual,SBS
2025-12-10,Moneda Nacional (TAMN),15.88,porcentaje,anual,SBS
2025-12-10,Moneda Nacional (TAMN+1),16.88,porcentaje,anual,SBS
2025-12-10,Moneda Nacional (TAMN+2),17.88,porcentaje,anual,SBS
2025-12-10,Moneda Extranjera (TAMEX),9.95,porcentaje,anual,SBS
2025-12-11,Moneda Nacional (TAMN),15.77,porcentaje,anual,SBS
2025-12-11,Moneda Nacional (TAMN+1),16.77,porcentaje,anual,SBS
2025-12-11,Moneda Nacional (TAMN+2),17.77,porcentaje,anual,SBS
2025-12-11,Moneda Extranjera (TAMEX),9.88,porcentaje,anual,SBS
2025-12-12,Moneda Nacional (TAMN),15.86,porcentaje,anual,SBS
2025-12-12,Moneda Nacional (TAMN+1),16.86,porcentaje,anual,SBS
2025-12-12,Moneda Nacional (TAMN+2),17.86,porcentaje,anual,SBS
2025-12-12,Moneda Extranjera (TAMEX),9.94,porcentaje,anual,SBS
2025-12-13,Moneda Nacional (TAMN),15.89,porcentaje,anual,SBS
2025-12-13,Moneda Nacional (TAMN+1),16.89,porcentaje,anual,SBS
2025-12-13,Moneda Nacional (TAMN+2),17.89,porcentaje,anual,SBS
2025-12-13,Moneda Extranjera (TAMEX),9.93,porcentaje,anual,SBS
2025-12-14,Moneda Nacional (TAMN),15.89,porcentaje,anual,SBS
2025-12-14,Moneda Nacional (TAMN+1),16.89,porcentaje,anual,SBS
2025-12-14,Moneda Nacional (TAMN+2),17.89,porcentaje,anual,SBS
2025-12-14,Moneda Extranjera (TAMEX),9.93,porcentaje,anual,SBS
2025-12-15,Moneda Nacional (TAMN),15.89,porcentaje,anual,SBS
2025-12-15,Moneda Nacional (TAMN+1),16.89,porcentaje,anual,SBS
2025-12-15,Moneda Nacional (TAMN+2),17.89,porcentaje,anual,SBS
2025-12-15,Moneda Extranjera (TAMEX),9.93,porcentaje,anual,SBS
2025-12-16,Moneda Nacional (TAMN),15.87,porcentaje,anual,SBS
2025-12-16,Moneda Nacional (TAMN+1),16.87,porcentaje,anual,SBS
2025-12-16,Moneda Nacional (TAMN+2),17.87,porcentaje,anual,SBS
2025-12-16,Moneda Extranjera (TAMEX),9.91,porcentaje,anual,SBS
2025-12-17,Moneda Nacional (TAMN),15.86,porcentaje,anual,SBS
2025-12-17,Moneda Nacional (TAMN+1),16.86,porcentaje,anual,SBS
2025-12-17,Moneda Nacional (TAMN+2),17.86,porcentaje,anual,SBS
2025-12-17,Moneda Extranjera (TAMEX),9.87,porcentaje,anual,SBS
2025-12-18,Moneda Nacional (TAMN),15.8,porcentaje,anual,SBS
2025-12-18,Moneda Nacional (TAMN+1),16.8,porcentaje,anual,SBS
2025-12-18,Moneda Nacional (TAMN+2),17.8,porcentaje,anual,SBS
2025-12-18,Moneda Extranjera (TAMEX),9.84,porcentaje,anual,SBS
2025-12-19,Moneda Nacional (TAMN),15.77,porcentaje,anual,SBS
2025-12-19,Moneda Nacional (TAMN+1),16.77,porcentaje,anual,SBS
2025-12-19,Moneda Nacional (TAMN+2),17.77,porcentaje,anual,SBS
2025-12-19,Moneda Extranjera (TAMEX),9.81,porcentaje,anual,SBS
